{"type":"FeatureCollection","features":[{"type":"Feature","id":"g0-0","properties":{"lst_mean_c":43.72,"ndvi_mean":0.533,"green_share_pct":94.5,"hot_share_pct":0.0,"coverage_pct":86.9,"valid_pixels":73},"geometry":{"type":"Polygon","coordinates":[[[118.672454,31.989557],[118.677744,31.989487],[118.677826,31.993996],[118.672535,31.994066],[118.672454,31.989557]]]}},{"type":"Feature","id":"g4-0","properties":{"lst_mean_c":45.2,"ndvi_mean":0.473,"green_share_pct":80.1,"hot_share_pct":16.9,"coverage_pct":97.1,"valid_pixels":231},"geometry":{"type":"Polygon","coordinates":[[[118.693616,31.989276],[118.698907,31.989205],[118.69899,31.993714],[118.693699,31.993785],[118.693616,31.989276]]]}},{"type":"Feature","id":"g5-0","properties":{"lst_mean_c":48.09,"ndvi_mean":0.325,"green_share_pct":53.0,"hot_share_pct":54.3,"coverage_pct":98.3,"valid_pixels":234},"geometry":{"type":"Polygon","coordinates":[[[118.698907,31.989205],[118.704197,31.989134],[118.70428,31.993643],[118.69899,31.993714],[118.698907,31.989205]]]}},{"type":"Feature","id":"g6-0","properties":{"lst_mean_c":52.26,"ndvi_mean":0.215,"green_share_pct":22.6,"hot_share_pct":88.9,"coverage_pct":92.9,"valid_pixels":208},"geometry":{"type":"Polygon","coordinates":[[[118.704197,31.989134],[118.709488,31.989063],[118.709571,31.993572],[118.70428,31.993643],[118.704197,31.989134]]]}},{"type":"Feature","id":"g7-0","properties":{"lst_mean_c":46.95,"ndvi_mean":0.356,"green_share_pct":58.5,"hot_share_pct":26.7,"coverage_pct":91.2,"valid_pixels":217},"geometry":{"type":"Polygon","coordinates":[[[118.709488,31.989063],[118.714778,31.988992],[118.714862,31.993501],[118.709571,31.993572],[118.709488,31.989063]]]}},{"type":"Feature","id":"g8-0","properties":{"lst_mean_c":43.98,"ndvi_mean":0.515,"green_share_pct":89.2,"hot_share_pct":0.0,"coverage_pct":70.2,"valid_pixels":167},"geometry":{"type":"Polygon","coordinates":[[[118.714778,31.988992],[118.720069,31.98892],[118.720153,31.993429],[118.714862,31.993501],[118.714778,31.988992]]]}},{"type":"Feature","id":"g9-0","properties":{"lst_mean_c":45.47,"ndvi_mean":0.474,"green_share_pct":82.1,"hot_share_pct":8.0,"coverage_pct":100.0,"valid_pixels":224},"geometry":{"type":"Polygon","coordinates":[[[118.720069,31.98892],[118.725359,31.988848],[118.725444,31.993357],[118.720153,31.993429],[118.720069,31.98892]]]}},{"type":"Feature","id":"g10-0","properties":{"lst_mean_c":46.89,"ndvi_mean":0.31,"green_share_pct":48.7,"hot_share_pct":15.1,"coverage_pct":100.0,"valid_pixels":238},"geometry":{"type":"Polygon","coordinates":[[[118.725359,31.988848],[118.73065,31.988776],[118.730734,31.993285],[118.725444,31.993357],[118.725359,31.988848]]]}},{"type":"Feature","id":"g12-0","properties":{"lst_mean_c":47.68,"ndvi_mean":0.411,"green_share_pct":73.6,"hot_share_pct":22.5,"coverage_pct":81.2,"valid_pixels":182},"geometry":{"type":"Polygon","coordinates":[[[118.73594,31.988704],[118.74123,31.988632],[118.741316,31.99314],[118.736025,31.993213],[118.73594,31.988704]]]}},{"type":"Feature","id":"g13-0","properties":{"lst_mean_c":46.81,"ndvi_mean":0.484,"green_share_pct":84.0,"hot_share_pct":24.4,"coverage_pct":100.0,"valid_pixels":238},"geometry":{"type":"Polygon","coordinates":[[[118.74123,31.988632],[118.746521,31.988559],[118.746606,31.993068],[118.741316,31.99314],[118.74123,31.988632]]]}},{"type":"Feature","id":"g14-0","properties":{"lst_mean_c":46.06,"ndvi_mean":0.5,"green_share_pct":92.4,"hot_share_pct":6.3,"coverage_pct":100.0,"valid_pixels":238},"geometry":{"type":"Polygon","coordinates":[[[118.746521,31.988559],[118.751811,31.988486],[118.751897,31.992995],[118.746606,31.993068],[118.746521,31.988559]]]}},{"type":"Feature","id":"g15-0","properties":{"lst_mean_c":43.38,"ndvi_mean":0.577,"green_share_pct":95.1,"hot_share_pct":0.0,"coverage_pct":90.6,"valid_pixels":203},"geometry":{"type":"Polygon","coordinates":[[[118.751811,31.988486],[118.757101,31.988413],[118.757187,31.992921],[118.751897,31.992995],[118.751811,31.988486]]]}},{"type":"Feature","id":"g17-0","properties":{"lst_mean_c":45.85,"ndvi_mean":0.49,"green_share_pct":79.1,"hot_share_pct":17.8,"coverage_pct":80.3,"valid_pixels":191},"geometry":{"type":"Polygon","coordinates":[[[118.762392,31.988339],[118.767682,31.988266],[118.767769,31.992774],[118.762478,31.992848],[118.762392,31.988339]]]}},{"type":"Feature","id":"g21-0","properties":{"lst_mean_c":45.41,"ndvi_mean":0.567,"green_share_pct":98.5,"hot_share_pct":2.2,"coverage_pct":61.2,"valid_pixels":137},"geometry":{"type":"Polygon","coordinates":[[[118.783553,31.988044],[118.788843,31.987969],[118.788931,31.992478],[118.78364,31.992552],[118.783553,31.988044]]]}},{"type":"Feature","id":"g25-0","properties":{"lst_mean_c":48.31,"ndvi_mean":0.321,"green_share_pct":48.6,"hot_share_pct":50.8,"coverage_pct":76.1,"valid_pixels":181},"geometry":{"type":"Polygon","coordinates":[[[118.804714,31.987744],[118.810004,31.987669],[118.810093,31.992178],[118.804802,31.992253],[118.804714,31.987744]]]}},{"type":"Feature","id":"g26-0","properties":{"lst_mean_c":46.8,"ndvi_mean":0.308,"green_share_pct":47.4,"hot_share_pct":8.6,"coverage_pct":97.5,"valid_pixels":232},"geometry":{"type":"Polygon","coordinates":[[[118.810004,31.987669],[118.815294,31.987593],[118.815383,31.992102],[118.810093,31.992178],[118.810004,31.987669]]]}},{"type":"Feature","id":"g27-0","properties":{"lst_mean_c":47.07,"ndvi_mean":0.274,"green_share_pct":32.1,"hot_share_pct":14.3,"coverage_pct":100.0,"valid_pixels":224},"geometry":{"type":"Polygon","coordinates":[[[118.815294,31.987593],[118.820584,31.987518],[118.820673,31.992026],[118.815383,31.992102],[118.815294,31.987593]]]}},{"type":"Feature","id":"g29-0","properties":{"lst_mean_c":51.04,"ndvi_mean":0.324,"green_share_pct":40.6,"hot_share_pct":67.9,"coverage_pct":69.3,"valid_pixels":165},"geometry":{"type":"Polygon","coordinates":[[[118.825874,31.987442],[118.831164,31.987365],[118.831254,31.991874],[118.825964,31.99195],[118.825874,31.987442]]]}},{"type":"Feature","id":"g31-0","properties":{"lst_mean_c":45.12,"ndvi_mean":0.515,"green_share_pct":81.6,"hot_share_pct":17.8,"coverage_pct":73.1,"valid_pixels":174},"geometry":{"type":"Polygon","coordinates":[[[118.836454,31.987289],[118.841744,31.987212],[118.841835,31.991721],[118.836544,31.991797],[118.836454,31.987289]]]}},{"type":"Feature","id":"g32-0","properties":{"lst_mean_c":44.15,"ndvi_mean":0.517,"green_share_pct":83.9,"hot_share_pct":19.5,"coverage_pct":99.2,"valid_pixels":236},"geometry":{"type":"Polygon","coordinates":[[[118.841744,31.987212],[118.847035,31.987135],[118.847125,31.991644],[118.841835,31.991721],[118.841744,31.987212]]]}},{"type":"Feature","id":"g35-0","properties":{"lst_mean_c":49.35,"ndvi_mean":0.311,"green_share_pct":41.2,"hot_share_pct":66.4,"coverage_pct":100.0,"valid_pixels":238},"geometry":{"type":"Polygon","coordinates":[[[118.857614,31.986981],[118.862904,31.986903],[118.862996,31.991412],[118.857705,31.991489],[118.857614,31.986981]]]}},{"type":"Feature","id":"g36-0","properties":{"lst_mean_c":51.63,"ndvi_mean":0.298,"green_share_pct":46.4,"hot_share_pct":97.3,"coverage_pct":100.0,"valid_pixels":224},"geometry":{"type":"Polygon","coordinates":[[[118.862904,31.986903],[118.868194,31.986825],[118.868286,31.991334],[118.862996,31.991412],[118.862904,31.986903]]]}},{"type":"Feature","id":"g37-0","properties":{"lst_mean_c":49.66,"ndvi_mean":0.297,"green_share_pct":41.2,"hot_share_pct":81.5,"coverage_pct":100.0,"valid_pixels":238},"geometry":{"type":"Polygon","coordinates":[[[118.868194,31.986825],[118.873484,31.986747],[118.873576,31.991256],[118.868286,31.991334],[118.868194,31.986825]]]}},{"type":"Feature","id":"g38-0","properties":{"lst_mean_c":47.55,"ndvi_mean":0.38,"green_share_pct":61.8,"hot_share_pct":31.5,"coverage_pct":100.0,"valid_pixels":238},"geometry":{"type":"Polygon","coordinates":[[[118.873484,31.986747],[118.878774,31.986669],[118.878866,31.991178],[118.873576,31.991256],[118.873484,31.986747]]]}},{"type":"Feature","id":"g39-0","properties":{"lst_mean_c":52.47,"ndvi_mean":0.246,"green_share_pct":24.6,"hot_share_pct":96.0,"coverage_pct":100.0,"valid_pixels":224},"geometry":{"type":"Polygon","coordinates":[[[118.878774,31.986669],[118.884064,31.986591],[118.884156,31.991099],[118.878866,31.991178],[118.878774,31.986669]]]}},{"type":"Feature","id":"g40-0","properties":{"lst_mean_c":51.45,"ndvi_mean":0.216,"green_share_pct":12.6,"hot_share_pct":85.7,"coverage_pct":100.0,"valid_pixels":238},"geometry":{"type":"Polygon","coordinates":[[[118.884064,31.986591],[118.889354,31.986512],[118.889446,31.99102],[118.884156,31.991099],[118.884064,31.986591]]]}},{"type":"Feature","id":"g41-0","properties":{"lst_mean_c":43.52,"ndvi_mean":0.546,"green_share_pct":91.6,"hot_share_pct":0.0,"coverage_pct":100.0,"valid_pixels":238},"geometry":{"type":"Polygon","coordinates":[[[118.889354,31.986512],[118.894644,31.986433],[118.894736,31.990942],[118.889446,31.99102],[118.889354,31.986512]]]}},{"type":"Feature","id":"g42-0","properties":{"lst_mean_c":42.1,"ndvi_mean":0.649,"green_share_pct":98.6,"hot_share_pct":0.0,"coverage_pct":98.2,"valid_pixels":220},"geometry":{"type":"Polygon","coordinates":[[[118.894644,31.986433],[118.899934,31.986354],[118.900027,31.990862],[118.894736,31.990942],[118.894644,31.986433]]]}},{"type":"Feature","id":"g43-0","properties":{"lst_mean_c":39.33,"ndvi_mean":0.737,"green_share_pct":99.2,"hot_share_pct":0.0,"coverage_pct":100.0,"valid_pixels":238},"geometry":{"type":"Polygon","coordinates":[[[118.899934,31.986354],[118.905223,31.986275],[118.905317,31.990783],[118.900027,31.990862],[118.899934,31.986354]]]}},{"type":"Feature","id":"g44-0","properties":{"lst_mean_c":38.17,"ndvi_mean":0.819,"green_share_pct":100.0,"hot_share_pct":0.0,"coverage_pct":100.0,"valid_pixels":238},"geometry":{"type":"Polygon","coordinates":[[[118.905223,31.986275],[118.910513,31.986195],[118.910607,31.990704],[118.905317,31.990783],[118.905223,31.986275]]]}},{"type":"Feature","id":"g45-0","properties":{"lst_mean_c":39.23,"ndvi_mean":0.769,"green_share_pct":100.0,"hot_share_pct":0.0,"coverage_pct":100.0,"valid_pixels":224},"geometry":{"type":"Polygon","coordinates":[[[118.910513,31.986195],[118.915803,31.986115],[118.915897,31.990624],[118.910607,31.990704],[118.910513,31.986195]]]}},{"type":"Feature","id":"g46-0","properties":{"lst_mean_c":40.45,"ndvi_mean":0.748,"green_share_pct":100.0,"hot_share_pct":0.0,"coverage_pct":86.6,"valid_pixels":206},"geometry":{"type":"Polygon","coordinates":[[[118.915803,31.986115],[118.921093,31.986035],[118.921187,31.990544],[118.915897,31.990624],[118.915803,31.986115]]]}},{"type":"Feature","id":"g47-0","properties":{"lst_mean_c":40.73,"ndvi_mean":0.714,"green_share_pct":100.0,"hot_share_pct":0.0,"coverage_pct":100.0,"valid_pixels":238},"geometry":{"type":"Polygon","coordinates":[[[118.921093,31.986035],[118.926382,31.985955],[118.926477,31.990464],[118.921187,31.990544],[118.921093,31.986035]]]}},{"type":"Feature","id":"g48-0","properties":{"lst_mean_c":40.57,"ndvi_mean":0.681,"green_share_pct":100.0,"hot_share_pct":0.0,"coverage_pct":100.0,"valid_pixels":224},"geometry":{"type":"Polygon","coordinates":[[[118.926382,31.985955],[118.931672,31.985875],[118.931767,31.990383],[118.926477,31.990464],[118.926382,31.985955]]]}},{"type":"Feature","id":"g49-0","properties":{"lst_mean_c":37.61,"ndvi_mean":0.785,"green_share_pct":100.0,"hot_share_pct":0.0,"coverage_pct":100.0,"valid_pixels":238},"geometry":{"type":"Polygon","coordinates":[[[118.931672,31.985875],[118.936962,31.985794],[118.937056,31.990302],[118.931767,31.990383],[118.931672,31.985875]]]}},{"type":"Feature","id":"g50-0","properties":{"lst_mean_c":38.89,"ndvi_mean":0.781,"green_share_pct":100.0,"hot_share_pct":0.0,"coverage_pct":100.0,"valid_pixels":238},"geometry":{"type":"Polygon","coordinates":[[[118.936962,31.985794],[118.942251,31.985713],[118.942346,31.990222],[118.937056,31.990302],[118.936962,31.985794]]]}},{"type":"Feature","id":"g51-0","properties":{"lst_mean_c":36.37,"ndvi_mean":0.827,"green_share_pct":100.0,"hot_share_pct":0.0,"coverage_pct":100.0,"valid_pixels":224},"geometry":{"type":"Polygon","coordinates":[[[118.942251,31.985713],[118.947541,31.985632],[118.947636,31.99014],[118.942346,31.990222],[118.942251,31.985713]]]}},{"type":"Feature","id":"g52-0","properties":{"lst_mean_c":35.48,"ndvi_mean":0.832,"green_share_pct":100.0,"hot_share_pct":0.0,"coverage_pct":100.0,"valid_pixels":112},"geometry":{"type":"Polygon","coordinates":[[[118.947541,31.985632],[118.952831,31.985551],[118.952926,31.990059],[118.947636,31.99014],[118.947541,31.985632]]]}},{"type":"Feature","id":"g0-1","properties":{"lst_mean_c":42.82,"ndvi_mean":0.673,"green_share_pct":100.0,"hot_share_pct":0.0,"coverage_pct":100.0,"valid_pixels":96},"geometry":{"type":"Polygon","coordinates":[[[118.672535,31.994066],[118.677826,31.993996],[118.677908,31.998505],[118.672617,31.998575],[118.672535,31.994066]]]}},{"type":"Feature","id":"g1-1","properties":{"lst_mean_c":44.12,"ndvi_mean":0.591,"green_share_pct":97.8,"hot_share_pct":0.0,"coverage_pct":100.0,"valid_pixels":272},"geometry":{"type":"Polygon","coordinates":[[[118.677826,31.993996],[118.683117,31.993926],[118.6832,31.998435],[118.677908,31.998505],[118.677826,31.993996]]]}},{"type":"Feature","id":"g2-1","properties":{"lst_mean_c":41.85,"ndvi_mean":0.531,"green_share_pct":91.8,"hot_share_pct":0.0,"coverage_pct":85.3,"valid_pixels":232},"geometry":{"type":"Polygon","coordinates":[[[118.683117,31.993926],[118.688408,31.993856],[118.688491,31.998365],[118.6832,31.998435],[118.683117,31.993926]]]}},{"type":"Feature","id":"g8-1","properties":{"lst_mean_c":46.55,"ndvi_mean":0.36,"green_share_pct":57.8,"hot_share_pct":13.8,"coverage_pct":98.5,"valid_pixels":268},"geometry":{"type":"Polygon","coordinates":[[[118.714862,31.993501],[118.720153,31.993429],[118.720237,31.997938],[118.714946,31.99801],[118.714862,31.993501]]]}},{"type":"Feature","id":"g9-1","properties":{"lst_mean_c":46.11,"ndvi_mean":0.435,"green_share_pct":76.6,"hot_share_pct":5.5,"coverage_pct":100.0,"valid_pixels":256},"geometry":{"type":"Polygon","coordinates":[[[118.720153,31.993429],[118.725444,31.993357],[118.725528,31.997866],[118.720237,31.997938],[118.720153,31.993429]]]}},{"type":"Feature","id":"g10-1","properties":{"lst_mean_c":45.62,"ndvi_mean":0.46,"green_share_pct":79.0,"hot_share_pct":5.1,"coverage_pct":100.0,"valid_pixels":272},"geometry":{"type":"Polygon","coordinates":[[[118.725444,31.993357],[118.730734,31.993285],[118.730819,31.997794],[118.725528,31.997866],[118.725444,31.993357]]]}},{"type":"Feature","id":"g11-1","properties":{"lst_mean_c":45.88,"ndvi_mean":0.451,"green_share_pct":77.8,"hot_share_pct":3.6,"coverage_pct":82.7,"valid_pixels":225},"geometry":{"type":"Polygon","coordinates":[[[118.730734,31.993285],[118.736025,31.993213],[118.73611,31.997722],[118.730819,31.997794],[118.730734,31.993285]]]}},{"type":"Feature","id":"g14-1","properties":{"lst_mean_c":46.61,"ndvi_mean":0.556,"green_share_pct":93.2,"hot_share_pct":22.6,"coverage_pct":86.4,"valid_pixels":235},"geometry":{"type":"Polygon","coordinates":[[[118.746606,31.993068],[118.751897,31.992995],[118.751983,31.997503],[118.746692,31.997576],[118.746606,31.993068]]]}},{"type":"Feature","id":"g17-1","properties":{"lst_mean_c":49.61,"ndvi_mean":0.335,"green_share_pct":51.2,"hot_share_pct":61.9,"coverage_pct":95.6,"valid_pixels":260},"geometry":{"type":"Polygon","coordinates":[[[118.762478,31.992848],[118.767769,31.992774],[118.767855,31.997283],[118.762564,31.997357],[118.762478,31.992848]]]}},{"type":"Feature","id":"g26-1","properties":{"lst_mean_c":45.42,"ndvi_mean":0.441,"green_share_pct":63.3,"hot_share_pct":9.7,"coverage_pct":91.2,"valid_pixels":248},"geometry":{"type":"Polygon","coordinates":[[[118.810093,31.992178],[118.815383,31.992102],[118.815472,31.996611],[118.810181,31.996686],[118.810093,31.992178]]]}},{"type":"Feature","id":"g27-1","properties":{"lst_mean_c":47.44,"ndvi_mean":0.322,"green_share_pct":45.7,"hot_share_pct":25.9,"coverage_pct":77.0,"valid_pixels":197},"geometry":{"type":"Polygon","coordinates":[[[118.815383,31.992102],[118.820673,31.992026],[118.820762,31.996535],[118.815472,31.996611],[118.815383,31.992102]]]}},{"type":"Feature","id":"g29-1","properties":{"lst_mean_c":50.05,"ndvi_mean":0.361,"green_share_pct":61.4,"hot_share_pct":72.8,"coverage_pct":100.0,"valid_pixels":272},"geometry":{"type":"Polygon","coordinates":[[[118.825964,31.99195],[118.831254,31.991874],[118.831344,31.996383],[118.826053,31.996459],[118.825964,31.99195]]]}},{"type":"Feature","id":"g30-1","properties":{"lst_mean_c":45.91,"ndvi_mean":0.399,"green_share_pct":69.6,"hot_share_pct":27.1,"coverage_pct":83.6,"valid_pixels":214},"geometry":{"type":"Polygon","coordinates":[[[118.831254,31.991874],[118.836544,31.991797],[118.836634,31.996306],[118.831344,31.996383],[118.831254,31.991874]]]}},{"type":"Feature","id":"g31-1","properties":{"lst_mean_c":41.15,"ndvi_mean":0.625,"green_share_pct":98.5,"hot_share_pct":0.0,"coverage_pct":99.3,"valid_pixels":270},"geometry":{"type":"Polygon","coordinates":[[[118.836544,31.991797],[118.841835,31.991721],[118.841925,31.996229],[118.836634,31.996306],[118.836544,31.991797]]]}},{"type":"Feature","id":"g32-1","properties":{"lst_mean_c":43.67,"ndvi_mean":0.606,"green_share_pct":98.5,"hot_share_pct":1.1,"coverage_pct":100.0,"valid_pixels":272},"geometry":{"type":"Polygon","coordinates":[[[118.841835,31.991721],[118.847125,31.991644],[118.847215,31.996152],[118.841925,31.996229],[118.841835,31.991721]]]}},{"type":"Feature","id":"g33-1","properties":{"lst_mean_c":46.13,"ndvi_mean":0.451,"green_share_pct":74.5,"hot_share_pct":30.9,"coverage_pct":64.5,"valid_pixels":165},"geometry":{"type":"Polygon","coordinates":[[[118.847125,31.991644],[118.852415,31.991567],[118.852506,31.996075],[118.847215,31.996152],[118.847125,31.991644]]]}},{"type":"Feature","id":"g35-1","properties":{"lst_mean_c":49.96,"ndvi_mean":0.414,"green_share_pct":70.6,"hot_share_pct":69.5,"coverage_pct":100.0,"valid_pixels":272},"geometry":{"type":"Polygon","coordinates":[[[118.857705,31.991489],[118.862996,31.991412],[118.863087,31.99592],[118.857796,31.995998],[118.857705,31.991489]]]}},{"type":"Feature","id":"g36-1","properties":{"lst_mean_c":50.9,"ndvi_mean":0.391,"green_share_pct":71.5,"hot_share_pct":81.2,"coverage_pct":100.0,"valid_pixels":256},"geometry":{"type":"Polygon","coordinates":[[[118.862996,31.991412],[118.868286,31.991334],[118.868377,31.995842],[118.863087,31.99592],[118.862996,31.991412]]]}},{"type":"Feature","id":"g37-1","properties":{"lst_mean_c":51.09,"ndvi_mean":0.4,"green_share_pct":73.5,"hot_share_pct":93.0,"coverage_pct":100.0,"valid_pixels":272},"geometry":{"type":"Polygon","coordinates":[[[118.868286,31.991334],[118.873576,31.991256],[118.873668,31.995764],[118.868377,31.995842],[118.868286,31.991334]]]}},{"type":"Feature","id":"g38-1","properties":{"lst_mean_c":49.64,"ndvi_mean":0.36,"green_share_pct":61.8,"hot_share_pct":63.6,"coverage_pct":100.0,"valid_pixels":272},"geometry":{"type":"Polygon","coordinates":[[[118.873576,31.991256],[118.878866,31.991178],[118.878958,31.995686],[118.873668,31.995764],[118.873576,31.991256]]]}},{"type":"Feature","id":"g39-1","properties":{"lst_mean_c":50.46,"ndvi_mean":0.332,"green_share_pct":43.4,"hot_share_pct":77.7,"coverage_pct":100.0,"valid_pixels":256},"geometry":{"type":"Polygon","coordinates":[[[118.878866,31.991178],[118.884156,31.991099],[118.884248,31.995608],[118.878958,31.995686],[118.878866,31.991178]]]}},{"type":"Feature","id":"g40-1","properties":{"lst_mean_c":50.17,"ndvi_mean":0.354,"green_share_pct":49.3,"hot_share_pct":71.3,"coverage_pct":100.0,"valid_pixels":272},"geometry":{"type":"Polygon","coordinates":[[[118.884156,31.991099],[118.889446,31.99102],[118.889539,31.995529],[118.884248,31.995608],[118.884156,31.991099]]]}},{"type":"Feature","id":"g41-1","properties":{"lst_mean_c":41.87,"ndvi_mean":0.661,"green_share_pct":98.5,"hot_share_pct":0.0,"coverage_pct":100.0,"valid_pixels":272},"geometry":{"type":"Polygon","coordinates":[[[118.889446,31.99102],[118.894736,31.990942],[118.894829,31.99545],[118.889539,31.995529],[118.889446,31.99102]]]}},{"type":"Feature","id":"g42-1","properties":{"lst_mean_c":42.65,"ndvi_mean":0.655,"green_share_pct":96.9,"hot_share_pct":3.9,"coverage_pct":100.0,"valid_pixels":256},"geometry":{"type":"Polygon","coordinates":[[[118.894736,31.990942],[118.900027,31.990862],[118.90012,31.995371],[118.894829,31.99545],[118.894736,31.990942]]]}},{"type":"Feature","id":"g43-1","properties":{"lst_mean_c":41.68,"ndvi_mean":0.705,"green_share_pct":99.3,"hot_share_pct":0.0,"coverage_pct":100.0,"valid_pixels":272},"geometry":{"type":"Polygon","coordinates":[[[118.900027,31.990862],[118.905317,31.990783],[118.90541,31.995292],[118.90012,31.995371],[118.900027,31.990862]]]}},{"type":"Feature","id":"g44-1","properties":{"lst_mean_c":40.32,"ndvi_mean":0.729,"green_share_pct":98.6,"hot_share_pct":0.0,"coverage_pct":76.5,"valid_pixels":208},"geometry":{"type":"Polygon","coordinates":[[[118.905317,31.990783],[118.910607,31.990704],[118.9107,31.995212],[118.90541,31.995292],[118.905317,31.990783]]]}},{"type":"Feature","id":"g45-1","properties":{"lst_mean_c":39.11,"ndvi_mean":0.809,"green_share_pct":100.0,"hot_share_pct":0.0,"coverage_pct":100.0,"valid_pixels":256},"geometry":{"type":"Polygon","coordinates":[[[118.910607,31.990704],[118.915897,31.990624],[118.91599,31.995132],[118.9107,31.995212],[118.910607,31.990704]]]}},{"type":"Feature","id":"g47-1","properties":{"lst_mean_c":39.75,"ndvi_mean":0.731,"green_share_pct":98.2,"hot_share_pct":0.0,"coverage_pct":100.0,"valid_pixels":272},"geometry":{"type":"Polygon","coordinates":[[[118.921187,31.990544],[118.926477,31.990464],[118.926571,31.994972],[118.921281,31.995052],[118.921187,31.990544]]]}},{"type":"Feature","id":"g48-1","properties":{"lst_mean_c":38.15,"ndvi_mean":0.799,"green_share_pct":100.0,"hot_share_pct":0.0,"coverage_pct":100.0,"valid_pixels":256},"geometry":{"type":"Polygon","coordinates":[[[118.926477,31.990464],[118.931767,31.990383],[118.931861,31.994891],[118.926571,31.994972],[118.926477,31.990464]]]}},{"type":"Feature","id":"g49-1","properties":{"lst_mean_c":40.03,"ndvi_mean":0.718,"green_share_pct":100.0,"hot_share_pct":0.0,"coverage_pct":100.0,"valid_pixels":272},"geometry":{"type":"Polygon","coordinates":[[[118.931767,31.990383],[118.937056,31.990302],[118.937151,31.994811],[118.931861,31.994891],[118.931767,31.990383]]]}},{"type":"Feature","id":"g50-1","properties":{"lst_mean_c":42.35,"ndvi_mean":0.664,"green_share_pct":100.0,"hot_share_pct":4.4,"coverage_pct":100.0,"valid_pixels":272},"geometry":{"type":"Polygon","coordinates":[[[118.937056,31.990302],[118.942346,31.990222],[118.942441,31.99473],[118.937151,31.994811],[118.937056,31.990302]]]}},{"type":"Feature","id":"g51-1","properties":{"lst_mean_c":36.91,"ndvi_mean":0.829,"green_share_pct":100.0,"hot_share_pct":0.0,"coverage_pct":100.0,"valid_pixels":256},"geometry":{"type":"Polygon","coordinates":[[[118.942346,31.990222],[118.947636,31.99014],[118.947732,31.994649],[118.942441,31.99473],[118.942346,31.990222]]]}},{"type":"Feature","id":"g52-1","properties":{"lst_mean_c":35.76,"ndvi_mean":0.842,"green_share_pct":100.0,"hot_share_pct":0.0,"coverage_pct":100.0,"valid_pixels":128},"geometry":{"type":"Polygon","coordinates":[[[118.947636,31.99014],[118.952926,31.990059],[118.953022,31.994567],[118.947732,31.994649],[118.947636,31.99014]]]}},{"type":"Feature","id":"g0-2","properties":{"lst_mean_c":43.98,"ndvi_mean":0.583,"green_share_pct":93.1,"hot_share_pct":2.9,"coverage_pct":100.0,"valid_pixels":102},"geometry":{"type":"Polygon","coordinates":[[[118.672617,31.998575],[118.677908,31.998505],[118.677991,32.003014],[118.672699,32.003084],[118.672617,31.998575]]]}},{"type":"Feature","id":"g1-2","properties":{"lst_mean_c":46.51,"ndvi_mean":0.481,"green_share_pct":80.6,"hot_share_pct":14.9,"coverage_pct":100.0,"valid_pixels":289},"geometry":{"type":"Polygon","coordinates":[[[118.677908,31.998505],[118.6832,31.998435],[118.683282,32.002944],[118.677991,32.003014],[118.677908,31.998505]]]}},{"type":"Feature","id":"g2-2","properties":{"lst_mean_c":44.99,"ndvi_mean":0.522,"green_share_pct":88.9,"hot_share_pct":17.3,"coverage_pct":100.0,"valid_pixels":289},"geometry":{"type":"Polygon","coordinates":[[[118.6832,31.998435],[118.688491,31.998365],[118.688573,32.002873],[118.683282,32.002944],[118.6832,31.998435]]]}},{"type":"Feature","id":"g3-2","properties":{"lst_mean_c":42.39,"ndvi_mean":0.585,"green_share_pct":95.9,"hot_share_pct":0.0,"coverage_pct":99.3,"valid_pixels":270},"geometry":{"type":"Polygon","coordinates":[[[118.688491,31.998365],[118.693782,31.998294],[118.693865,32.002803],[118.688573,32.002873],[118.688491,31.998365]]]}},{"type":"Feature","id":"g4-2","properties":{"lst_mean_c":42.82,"ndvi_mean":0.548,"green_share_pct":97.6,"hot_share_pct":0.0,"coverage_pct":71.6,"valid_pixels":207},"geometry":{"type":"Polygon","coordinates":[[[118.693782,31.998294],[118.699073,31.998223],[118.699156,32.002732],[118.693865,32.002803],[118.693782,31.998294]]]}},{"type":"Feature","id":"g7-2","properties":{"lst_mean_c":48.95,"ndvi_mean":0.415,"green_share_pct":70.5,"hot_share_pct":44.3,"coverage_pct":93.8,"valid_pixels":271},"geometry":{"type":"Polygon","coordinates":[[[118.709655,31.998081],[118.714946,31.99801],[118.71503,32.002518],[118.709739,32.00259],[118.709655,31.998081]]]}},{"type":"Feature","id":"g9-2","properties":{"lst_mean_c":45.83,"ndvi_mean":0.438,"green_share_pct":77.2,"hot_share_pct":1.1,"coverage_pct":100.0,"valid_pixels":272},"geometry":{"type":"Polygon","coordinates":[[[118.720237,31.997938],[118.725528,31.997866],[118.725612,32.002375],[118.720321,32.002447],[118.720237,31.997938]]]}},{"type":"Feature","id":"g10-2","properties":{"lst_mean_c":45.05,"ndvi_mean":0.524,"green_share_pct":92.7,"hot_share_pct":4.5,"coverage_pct":100.0,"valid_pixels":289},"geometry":{"type":"Polygon","coordinates":[[[118.725528,31.997866],[118.730819,31.997794],[118.730904,32.002303],[118.725612,32.002375],[118.725528,31.997866]]]}},{"type":"Feature","id":"g11-2","properties":{"lst_mean_c":45.41,"ndvi_mean":0.521,"green_share_pct":93.0,"hot_share_pct":9.9,"coverage_pct":94.5,"valid_pixels":273},"geometry":{"type":"Polygon","coordinates":[[[118.730819,31.997794],[118.73611,31.997722],[118.736195,32.002231],[118.730904,32.002303],[118.730819,31.997794]]]}},{"type":"Feature","id":"g15-2","properties":{"lst_mean_c":50.16,"ndvi_mean":0.405,"green_share_pct":76.9,"hot_share_pct":86.9,"coverage_pct":95.6,"valid_pixels":260},"geometry":{"type":"Polygon","coordinates":[[[118.751983,31.997503],[118.757273,31.99743],[118.757359,32.001939],[118.752068,32.002012],[118.751983,31.997503]]]}},{"type":"Feature","id":"g16-2","properties":{"lst_mean_c":48.54,"ndvi_mean":0.419,"green_share_pct":81.0,"hot_share_pct":57.7,"coverage_pct":87.5,"valid_pixels":253},"geometry":{"type":"Polygon","coordinates":[[[118.757273,31.99743],[118.762564,31.997357],[118.762651,32.001866],[118.757359,32.001939],[118.757273,31.99743]]]}},{"type":"Feature","id":"g17-2","properties":{"lst_mean_c":48.15,"ndvi_mean":0.431,"green_share_pct":75.8,"hot_share_pct":51.9,"coverage_pct":100.0,"valid_pixels":289},"geometry":{"type":"Polygon","coordinates":[[[118.762564,31.997357],[118.767855,31.997283],[118.767942,32.001792],[118.762651,32.001866],[118.762564,31.997357]]]}},{"type":"Feature","id":"g18-2","properties":{"lst_mean_c":44.24,"ndvi_mean":0.555,"green_share_pct":93.9,"hot_share_pct":6.1,"coverage_pct":96.7,"valid_pixels":263},"geometry":{"type":"Polygon","coordinates":[[[118.767855,31.997283],[118.773146,31.997209],[118.773233,32.001718],[118.767942,32.001792],[118.767855,31.997283]]]}},{"type":"Feature","id":"g19-2","properties":{"lst_mean_c":41.48,"ndvi_mean":0.69,"green_share_pct":96.5,"hot_share_pct":0.0,"coverage_pct":78.2,"valid_pixels":226},"geometry":{"type":"Polygon","coordinates":[[[118.773146,31.997209],[118.778437,31.997135],[118.778524,32.001644],[118.773233,32.001718],[118.773146,31.997209]]]}},{"type":"Feature","id":"g20-2","properties":{"lst_mean_c":45.27,"ndvi_mean":0.585,"green_share_pct":92.2,"hot_share_pct":21.7,"coverage_pct":97.2,"valid_pixels":281},"geometry":{"type":"Polygon","coordinates":[[[118.778437,31.997135],[118.783728,31.997061],[118.783815,32.00157],[118.778524,32.001644],[118.778437,31.997135]]]}},{"type":"Feature","id":"g21-2","properties":{"lst_mean_c":49.42,"ndvi_mean":0.393,"green_share_pct":66.5,"hot_share_pct":71.4,"coverage_pct":82.4,"valid_pixels":224},"geometry":{"type":"Polygon","coordinates":[[[118.783728,31.997061],[118.789018,31.996987],[118.789106,32.001495],[118.783815,32.00157],[118.783728,31.997061]]]}},{"type":"Feature","id":"g23-2","properties":{"lst_mean_c":48.39,"ndvi_mean":0.313,"green_share_pct":50.2,"hot_share_pct":61.8,"coverage_pct":71.6,"valid_pixels":207},"geometry":{"type":"Polygon","coordinates":[[[118.794309,31.996912],[118.7996,31.996837],[118.799688,32.001346],[118.794397,32.00142],[118.794309,31.996912]]]}},{"type":"Feature","id":"g27-2","properties":{"lst_mean_c":47.07,"ndvi_mean":0.243,"green_share_pct":21.0,"hot_share_pct":28.5,"coverage_pct":73.5,"valid_pixels":200},"geometry":{"type":"Polygon","coordinates":[[[118.815472,31.996611],[118.820762,31.996535],[118.820852,32.001043],[118.815561,32.001119],[118.815472,31.996611]]]}},{"type":"Feature","id":"g29-2","properties":{"lst_mean_c":46.46,"ndvi_mean":0.455,"green_share_pct":81.3,"hot_share_pct":22.5,"coverage_pct":100.0,"valid_pixels":289},"geometry":{"type":"Polygon","coordinates":[[[118.826053,31.996459],[118.831344,31.996383],[118.831433,32.000891],[118.826142,32.000967],[118.826053,31.996459]]]}},{"type":"Feature","id":"g30-2","properties":{"lst_mean_c":43.3,"ndvi_mean":0.488,"green_share_pct":79.6,"hot_share_pct":7.3,"coverage_pct":90.1,"valid_pixels":245},"geometry":{"type":"Polygon","coordinates":[[[118.831344,31.996383],[118.836634,31.996306],[118.836724,32.000815],[118.831433,32.000891],[118.831344,31.996383]]]}},{"type":"Feature","id":"g31-2","properties":{"lst_mean_c":42.49,"ndvi_mean":0.665,"green_share_pct":98.3,"hot_share_pct":0.0,"coverage_pct":100.0,"valid_pixels":289},"geometry":{"type":"Polygon","coordinates":[[[118.836634,31.996306],[118.841925,31.996229],[118.842015,32.000738],[118.836724,32.000815],[118.836634,31.996306]]]}},{"type":"Feature","id":"g32-2","properties":{"lst_mean_c":44.89,"ndvi_mean":0.524,"green_share_pct":96.9,"hot_share_pct":0.0,"coverage_pct":100.0,"valid_pixels":289},"geometry":{"type":"Polygon","coordinates":[[[118.841925,31.996229],[118.847215,31.996152],[118.847306,32.000661],[118.842015,32.000738],[118.841925,31.996229]]]}},{"type":"Feature","id":"g33-2","properties":{"lst_mean_c":45.37,"ndvi_mean":0.494,"green_share_pct":88.1,"hot_share_pct":1.9,"coverage_pct":77.2,"valid_pixels":210},"geometry":{"type":"Polygon","coordinates":[[[118.847215,31.996152],[118.852506,31.996075],[118.852596,32.000584],[118.847306,32.000661],[118.847215,31.996152]]]}},{"type":"Feature","id":"g35-2","properties":{"lst_mean_c":45.41,"ndvi_mean":0.471,"green_share_pct":68.8,"hot_share_pct":28.6,"coverage_pct":93.1,"valid_pixels":269},"geometry":{"type":"Polygon","coordinates":[[[118.857796,31.995998],[118.863087,31.99592],[118.863178,32.000429],[118.857887,32.000506],[118.857796,31.995998]]]}},{"type":"Feature","id":"g36-2","properties":{"lst_mean_c":46.41,"ndvi_mean":0.43,"green_share_pct":77.2,"hot_share_pct":12.1,"coverage_pct":100.0,"valid_pixels":272},"geometry":{"type":"Polygon","coordinates":[[[118.863087,31.99592],[118.868377,31.995842],[118.868469,32.000351],[118.863178,32.000429],[118.863087,31.99592]]]}},{"type":"Feature","id":"g37-2","properties":{"lst_mean_c":47.9,"ndvi_mean":0.426,"green_share_pct":77.9,"hot_share_pct":39.1,"coverage_pct":100.0,"valid_pixels":289},"geometry":{"type":"Polygon","coordinates":[[[118.868377,31.995842],[118.873668,31.995764],[118.873759,32.000273],[118.868469,32.000351],[118.868377,31.995842]]]}},{"type":"Feature","id":"g38-2","properties":{"lst_mean_c":47.38,"ndvi_mean":0.465,"green_share_pct":92.0,"hot_share_pct":26.0,"coverage_pct":100.0,"valid_pixels":289},"geometry":{"type":"Polygon","coordinates":[[[118.873668,31.995764],[118.878958,31.995686],[118.87905,32.000195],[118.873759,32.000273],[118.873668,31.995764]]]}},{"type":"Feature","id":"g39-2","properties":{"lst_mean_c":44.67,"ndvi_mean":0.608,"green_share_pct":98.2,"hot_share_pct":3.3,"coverage_pct":100.0,"valid_pixels":272},"geometry":{"type":"Polygon","coordinates":[[[118.878958,31.995686],[118.884248,31.995608],[118.884341,32.000116],[118.87905,32.000195],[118.878958,31.995686]]]}},{"type":"Feature","id":"g40-2","properties":{"lst_mean_c":42.24,"ndvi_mean":0.707,"green_share_pct":100.0,"hot_share_pct":0.0,"coverage_pct":100.0,"valid_pixels":289},"geometry":{"type":"Polygon","coordinates":[[[118.884248,31.995608],[118.889539,31.995529],[118.889631,32.000037],[118.884341,32.000116],[118.884248,31.995608]]]}},{"type":"Feature","id":"g41-2","properties":{"lst_mean_c":38.83,"ndvi_mean":0.767,"green_share_pct":100.0,"hot_share_pct":0.0,"coverage_pct":99.7,"valid_pixels":288},"geometry":{"type":"Polygon","coordinates":[[[118.889539,31.995529],[118.894829,31.99545],[118.894922,31.999958],[118.889631,32.000037],[118.889539,31.995529]]]}},{"type":"Feature","id":"g42-2","properties":{"lst_mean_c":41.78,"ndvi_mean":0.668,"green_share_pct":95.2,"hot_share_pct":5.5,"coverage_pct":100.0,"valid_pixels":272},"geometry":{"type":"Polygon","coordinates":[[[118.894829,31.99545],[118.90012,31.995371],[118.900213,31.999879],[118.894922,31.999958],[118.894829,31.99545]]]}},{"type":"Feature","id":"g43-2","properties":{"lst_mean_c":41.72,"ndvi_mean":0.645,"green_share_pct":97.2,"hot_share_pct":0.0,"coverage_pct":100.0,"valid_pixels":289},"geometry":{"type":"Polygon","coordinates":[[[118.90012,31.995371],[118.90541,31.995292],[118.905503,31.9998],[118.900213,31.999879],[118.90012,31.995371]]]}},{"type":"Feature","id":"g45-2","properties":{"lst_mean_c":40.47,"ndvi_mean":0.68,"green_share_pct":93.9,"hot_share_pct":1.5,"coverage_pct":97.1,"valid_pixels":264},"geometry":{"type":"Polygon","coordinates":[[[118.9107,31.995212],[118.91599,31.995132],[118.916084,31.999641],[118.910794,31.99972],[118.9107,31.995212]]]}},{"type":"Feature","id":"g46-2","properties":{"lst_mean_c":39.84,"ndvi_mean":0.714,"green_share_pct":95.5,"hot_share_pct":0.0,"coverage_pct":99.7,"valid_pixels":288},"geometry":{"type":"Polygon","coordinates":[[[118.91599,31.995132],[118.921281,31.995052],[118.921375,31.99956],[118.916084,31.999641],[118.91599,31.995132]]]}},{"type":"Feature","id":"g47-2","properties":{"lst_mean_c":37.66,"ndvi_mean":0.735,"green_share_pct":93.4,"hot_share_pct":0.0,"coverage_pct":100.0,"valid_pixels":289},"geometry":{"type":"Polygon","coordinates":[[[118.921281,31.995052],[118.926571,31.994972],[118.926665,31.99948],[118.921375,31.99956],[118.921281,31.995052]]]}},{"type":"Feature","id":"g48-2","properties":{"lst_mean_c":38.13,"ndvi_mean":0.824,"green_share_pct":100.0,"hot_share_pct":0.0,"coverage_pct":100.0,"valid_pixels":272},"geometry":{"type":"Polygon","coordinates":[[[118.926571,31.994972],[118.931861,31.994891],[118.931956,31.9994],[118.926665,31.99948],[118.926571,31.994972]]]}},{"type":"Feature","id":"g49-2","properties":{"lst_mean_c":40.86,"ndvi_mean":0.691,"green_share_pct":99.7,"hot_share_pct":0.0,"coverage_pct":100.0,"valid_pixels":289},"geometry":{"type":"Polygon","coordinates":[[[118.931861,31.994891],[118.937151,31.994811],[118.937246,31.999319],[118.931956,31.9994],[118.931861,31.994891]]]}},{"type":"Feature","id":"g50-2","properties":{"lst_mean_c":41.08,"ndvi_mean":0.554,"green_share_pct":86.4,"hot_share_pct":0.0,"coverage_pct":76.5,"valid_pixels":221},"geometry":{"type":"Polygon","coordinates":[[[118.937151,31.994811],[118.942441,31.99473],[118.942536,31.999238],[118.937246,31.999319],[118.937151,31.994811]]]}},{"type":"Feature","id":"g51-2","properties":{"lst_mean_c":38.48,"ndvi_mean":0.742,"green_share_pct":100.0,"hot_share_pct":0.0,"coverage_pct":100.0,"valid_pixels":272},"geometry":{"type":"Polygon","coordinates":[[[118.942441,31.99473],[118.947732,31.994649],[118.947827,31.999157],[118.942536,31.999238],[118.942441,31.99473]]]}},{"type":"Feature","id":"g52-2","properties":{"lst_mean_c":36.17,"ndvi_mean":0.822,"green_share_pct":100.0,"hot_share_pct":0.0,"coverage_pct":100.0,"valid_pixels":136},"geometry":{"type":"Polygon","coordinates":[[[118.947732,31.994649],[118.953022,31.994567],[118.953117,31.999076],[118.947827,31.999157],[118.947732,31.994649]]]}},{"type":"Feature","id":"g0-3","properties":{"lst_mean_c":45.52,"ndvi_mean":0.433,"green_share_pct":70.6,"hot_share_pct":18.6,"coverage_pct":100.0,"valid_pixels":102},"geometry":{"type":"Polygon","coordinates":[[[118.672699,32.003084],[118.677991,32.003014],[118.678073,32.007523],[118.672781,32.007593],[118.672699,32.003084]]]}},{"type":"Feature","id":"g1-3","properties":{"lst_mean_c":46.32,"ndvi_mean":0.422,"green_share_pct":67.1,"hot_share_pct":8.3,"coverage_pct":100.0,"valid_pixels":289},"geometry":{"type":"Polygon","coordinates":[[[118.677991,32.003014],[118.683282,32.002944],[118.683364,32.007453],[118.678073,32.007523],[118.677991,32.003014]]]}},{"type":"Feature","id":"g2-3","properties":{"lst_mean_c":44.91,"ndvi_mean":0.597,"green_share_pct":94.1,"hot_share_pct":12.1,"coverage_pct":100.0,"valid_pixels":289},"geometry":{"type":"Polygon","coordinates":[[[118.683282,32.002944],[118.688573,32.002873],[118.688656,32.007382],[118.683364,32.007453],[118.683282,32.002944]]]}},{"type":"Feature","id":"g3-3","properties":{"lst_mean_c":46.71,"ndvi_mean":0.413,"green_share_pct":77.6,"hot_share_pct":28.7,"coverage_pct":100.0,"valid_pixels":272},"geometry":{"type":"Polygon","coordinates":[[[118.688573,32.002873],[118.693865,32.002803],[118.693948,32.007312],[118.688656,32.007382],[118.688573,32.002873]]]}},{"type":"Feature","id":"g4-3","properties":{"lst_mean_c":43.9,"ndvi_mean":0.493,"green_share_pct":96.8,"hot_share_pct":0.0,"coverage_pct":76.1,"valid_pixels":220},"geometry":{"type":"Polygon","coordinates":[[[118.693865,32.002803],[118.699156,32.002732],[118.699239,32.007241],[118.693948,32.007312],[118.693865,32.002803]]]}},{"type":"Feature","id":"g6-3","properties":{"lst_mean_c":45.57,"ndvi_mean":0.447,"green_share_pct":79.0,"hot_share_pct":5.7,"coverage_pct":96.3,"valid_pixels":262},"geometry":{"type":"Polygon","coordinates":[[[118.704447,32.002661],[118.709739,32.00259],[118.709822,32.007099],[118.704531,32.00717],[118.704447,32.002661]]]}},{"type":"Feature","id":"g7-3","properties":{"lst_mean_c":46.13,"ndvi_mean":0.466,"green_share_pct":84.1,"hot_share_pct":18.7,"coverage_pct":100.0,"valid_pixels":289},"geometry":{"type":"Polygon","coordinates":[[[118.709739,32.00259],[118.71503,32.002518],[118.715114,32.007027],[118.709822,32.007099],[118.709739,32.00259]]]}},{"type":"Feature","id":"g8-3","properties":{"lst_mean_c":45.61,"ndvi_mean":0.513,"green_share_pct":93.6,"hot_share_pct":1.3,"coverage_pct":81.0,"valid_pixels":234},"geometry":{"type":"Polygon","coordinates":[[[118.71503,32.002518],[118.720321,32.002447],[118.720405,32.006956],[118.715114,32.007027],[118.71503,32.002518]]]}},{"type":"Feature","id":"g10-3","properties":{"lst_mean_c":44.42,"ndvi_mean":0.564,"green_share_pct":95.9,"hot_share_pct":0.0,"coverage_pct":85.1,"valid_pixels":246},"geometry":{"type":"Polygon","coordinates":[[[118.725612,32.002375],[118.730904,32.002303],[118.730988,32.006812],[118.725697,32.006884],[118.725612,32.002375]]]}},{"type":"Feature","id":"g11-3","properties":{"lst_mean_c":43.96,"ndvi_mean":0.601,"green_share_pct":99.6,"hot_share_pct":0.0,"coverage_pct":90.3,"valid_pixels":261},"geometry":{"type":"Polygon","coordinates":[[[118.730904,32.002303],[118.736195,32.002231],[118.73628,32.006739],[118.730988,32.006812],[118.730904,32.002303]]]}},{"type":"Feature","id":"g15-3","properties":{"lst_mean_c":50.0,"ndvi_mean":0.348,"green_share_pct":58.8,"hot_share_pct":72.2,"coverage_pct":71.3,"valid_pixels":194},"geometry":{"type":"Polygon","coordinates":[[[118.752068,32.002012],[118.757359,32.001939],[118.757446,32.006448],[118.752154,32.006521],[118.752068,32.002012]]]}},{"type":"Feature","id":"g16-3","properties":{"lst_mean_c":48.62,"ndvi_mean":0.437,"green_share_pct":83.4,"hot_share_pct":49.1,"coverage_pct":100.0,"valid_pixels":289},"geometry":{"type":"Polygon","coordinates":[[[118.757359,32.001939],[118.762651,32.001866],[118.762737,32.006374],[118.757446,32.006448],[118.757359,32.001939]]]}},{"type":"Feature","id":"g17-3","properties":{"lst_mean_c":49.11,"ndvi_mean":0.355,"green_share_pct":65.4,"hot_share_pct":68.2,"coverage_pct":100.0,"valid_pixels":289},"geometry":{"type":"Polygon","coordinates":[[[118.762651,32.001866],[118.767942,32.001792],[118.768028,32.006301],[118.762737,32.006374],[118.762651,32.001866]]]}},{"type":"Feature","id":"g18-3","properties":{"lst_mean_c":46.08,"ndvi_mean":0.482,"green_share_pct":82.7,"hot_share_pct":22.8,"coverage_pct":100.0,"valid_pixels":272},"geometry":{"type":"Polygon","coordinates":[[[118.767942,32.001792],[118.773233,32.001718],[118.77332,32.006227],[118.768028,32.006301],[118.767942,32.001792]]]}},{"type":"Feature","id":"g19-3","properties":{"lst_mean_c":42.54,"ndvi_mean":0.691,"green_share_pct":98.3,"hot_share_pct":0.0,"coverage_pct":100.0,"valid_pixels":289},"geometry":{"type":"Polygon","coordinates":[[[118.773233,32.001718],[118.778524,32.001644],[118.778611,32.006153],[118.77332,32.006227],[118.773233,32.001718]]]}},{"type":"Feature","id":"g20-3","properties":{"lst_mean_c":50.41,"ndvi_mean":0.475,"green_share_pct":77.9,"hot_share_pct":62.6,"coverage_pct":100.0,"valid_pixels":289},"geometry":{"type":"Polygon","coordinates":[[[118.778524,32.001644],[118.783815,32.00157],[118.783902,32.006078],[118.778611,32.006153],[118.778524,32.001644]]]}},{"type":"Feature","id":"g21-3","properties":{"lst_mean_c":51.26,"ndvi_mean":0.37,"green_share_pct":64.3,"hot_share_pct":77.9,"coverage_pct":100.0,"valid_pixels":272},"geometry":{"type":"Polygon","coordinates":[[[118.783815,32.00157],[118.789106,32.001495],[118.789193,32.006004],[118.783902,32.006078],[118.783815,32.00157]]]}},{"type":"Feature","id":"g22-3","properties":{"lst_mean_c":50.11,"ndvi_mean":0.347,"green_share_pct":54.7,"hot_share_pct":78.9,"coverage_pct":100.0,"valid_pixels":289},"geometry":{"type":"Polygon","coordinates":[[[118.789106,32.001495],[118.794397,32.00142],[118.794485,32.005929],[118.789193,32.006004],[118.789106,32.001495]]]}},{"type":"Feature","id":"g23-3","properties":{"lst_mean_c":48.4,"ndvi_mean":0.416,"green_share_pct":88.2,"hot_share_pct":53.3,"coverage_pct":100.0,"valid_pixels":289},"geometry":{"type":"Polygon","coordinates":[[[118.794397,32.00142],[118.799688,32.001346],[118.799776,32.005854],[118.794485,32.005929],[118.794397,32.00142]]]}},{"type":"Feature","id":"g29-3","properties":{"lst_mean_c":45.53,"ndvi_mean":0.534,"green_share_pct":93.4,"hot_share_pct":4.1,"coverage_pct":84.1,"valid_pixels":243},"geometry":{"type":"Polygon","coordinates":[[[118.826142,32.000967],[118.831433,32.000891],[118.831523,32.0054],[118.826232,32.005476],[118.826142,32.000967]]]}},{"type":"Feature","id":"g31-3","properties":{"lst_mean_c":46.11,"ndvi_mean":0.578,"green_share_pct":94.9,"hot_share_pct":16.9,"coverage_pct":87.9,"valid_pixels":254},"geometry":{"type":"Polygon","coordinates":[[[118.836724,32.000815],[118.842015,32.000738],[118.842105,32.005246],[118.836814,32.005323],[118.836724,32.000815]]]}},{"type":"Feature","id":"g32-3","properties":{"lst_mean_c":48.34,"ndvi_mean":0.436,"green_share_pct":87.2,"hot_share_pct":55.0,"coverage_pct":100.0,"valid_pixels":289},"geometry":{"type":"Polygon","coordinates":[[[118.842015,32.000738],[118.847306,32.000661],[118.847396,32.005169],[118.842105,32.005246],[118.842015,32.000738]]]}},{"type":"Feature","id":"g33-3","properties":{"lst_mean_c":45.73,"ndvi_mean":0.435,"green_share_pct":83.0,"hot_share_pct":6.9,"coverage_pct":90.8,"valid_pixels":247},"geometry":{"type":"Polygon","coordinates":[[[118.847306,32.000661],[118.852596,32.000584],[118.852687,32.005092],[118.847396,32.005169],[118.847306,32.000661]]]}},{"type":"Feature","id":"g35-3","properties":{"lst_mean_c":44.26,"ndvi_mean":0.444,"green_share_pct":77.2,"hot_share_pct":0.9,"coverage_pct":77.5,"valid_pixels":224},"geometry":{"type":"Polygon","coordinates":[[[118.857887,32.000506],[118.863178,32.000429],[118.863269,32.004937],[118.857978,32.005015],[118.857887,32.000506]]]}},{"type":"Feature","id":"g36-3","properties":{"lst_mean_c":44.81,"ndvi_mean":0.51,"green_share_pct":80.9,"hot_share_pct":6.2,"coverage_pct":100.0,"valid_pixels":272},"geometry":{"type":"Polygon","coordinates":[[[118.863178,32.000429],[118.868469,32.000351],[118.86856,32.004859],[118.863269,32.004937],[118.863178,32.000429]]]}},{"type":"Feature","id":"g37-3","properties":{"lst_mean_c":47.51,"ndvi_mean":0.51,"green_share_pct":97.2,"hot_share_pct":32.2,"coverage_pct":100.0,"valid_pixels":289},"geometry":{"type":"Polygon","coordinates":[[[118.868469,32.000351],[118.873759,32.000273],[118.873851,32.004781],[118.86856,32.004859],[118.868469,32.000351]]]}},{"type":"Feature","id":"g38-3","properties":{"lst_mean_c":46.54,"ndvi_mean":0.511,"green_share_pct":92.0,"hot_share_pct":18.3,"coverage_pct":100.0,"valid_pixels":289},"geometry":{"type":"Polygon","coordinates":[[[118.873759,32.000273],[118.87905,32.000195],[118.879142,32.004703],[118.873851,32.004781],[118.873759,32.000273]]]}},{"type":"Feature","id":"g39-3","properties":{"lst_mean_c":45.24,"ndvi_mean":0.544,"green_share_pct":90.8,"hot_share_pct":0.0,"coverage_pct":100.0,"valid_pixels":272},"geometry":{"type":"Polygon","coordinates":[[[118.87905,32.000195],[118.884341,32.000116],[118.884433,32.004625],[118.879142,32.004703],[118.87905,32.000195]]]}},{"type":"Feature","id":"g40-3","properties":{"lst_mean_c":41.71,"ndvi_mean":0.699,"green_share_pct":97.6,"hot_share_pct":0.0,"coverage_pct":100.0,"valid_pixels":289},"geometry":{"type":"Polygon","coordinates":[[[118.884341,32.000116],[118.889631,32.000037],[118.889724,32.004546],[118.884433,32.004625],[118.884341,32.000116]]]}},{"type":"Feature","id":"g41-3","properties":{"lst_mean_c":39.76,"ndvi_mean":0.802,"green_share_pct":100.0,"hot_share_pct":0.0,"coverage_pct":100.0,"valid_pixels":289},"geometry":{"type":"Polygon","coordinates":[[[118.889631,32.000037],[118.894922,31.999958],[118.895015,32.004467],[118.889724,32.004546],[118.889631,32.000037]]]}},{"type":"Feature","id":"g42-3","properties":{"lst_mean_c":41.15,"ndvi_mean":0.734,"green_share_pct":100.0,"hot_share_pct":0.0,"coverage_pct":100.0,"valid_pixels":272},"geometry":{"type":"Polygon","coordinates":[[[118.894922,31.999958],[118.900213,31.999879],[118.900306,32.004388],[118.895015,32.004467],[118.894922,31.999958]]]}},{"type":"Feature","id":"g43-3","properties":{"lst_mean_c":42.51,"ndvi_mean":0.682,"green_share_pct":100.0,"hot_share_pct":4.5,"coverage_pct":100.0,"valid_pixels":289},"geometry":{"type":"Polygon","coordinates":[[[118.900213,31.999879],[118.905503,31.9998],[118.905596,32.004308],[118.900306,32.004388],[118.900213,31.999879]]]}},{"type":"Feature","id":"g44-3","properties":{"lst_mean_c":42.79,"ndvi_mean":0.664,"green_share_pct":97.2,"hot_share_pct":0.0,"coverage_pct":100.0,"valid_pixels":289},"geometry":{"type":"Polygon","coordinates":[[[118.905503,31.9998],[118.910794,31.99972],[118.910887,32.004229],[118.905596,32.004308],[118.905503,31.9998]]]}},{"type":"Feature","id":"g45-3","properties":{"lst_mean_c":42.78,"ndvi_mean":0.579,"green_share_pct":88.7,"hot_share_pct":0.0,"coverage_pct":97.8,"valid_pixels":266},"geometry":{"type":"Polygon","coordinates":[[[118.910794,31.99972],[118.916084,31.999641],[118.916178,32.004149],[118.910887,32.004229],[118.910794,31.99972]]]}},{"type":"Feature","id":"g46-3","properties":{"lst_mean_c":40.39,"ndvi_mean":0.752,"green_share_pct":99.0,"hot_share_pct":0.0,"coverage_pct":100.0,"valid_pixels":289},"geometry":{"type":"Polygon","coordinates":[[[118.916084,31.999641],[118.921375,31.99956],[118.921469,32.004069],[118.916178,32.004149],[118.916084,31.999641]]]}},{"type":"Feature","id":"g47-3","properties":{"lst_mean_c":39.46,"ndvi_mean":0.703,"green_share_pct":98.3,"hot_share_pct":0.0,"coverage_pct":100.0,"valid_pixels":289},"geometry":{"type":"Polygon","coordinates":[[[118.921375,31.99956],[118.926665,31.99948],[118.926759,32.003989],[118.921469,32.004069],[118.921375,31.99956]]]}},{"type":"Feature","id":"g48-3","properties":{"lst_mean_c":37.72,"ndvi_mean":0.82,"green_share_pct":100.0,"hot_share_pct":0.0,"coverage_pct":100.0,"valid_pixels":272},"geometry":{"type":"Polygon","coordinates":[[[118.926665,31.99948],[118.931956,31.9994],[118.93205,32.003908],[118.926759,32.003989],[118.926665,31.99948]]]}},{"type":"Feature","id":"g49-3","properties":{"lst_mean_c":38.48,"ndvi_mean":0.813,"green_share_pct":100.0,"hot_share_pct":0.0,"coverage_pct":100.0,"valid_pixels":289},"geometry":{"type":"Polygon","coordinates":[[[118.931956,31.9994],[118.937246,31.999319],[118.937341,32.003827],[118.93205,32.003908],[118.931956,31.9994]]]}},{"type":"Feature","id":"g50-3","properties":{"lst_mean_c":39.82,"ndvi_mean":0.629,"green_share_pct":90.1,"hot_share_pct":0.0,"coverage_pct":77.2,"valid_pixels":223},"geometry":{"type":"Polygon","coordinates":[[[118.937246,31.999319],[118.942536,31.999238],[118.942632,32.003746],[118.937341,32.003827],[118.937246,31.999319]]]}},{"type":"Feature","id":"g51-3","properties":{"lst_mean_c":39.35,"ndvi_mean":0.635,"green_share_pct":93.7,"hot_share_pct":0.0,"coverage_pct":87.1,"valid_pixels":237},"geometry":{"type":"Polygon","coordinates":[[[118.942536,31.999238],[118.947827,31.999157],[118.947922,32.003665],[118.942632,32.003746],[118.942536,31.999238]]]}},{"type":"Feature","id":"g52-3","properties":{"lst_mean_c":37.31,"ndvi_mean":0.821,"green_share_pct":100.0,"hot_share_pct":0.0,"coverage_pct":100.0,"valid_pixels":136},"geometry":{"type":"Polygon","coordinates":[[[118.947827,31.999157],[118.953117,31.999076],[118.953213,32.003584],[118.947922,32.003665],[118.947827,31.999157]]]}},{"type":"Feature","id":"g0-4","properties":{"lst_mean_c":44.59,"ndvi_mean":0.48,"green_share_pct":85.4,"hot_share_pct":0.0,"coverage_pct":100.0,"valid_pixels":96},"geometry":{"type":"Polygon","coordinates":[[[118.672781,32.007593],[118.678073,32.007523],[118.678155,32.012032],[118.672863,32.012102],[118.672781,32.007593]]]}},{"type":"Feature","id":"g1-4","properties":{"lst_mean_c":44.96,"ndvi_mean":0.398,"green_share_pct":67.3,"hot_share_pct":0.0,"coverage_pct":100.0,"valid_pixels":272},"geometry":{"type":"Polygon","coordinates":[[[118.678073,32.007523],[118.683364,32.007453],[118.683447,32.011962],[118.678155,32.012032],[118.678073,32.007523]]]}},{"type":"Feature","id":"g2-4","properties":{"lst_mean_c":44.61,"ndvi_mean":0.503,"green_share_pct":85.7,"hot_share_pct":1.5,"coverage_pct":100.0,"valid_pixels":272},"geometry":{"type":"Polygon","coordinates":[[[118.683364,32.007453],[118.688656,32.007382],[118.688739,32.011891],[118.683447,32.011962],[118.683364,32.007453]]]}},{"type":"Feature","id":"g3-4","properties":{"lst_mean_c":45.71,"ndvi_mean":0.377,"green_share_pct":64.1,"hot_share_pct":3.5,"coverage_pct":100.0,"valid_pixels":256},"geometry":{"type":"Polygon","coordinates":[[[118.688656,32.007382],[118.693948,32.007312],[118.694031,32.011821],[118.688739,32.011891],[118.688656,32.007382]]]}},{"type":"Feature","id":"g5-4","properties":{"lst_mean_c":41.99,"ndvi_mean":0.59,"green_share_pct":87.7,"hot_share_pct":0.0,"coverage_pct":65.8,"valid_pixels":179},"geometry":{"type":"Polygon","coordinates":[[[118.699239,32.007241],[118.704531,32.00717],[118.704614,32.011679],[118.699322,32.01175],[118.699239,32.007241]]]}},{"type":"Feature","id":"g6-4","properties":{"lst_mean_c":45.3,"ndvi_mean":0.473,"green_share_pct":93.0,"hot_share_pct":0.9,"coverage_pct":83.6,"valid_pixels":214},"geometry":{"type":"Polygon","coordinates":[[[118.704531,32.00717],[118.709822,32.007099],[118.709906,32.011608],[118.704614,32.011679],[118.704531,32.00717]]]}},{"type":"Feature","id":"g7-4","properties":{"lst_mean_c":46.89,"ndvi_mean":0.515,"green_share_pct":88.6,"hot_share_pct":22.8,"coverage_pct":100.0,"valid_pixels":272},"geometry":{"type":"Polygon","coordinates":[[[118.709822,32.007099],[118.715114,32.007027],[118.715198,32.011536],[118.709906,32.011608],[118.709822,32.007099]]]}},{"type":"Feature","id":"g8-4","properties":{"lst_mean_c":48.08,"ndvi_mean":0.405,"green_share_pct":57.0,"hot_share_pct":47.3,"coverage_pct":94.1,"valid_pixels":256},"geometry":{"type":"Polygon","coordinates":[[[118.715114,32.007027],[118.720405,32.006956],[118.72049,32.011465],[118.715198,32.011536],[118.715114,32.007027]]]}},{"type":"Feature","id":"g10-4","properties":{"lst_mean_c":45.93,"ndvi_mean":0.502,"green_share_pct":85.8,"hot_share_pct":17.2,"coverage_pct":62.1,"valid_pixels":169},"geometry":{"type":"Polygon","coordinates":[[[118.725697,32.006884],[118.730988,32.006812],[118.731073,32.011321],[118.725781,32.011393],[118.725697,32.006884]]]}},{"type":"Feature","id":"g11-4","properties":{"lst_mean_c":46.74,"ndvi_mean":0.466,"green_share_pct":80.9,"hot_share_pct":30.5,"coverage_pct":96.3,"valid_pixels":262},"geometry":{"type":"Polygon","coordinates":[[[118.730988,32.006812],[118.73628,32.006739],[118.736365,32.011248],[118.731073,32.011321],[118.730988,32.006812]]]}},{"type":"Feature","id":"g12-4","properties":{"lst_mean_c":48.46,"ndvi_mean":0.36,"green_share_pct":57.5,"hot_share_pct":64.8,"coverage_pct":69.9,"valid_pixels":179},"geometry":{"type":"Polygon","coordinates":[[[118.73628,32.006739],[118.741571,32.006667],[118.741657,32.011176],[118.736365,32.011248],[118.73628,32.006739]]]}},{"type":"Feature","id":"g16-4","properties":{"lst_mean_c":44.86,"ndvi_mean":0.487,"green_share_pct":90.1,"hot_share_pct":0.0,"coverage_pct":100.0,"valid_pixels":272},"geometry":{"type":"Polygon","coordinates":[[[118.757446,32.006448],[118.762737,32.006374],[118.762823,32.010883],[118.757532,32.010957],[118.757446,32.006448]]]}},{"type":"Feature","id":"g17-4","properties":{"lst_mean_c":48.9,"ndvi_mean":0.398,"green_share_pct":64.7,"hot_share_pct":68.8,"coverage_pct":100.0,"valid_pixels":272},"geometry":{"type":"Polygon","coordinates":[[[118.762737,32.006374],[118.768028,32.006301],[118.768115,32.010809],[118.762823,32.010883],[118.762737,32.006374]]]}},{"type":"Feature","id":"g18-4","properties":{"lst_mean_c":50.9,"ndvi_mean":0.301,"green_share_pct":44.9,"hot_share_pct":89.5,"coverage_pct":100.0,"valid_pixels":256},"geometry":{"type":"Polygon","coordinates":[[[118.768028,32.006301],[118.77332,32.006227],[118.773406,32.010736],[118.768115,32.010809],[118.768028,32.006301]]]}},{"type":"Feature","id":"g19-4","properties":{"lst_mean_c":49.38,"ndvi_mean":0.39,"green_share_pct":65.4,"hot_share_pct":77.2,"coverage_pct":100.0,"valid_pixels":272},"geometry":{"type":"Polygon","coordinates":[[[118.77332,32.006227],[118.778611,32.006153],[118.778698,32.010661],[118.773406,32.010736],[118.77332,32.006227]]]}},{"type":"Feature","id":"g20-4","properties":{"lst_mean_c":51.89,"ndvi_mean":0.443,"green_share_pct":79.3,"hot_share_pct":95.9,"coverage_pct":99.3,"valid_pixels":270},"geometry":{"type":"Polygon","coordinates":[[[118.778611,32.006153],[118.783902,32.006078],[118.78399,32.010587],[118.778698,32.010661],[118.778611,32.006153]]]}},{"type":"Feature","id":"g21-4","properties":{"lst_mean_c":47.96,"ndvi_mean":0.438,"green_share_pct":80.7,"hot_share_pct":52.9,"coverage_pct":93.0,"valid_pixels":238},"geometry":{"type":"Polygon","coordinates":[[[118.783902,32.006078],[118.789193,32.006004],[118.789281,32.010513],[118.78399,32.010587],[118.783902,32.006078]]]}},{"type":"Feature","id":"g22-4","properties":{"lst_mean_c":46.29,"ndvi_mean":0.477,"green_share_pct":83.2,"hot_share_pct":10.8,"coverage_pct":98.5,"valid_pixels":268},"geometry":{"type":"Polygon","coordinates":[[[118.789193,32.006004],[118.794485,32.005929],[118.794573,32.010438],[118.789281,32.010513],[118.789193,32.006004]]]}},{"type":"Feature","id":"g23-4","properties":{"lst_mean_c":48.39,"ndvi_mean":0.396,"green_share_pct":74.6,"hot_share_pct":58.5,"coverage_pct":100.0,"valid_pixels":272},"geometry":{"type":"Polygon","coordinates":[[[118.794485,32.005929],[118.799776,32.005854],[118.799864,32.010363],[118.794573,32.010438],[118.794485,32.005929]]]}},{"type":"Feature","id":"g29-4","properties":{"lst_mean_c":43.14,"ndvi_mean":0.509,"green_share_pct":80.3,"hot_share_pct":0.0,"coverage_pct":67.3,"valid_pixels":183},"geometry":{"type":"Polygon","coordinates":[[[118.826232,32.005476],[118.831523,32.0054],[118.831613,32.009908],[118.826321,32.009985],[118.826232,32.005476]]]}},{"type":"Feature","id":"g31-4","properties":{"lst_mean_c":46.67,"ndvi_mean":0.452,"green_share_pct":86.1,"hot_share_pct":17.8,"coverage_pct":74.3,"valid_pixels":202},"geometry":{"type":"Polygon","coordinates":[[[118.836814,32.005323],[118.842105,32.005246],[118.842195,32.009755],[118.836904,32.009832],[118.836814,32.005323]]]}},{"type":"Feature","id":"g32-4","properties":{"lst_mean_c":44.58,"ndvi_mean":0.541,"green_share_pct":91.2,"hot_share_pct":8.8,"coverage_pct":100.0,"valid_pixels":272},"geometry":{"type":"Polygon","coordinates":[[[118.842105,32.005246],[118.847396,32.005169],[118.847487,32.009678],[118.842195,32.009755],[118.842105,32.005246]]]}},{"type":"Feature","id":"g33-4","properties":{"lst_mean_c":45.78,"ndvi_mean":0.497,"green_share_pct":93.8,"hot_share_pct":0.0,"coverage_pct":100.0,"valid_pixels":256},"geometry":{"type":"Polygon","coordinates":[[[118.847396,32.005169],[118.852687,32.005092],[118.852778,32.009601],[118.847487,32.009678],[118.847396,32.005169]]]}},{"type":"Feature","id":"g36-4","properties":{"lst_mean_c":45.75,"ndvi_mean":0.491,"green_share_pct":87.0,"hot_share_pct":10.7,"coverage_pct":98.8,"valid_pixels":253},"geometry":{"type":"Polygon","coordinates":[[[118.863269,32.004937],[118.86856,32.004859],[118.868652,32.009368],[118.86336,32.009446],[118.863269,32.004937]]]}},{"type":"Feature","id":"g37-4","properties":{"lst_mean_c":46.22,"ndvi_mean":0.496,"green_share_pct":86.7,"hot_share_pct":3.7,"coverage_pct":99.6,"valid_pixels":271},"geometry":{"type":"Polygon","coordinates":[[[118.86856,32.004859],[118.873851,32.004781],[118.873943,32.00929],[118.868652,32.009368],[118.86856,32.004859]]]}},{"type":"Feature","id":"g38-4","properties":{"lst_mean_c":45.06,"ndvi_mean":0.53,"green_share_pct":92.6,"hot_share_pct":9.2,"coverage_pct":100.0,"valid_pixels":272},"geometry":{"type":"Polygon","coordinates":[[[118.873851,32.004781],[118.879142,32.004703],[118.879234,32.009212],[118.873943,32.00929],[118.873851,32.004781]]]}},{"type":"Feature","id":"g39-4","properties":{"lst_mean_c":44.72,"ndvi_mean":0.623,"green_share_pct":97.7,"hot_share_pct":0.0,"coverage_pct":100.0,"valid_pixels":256},"geometry":{"type":"Polygon","coordinates":[[[118.879142,32.004703],[118.884433,32.004625],[118.884525,32.009133],[118.879234,32.009212],[118.879142,32.004703]]]}},{"type":"Feature","id":"g40-4","properties":{"lst_mean_c":43.91,"ndvi_mean":0.613,"green_share_pct":89.7,"hot_share_pct":4.4,"coverage_pct":100.0,"valid_pixels":272},"geometry":{"type":"Polygon","coordinates":[[[118.884433,32.004625],[118.889724,32.004546],[118.889816,32.009054],[118.884525,32.009133],[118.884433,32.004625]]]}},{"type":"Feature","id":"g41-4","properties":{"lst_mean_c":41.43,"ndvi_mean":0.694,"green_share_pct":93.0,"hot_share_pct":0.0,"coverage_pct":100.0,"valid_pixels":272},"geometry":{"type":"Polygon","coordinates":[[[118.889724,32.004546],[118.895015,32.004467],[118.895107,32.008975],[118.889816,32.009054],[118.889724,32.004546]]]}},{"type":"Feature","id":"g42-4","properties":{"lst_mean_c":41.76,"ndvi_mean":0.7,"green_share_pct":96.9,"hot_share_pct":0.0,"coverage_pct":100.0,"valid_pixels":256},"geometry":{"type":"Polygon","coordinates":[[[118.895015,32.004467],[118.900306,32.004388],[118.900399,32.008896],[118.895107,32.008975],[118.895015,32.004467]]]}},{"type":"Feature","id":"g43-4","properties":{"lst_mean_c":46.38,"ndvi_mean":0.554,"green_share_pct":96.7,"hot_share_pct":22.8,"coverage_pct":100.0,"valid_pixels":272},"geometry":{"type":"Polygon","coordinates":[[[118.900306,32.004388],[118.905596,32.004308],[118.90569,32.008817],[118.900399,32.008896],[118.900306,32.004388]]]}},{"type":"Feature","id":"g44-4","properties":{"lst_mean_c":43.13,"ndvi_mean":0.644,"green_share_pct":95.6,"hot_share_pct":3.7,"coverage_pct":100.0,"valid_pixels":272},"geometry":{"type":"Polygon","coordinates":[[[118.905596,32.004308],[118.910887,32.004229],[118.910981,32.008737],[118.90569,32.008817],[118.905596,32.004308]]]}},{"type":"Feature","id":"g45-4","properties":{"lst_mean_c":42.31,"ndvi_mean":0.643,"green_share_pct":90.2,"hot_share_pct":1.2,"coverage_pct":100.0,"valid_pixels":256},"geometry":{"type":"Polygon","coordinates":[[[118.910887,32.004229],[118.916178,32.004149],[118.916272,32.008657],[118.910981,32.008737],[118.910887,32.004229]]]}},{"type":"Feature","id":"g46-4","properties":{"lst_mean_c":42.75,"ndvi_mean":0.582,"green_share_pct":95.9,"hot_share_pct":0.0,"coverage_pct":98.9,"valid_pixels":269},"geometry":{"type":"Polygon","coordinates":[[[118.916178,32.004149],[118.921469,32.004069],[118.921563,32.008577],[118.916272,32.008657],[118.916178,32.004149]]]}},{"type":"Feature","id":"g47-4","properties":{"lst_mean_c":42.96,"ndvi_mean":0.603,"green_share_pct":99.6,"hot_share_pct":0.0,"coverage_pct":100.0,"valid_pixels":272},"geometry":{"type":"Polygon","coordinates":[[[118.921469,32.004069],[118.926759,32.003989],[118.926854,32.008497],[118.921563,32.008577],[118.921469,32.004069]]]}},{"type":"Feature","id":"g48-4","properties":{"lst_mean_c":39.31,"ndvi_mean":0.714,"green_share_pct":100.0,"hot_share_pct":0.0,"coverage_pct":100.0,"valid_pixels":256},"geometry":{"type":"Polygon","coordinates":[[[118.926759,32.003989],[118.93205,32.003908],[118.932145,32.008416],[118.926854,32.008497],[118.926759,32.003989]]]}},{"type":"Feature","id":"g49-4","properties":{"lst_mean_c":37.58,"ndvi_mean":0.828,"green_share_pct":100.0,"hot_share_pct":0.0,"coverage_pct":100.0,"valid_pixels":272},"geometry":{"type":"Polygon","coordinates":[[[118.93205,32.003908],[118.937341,32.003827],[118.937436,32.008336],[118.932145,32.008416],[118.93205,32.003908]]]}},{"type":"Feature","id":"g50-4","properties":{"lst_mean_c":39.22,"ndvi_mean":0.746,"green_share_pct":98.9,"hot_share_pct":0.0,"coverage_pct":100.0,"valid_pixels":272},"geometry":{"type":"Polygon","coordinates":[[[118.937341,32.003827],[118.942632,32.003746],[118.942727,32.008255],[118.937436,32.008336],[118.937341,32.003827]]]}},{"type":"Feature","id":"g51-4","properties":{"lst_mean_c":39.59,"ndvi_mean":0.719,"green_share_pct":98.4,"hot_share_pct":0.0,"coverage_pct":98.0,"valid_pixels":251},"geometry":{"type":"Polygon","coordinates":[[[118.942632,32.003746],[118.947922,32.003665],[118.948018,32.008174],[118.942727,32.008255],[118.942632,32.003746]]]}},{"type":"Feature","id":"g52-4","properties":{"lst_mean_c":37.9,"ndvi_mean":0.821,"green_share_pct":100.0,"hot_share_pct":0.0,"coverage_pct":100.0,"valid_pixels":128},"geometry":{"type":"Polygon","coordinates":[[[118.947922,32.003665],[118.953213,32.003584],[118.953308,32.008092],[118.948018,32.008174],[118.947922,32.003665]]]}},{"type":"Feature","id":"g0-5","properties":{"lst_mean_c":41.76,"ndvi_mean":0.573,"green_share_pct":95.7,"hot_share_pct":0.0,"coverage_pct":91.2,"valid_pixels":93},"geometry":{"type":"Polygon","coordinates":[[[118.672863,32.012102],[118.678155,32.012032],[118.678237,32.016541],[118.672945,32.016611],[118.672863,32.012102]]]}},{"type":"Feature","id":"g1-5","properties":{"lst_mean_c":42.84,"ndvi_mean":0.564,"green_share_pct":96.2,"hot_share_pct":0.0,"coverage_pct":100.0,"valid_pixels":289},"geometry":{"type":"Polygon","coordinates":[[[118.678155,32.012032],[118.683447,32.011962],[118.683529,32.016471],[118.678237,32.016541],[118.678155,32.012032]]]}},{"type":"Feature","id":"g2-5","properties":{"lst_mean_c":44.41,"ndvi_mean":0.502,"green_share_pct":90.7,"hot_share_pct":0.0,"coverage_pct":96.9,"valid_pixels":280},"geometry":{"type":"Polygon","coordinates":[[[118.683447,32.011962],[118.688739,32.011891],[118.688821,32.0164],[118.683529,32.016471],[118.683447,32.011962]]]}},{"type":"Feature","id":"g3-5","properties":{"lst_mean_c":45.21,"ndvi_mean":0.408,"green_share_pct":65.4,"hot_share_pct":0.0,"coverage_pct":100.0,"valid_pixels":272},"geometry":{"type":"Polygon","coordinates":[[[118.688739,32.011891],[118.694031,32.011821],[118.694114,32.01633],[118.688821,32.0164],[118.688739,32.011891]]]}},{"type":"Feature","id":"g6-5","properties":{"lst_mean_c":45.8,"ndvi_mean":0.322,"green_share_pct":52.4,"hot_share_pct":3.6,"coverage_pct":61.0,"valid_pixels":166},"geometry":{"type":"Polygon","coordinates":[[[118.704614,32.011679],[118.709906,32.011608],[118.70999,32.016117],[118.704698,32.016188],[118.704614,32.011679]]]}},{"type":"Feature","id":"g7-5","properties":{"lst_mean_c":47.33,"ndvi_mean":0.438,"green_share_pct":78.5,"hot_share_pct":44.3,"coverage_pct":100.0,"valid_pixels":289},"geometry":{"type":"Polygon","coordinates":[[[118.709906,32.011608],[118.715198,32.011536],[118.715282,32.016045],[118.70999,32.016117],[118.709906,32.011608]]]}},{"type":"Feature","id":"g10-5","properties":{"lst_mean_c":47.78,"ndvi_mean":0.389,"green_share_pct":63.4,"hot_share_pct":32.2,"coverage_pct":70.9,"valid_pixels":205},"geometry":{"type":"Polygon","coordinates":[[[118.725781,32.011393],[118.731073,32.011321],[118.731158,32.015829],[118.725866,32.015901],[118.725781,32.011393]]]}},{"type":"Feature","id":"g12-5","properties":{"lst_mean_c":46.97,"ndvi_mean":0.427,"green_share_pct":84.1,"hot_share_pct":36.1,"coverage_pct":92.6,"valid_pixels":252},"geometry":{"type":"Polygon","coordinates":[[[118.736365,32.011248],[118.741657,32.011176],[118.741742,32.015684],[118.73645,32.015757],[118.736365,32.011248]]]}},{"type":"Feature","id":"g14-5","properties":{"lst_mean_c":48.4,"ndvi_mean":0.351,"green_share_pct":63.9,"hot_share_pct":49.8,"coverage_pct":88.2,"valid_pixels":255},"geometry":{"type":"Polygon","coordinates":[[[118.746948,32.011103],[118.75224,32.01103],[118.752326,32.015539],[118.747034,32.015612],[118.746948,32.011103]]]}},{"type":"Feature","id":"g15-5","properties":{"lst_mean_c":49.49,"ndvi_mean":0.308,"green_share_pct":43.8,"hot_share_pct":66.1,"coverage_pct":82.4,"valid_pixels":224},"geometry":{"type":"Polygon","coordinates":[[[118.75224,32.01103],[118.757532,32.010957],[118.757618,32.015465],[118.752326,32.015539],[118.75224,32.01103]]]}},{"type":"Feature","id":"g16-5","properties":{"lst_mean_c":49.3,"ndvi_mean":0.359,"green_share_pct":61.7,"hot_share_pct":58.5,"coverage_pct":66.8,"valid_pixels":193},"geometry":{"type":"Polygon","coordinates":[[[118.757532,32.010957],[118.762823,32.010883],[118.76291,32.015392],[118.757618,32.015465],[118.757532,32.010957]]]}},{"type":"Feature","id":"g18-5","properties":{"lst_mean_c":48.09,"ndvi_mean":0.232,"green_share_pct":28.6,"hot_share_pct":57.5,"coverage_pct":92.6,"valid_pixels":252},"geometry":{"type":"Polygon","coordinates":[[[118.768115,32.010809],[118.773406,32.010736],[118.773493,32.015244],[118.768201,32.015318],[118.768115,32.010809]]]}},{"type":"Feature","id":"g19-5","properties":{"lst_mean_c":48.32,"ndvi_mean":0.362,"green_share_pct":65.1,"hot_share_pct":58.6,"coverage_pct":90.3,"valid_pixels":261},"geometry":{"type":"Polygon","coordinates":[[[118.773406,32.010736],[118.778698,32.010661],[118.778785,32.01517],[118.773493,32.015244],[118.773406,32.010736]]]}},{"type":"Feature","id":"g20-5","properties":{"lst_mean_c":49.05,"ndvi_mean":0.384,"green_share_pct":70.1,"hot_share_pct":60.9,"coverage_pct":94.8,"valid_pixels":274},"geometry":{"type":"Polygon","coordinates":[[[118.778698,32.010661],[118.78399,32.010587],[118.784077,32.015096],[118.778785,32.01517],[118.778698,32.010661]]]}},{"type":"Feature","id":"g21-5","properties":{"lst_mean_c":50.0,"ndvi_mean":0.34,"green_share_pct":52.6,"hot_share_pct":92.3,"coverage_pct":100.0,"valid_pixels":272},"geometry":{"type":"Polygon","coordinates":[[[118.78399,32.010587],[118.789281,32.010513],[118.789369,32.015021],[118.784077,32.015096],[118.78399,32.010587]]]}},{"type":"Feature","id":"g22-5","properties":{"lst_mean_c":45.49,"ndvi_mean":0.477,"green_share_pct":84.8,"hot_share_pct":10.6,"coverage_pct":91.0,"valid_pixels":263},"geometry":{"type":"Polygon","coordinates":[[[118.789281,32.010513],[118.794573,32.010438],[118.79466,32.014947],[118.789369,32.015021],[118.789281,32.010513]]]}},{"type":"Feature","id":"g23-5","properties":{"lst_mean_c":49.25,"ndvi_mean":0.369,"green_share_pct":71.6,"hot_share_pct":81.0,"coverage_pct":100.0,"valid_pixels":289},"geometry":{"type":"Polygon","coordinates":[[[118.794573,32.010438],[118.799864,32.010363],[118.799952,32.014872],[118.79466,32.014947],[118.794573,32.010438]]]}},{"type":"Feature","id":"g29-5","properties":{"lst_mean_c":47.01,"ndvi_mean":0.39,"green_share_pct":62.2,"hot_share_pct":53.5,"coverage_pct":95.2,"valid_pixels":275},"geometry":{"type":"Polygon","coordinates":[[[118.826321,32.009985],[118.831613,32.009908],[118.831702,32.014417],[118.826411,32.014493],[118.826321,32.009985]]]}},{"type":"Feature","id":"g32-5","properties":{"lst_mean_c":45.69,"ndvi_mean":0.475,"green_share_pct":70.2,"hot_share_pct":10.0,"coverage_pct":100.0,"valid_pixels":289},"geometry":{"type":"Polygon","coordinates":[[[118.842195,32.009755],[118.847487,32.009678],[118.847577,32.014187],[118.842286,32.014264],[118.842195,32.009755]]]}},{"type":"Feature","id":"g33-5","properties":{"lst_mean_c":47.72,"ndvi_mean":0.486,"green_share_pct":94.5,"hot_share_pct":35.7,"coverage_pct":100.0,"valid_pixels":272},"geometry":{"type":"Polygon","coordinates":[[[118.847487,32.009678],[118.852778,32.009601],[118.852869,32.014109],[118.847577,32.014187],[118.847487,32.009678]]]}},{"type":"Feature","id":"g36-5","properties":{"lst_mean_c":46.67,"ndvi_mean":0.4,"green_share_pct":73.2,"hot_share_pct":13.2,"coverage_pct":100.0,"valid_pixels":272},"geometry":{"type":"Polygon","coordinates":[[[118.86336,32.009446],[118.868652,32.009368],[118.868743,32.013876],[118.863452,32.013954],[118.86336,32.009446]]]}},{"type":"Feature","id":"g37-5","properties":{"lst_mean_c":45.49,"ndvi_mean":0.488,"green_share_pct":87.5,"hot_share_pct":4.6,"coverage_pct":97.2,"valid_pixels":281},"geometry":{"type":"Polygon","coordinates":[[[118.868652,32.009368],[118.873943,32.00929],[118.874035,32.013798],[118.868743,32.013876],[118.868652,32.009368]]]}},{"type":"Feature","id":"g38-5","properties":{"lst_mean_c":45.24,"ndvi_mean":0.534,"green_share_pct":91.7,"hot_share_pct":0.0,"coverage_pct":100.0,"valid_pixels":289},"geometry":{"type":"Polygon","coordinates":[[[118.873943,32.00929],[118.879234,32.009212],[118.879326,32.01372],[118.874035,32.013798],[118.873943,32.00929]]]}},{"type":"Feature","id":"g39-5","properties":{"lst_mean_c":46.33,"ndvi_mean":0.544,"green_share_pct":97.4,"hot_share_pct":2.2,"coverage_pct":100.0,"valid_pixels":272},"geometry":{"type":"Polygon","coordinates":[[[118.879234,32.009212],[118.884525,32.009133],[118.884617,32.013641],[118.879326,32.01372],[118.879234,32.009212]]]}},{"type":"Feature","id":"g40-5","properties":{"lst_mean_c":46.32,"ndvi_mean":0.585,"green_share_pct":91.0,"hot_share_pct":27.0,"coverage_pct":100.0,"valid_pixels":289},"geometry":{"type":"Polygon","coordinates":[[[118.884525,32.009133],[118.889816,32.009054],[118.889909,32.013563],[118.884617,32.013641],[118.884525,32.009133]]]}},{"type":"Feature","id":"g41-5","properties":{"lst_mean_c":42.03,"ndvi_mean":0.705,"green_share_pct":97.9,"hot_share_pct":0.0,"coverage_pct":100.0,"valid_pixels":289},"geometry":{"type":"Polygon","coordinates":[[[118.889816,32.009054],[118.895107,32.008975],[118.8952,32.013484],[118.889909,32.013563],[118.889816,32.009054]]]}},{"type":"Feature","id":"g42-5","properties":{"lst_mean_c":42.34,"ndvi_mean":0.745,"green_share_pct":98.5,"hot_share_pct":4.8,"coverage_pct":100.0,"valid_pixels":272},"geometry":{"type":"Polygon","coordinates":[[[118.895107,32.008975],[118.900399,32.008896],[118.900492,32.013405],[118.8952,32.013484],[118.895107,32.008975]]]}},{"type":"Feature","id":"g43-5","properties":{"lst_mean_c":45.54,"ndvi_mean":0.565,"green_share_pct":93.4,"hot_share_pct":10.4,"coverage_pct":100.0,"valid_pixels":289},"geometry":{"type":"Polygon","coordinates":[[[118.900399,32.008896],[118.90569,32.008817],[118.905783,32.013325],[118.900492,32.013405],[118.900399,32.008896]]]}},{"type":"Feature","id":"g44-5","properties":{"lst_mean_c":40.94,"ndvi_mean":0.73,"green_share_pct":99.0,"hot_share_pct":0.0,"coverage_pct":100.0,"valid_pixels":289},"geometry":{"type":"Polygon","coordinates":[[[118.90569,32.008817],[118.910981,32.008737],[118.911074,32.013245],[118.905783,32.013325],[118.90569,32.008817]]]}},{"type":"Feature","id":"g45-5","properties":{"lst_mean_c":40.81,"ndvi_mean":0.723,"green_share_pct":100.0,"hot_share_pct":0.0,"coverage_pct":100.0,"valid_pixels":272},"geometry":{"type":"Polygon","coordinates":[[[118.910981,32.008737],[118.916272,32.008657],[118.916366,32.013166],[118.911074,32.013245],[118.910981,32.008737]]]}},{"type":"Feature","id":"g46-5","properties":{"lst_mean_c":44.62,"ndvi_mean":0.545,"green_share_pct":84.4,"hot_share_pct":10.0,"coverage_pct":100.0,"valid_pixels":289},"geometry":{"type":"Polygon","coordinates":[[[118.916272,32.008657],[118.921563,32.008577],[118.921657,32.013086],[118.916366,32.013166],[118.916272,32.008657]]]}},{"type":"Feature","id":"g47-5","properties":{"lst_mean_c":43.06,"ndvi_mean":0.642,"green_share_pct":96.5,"hot_share_pct":3.1,"coverage_pct":100.0,"valid_pixels":289},"geometry":{"type":"Polygon","coordinates":[[[118.921563,32.008577],[118.926854,32.008497],[118.926948,32.013005],[118.921657,32.013086],[118.921563,32.008577]]]}},{"type":"Feature","id":"g48-5","properties":{"lst_mean_c":42.33,"ndvi_mean":0.628,"green_share_pct":97.4,"hot_share_pct":0.0,"coverage_pct":100.0,"valid_pixels":272},"geometry":{"type":"Polygon","coordinates":[[[118.926854,32.008497],[118.932145,32.008416],[118.932239,32.012925],[118.926948,32.013005],[118.926854,32.008497]]]}},{"type":"Feature","id":"g49-5","properties":{"lst_mean_c":37.98,"ndvi_mean":0.778,"green_share_pct":100.0,"hot_share_pct":0.0,"coverage_pct":100.0,"valid_pixels":289},"geometry":{"type":"Polygon","coordinates":[[[118.932145,32.008416],[118.937436,32.008336],[118.937531,32.012844],[118.932239,32.012925],[118.932145,32.008416]]]}},{"type":"Feature","id":"g50-5","properties":{"lst_mean_c":38.28,"ndvi_mean":0.819,"green_share_pct":100.0,"hot_share_pct":0.0,"coverage_pct":100.0,"valid_pixels":289},"geometry":{"type":"Polygon","coordinates":[[[118.937436,32.008336],[118.942727,32.008255],[118.942822,32.012763],[118.937531,32.012844],[118.937436,32.008336]]]}},{"type":"Feature","id":"g51-5","properties":{"lst_mean_c":39.03,"ndvi_mean":0.779,"green_share_pct":100.0,"hot_share_pct":0.0,"coverage_pct":100.0,"valid_pixels":272},"geometry":{"type":"Polygon","coordinates":[[[118.942727,32.008255],[118.948018,32.008174],[118.948113,32.012682],[118.942822,32.012763],[118.942727,32.008255]]]}},{"type":"Feature","id":"g52-5","properties":{"lst_mean_c":37.99,"ndvi_mean":0.799,"green_share_pct":100.0,"hot_share_pct":0.0,"coverage_pct":100.0,"valid_pixels":136},"geometry":{"type":"Polygon","coordinates":[[[118.948018,32.008174],[118.953308,32.008092],[118.953404,32.0126],[118.948113,32.012682],[118.948018,32.008174]]]}},{"type":"Feature","id":"g1-6","properties":{"lst_mean_c":42.44,"ndvi_mean":0.56,"green_share_pct":98.3,"hot_share_pct":3.4,"coverage_pct":81.7,"valid_pixels":236},"geometry":{"type":"Polygon","coordinates":[[[118.678237,32.016541],[118.683529,32.016471],[118.683612,32.02098],[118.678319,32.02105],[118.678237,32.016541]]]}},{"type":"Feature","id":"g3-6","properties":{"lst_mean_c":44.99,"ndvi_mean":0.53,"green_share_pct":89.3,"hot_share_pct":0.0,"coverage_pct":100.0,"valid_pixels":272},"geometry":{"type":"Polygon","coordinates":[[[118.688821,32.0164],[118.694114,32.01633],[118.694197,32.020839],[118.688904,32.020909],[118.688821,32.0164]]]}},{"type":"Feature","id":"g4-6","properties":{"lst_mean_c":42.88,"ndvi_mean":0.561,"green_share_pct":86.9,"hot_share_pct":0.0,"coverage_pct":60.9,"valid_pixels":176},"geometry":{"type":"Polygon","coordinates":[[[118.694114,32.01633],[118.699406,32.016259],[118.699489,32.020768],[118.694197,32.020839],[118.694114,32.01633]]]}},{"type":"Feature","id":"g6-6","properties":{"lst_mean_c":44.72,"ndvi_mean":0.52,"green_share_pct":89.2,"hot_share_pct":0.0,"coverage_pct":75.0,"valid_pixels":204},"geometry":{"type":"Polygon","coordinates":[[[118.704698,32.016188],[118.70999,32.016117],[118.710074,32.020625],[118.704781,32.020697],[118.704698,32.016188]]]}},{"type":"Feature","id":"g9-6","properties":{"lst_mean_c":45.25,"ndvi_mean":0.564,"green_share_pct":95.6,"hot_share_pct":0.0,"coverage_pct":100.0,"valid_pixels":272},"geometry":{"type":"Polygon","coordinates":[[[118.720574,32.015973],[118.725866,32.015901],[118.725951,32.02041],[118.720658,32.020482],[118.720574,32.015973]]]}},{"type":"Feature","id":"g12-6","properties":{"lst_mean_c":46.64,"ndvi_mean":0.473,"green_share_pct":88.4,"hot_share_pct":21.7,"coverage_pct":91.5,"valid_pixels":249},"geometry":{"type":"Polygon","coordinates":[[[118.73645,32.015757],[118.741742,32.015684],[118.741827,32.020193],[118.736535,32.020266],[118.73645,32.015757]]]}},{"type":"Feature","id":"g15-6","properties":{"lst_mean_c":49.68,"ndvi_mean":0.319,"green_share_pct":50.9,"hot_share_pct":73.8,"coverage_pct":99.6,"valid_pixels":271},"geometry":{"type":"Polygon","coordinates":[[[118.752326,32.015539],[118.757618,32.015465],[118.757704,32.019974],[118.752412,32.020047],[118.752326,32.015539]]]}},{"type":"Feature","id":"g16-6","properties":{"lst_mean_c":46.16,"ndvi_mean":0.38,"green_share_pct":65.1,"hot_share_pct":23.0,"coverage_pct":81.3,"valid_pixels":235},"geometry":{"type":"Polygon","coordinates":[[[118.757618,32.015465],[118.76291,32.015392],[118.762996,32.019901],[118.757704,32.019974],[118.757618,32.015465]]]}},{"type":"Feature","id":"g17-6","properties":{"lst_mean_c":51.57,"ndvi_mean":0.297,"green_share_pct":41.2,"hot_share_pct":87.8,"coverage_pct":88.2,"valid_pixels":255},"geometry":{"type":"Polygon","coordinates":[[[118.76291,32.015392],[118.768201,32.015318],[118.768288,32.019827],[118.762996,32.019901],[118.76291,32.015392]]]}},{"type":"Feature","id":"g18-6","properties":{"lst_mean_c":52.85,"ndvi_mean":0.283,"green_share_pct":31.0,"hot_share_pct":90.0,"coverage_pct":99.6,"valid_pixels":271},"geometry":{"type":"Polygon","coordinates":[[[118.768201,32.015318],[118.773493,32.015244],[118.77358,32.019753],[118.768288,32.019827],[118.768201,32.015318]]]}},{"type":"Feature","id":"g19-6","properties":{"lst_mean_c":52.22,"ndvi_mean":0.324,"green_share_pct":51.2,"hot_share_pct":100.0,"coverage_pct":100.0,"valid_pixels":289},"geometry":{"type":"Polygon","coordinates":[[[118.773493,32.015244],[118.778785,32.01517],[118.778872,32.019679],[118.77358,32.019753],[118.773493,32.015244]]]}},{"type":"Feature","id":"g20-6","properties":{"lst_mean_c":51.49,"ndvi_mean":0.303,"green_share_pct":43.3,"hot_share_pct":99.7,"coverage_pct":100.0,"valid_pixels":289},"geometry":{"type":"Polygon","coordinates":[[[118.778785,32.01517],[118.784077,32.015096],[118.784164,32.019605],[118.778872,32.019679],[118.778785,32.01517]]]}},{"type":"Feature","id":"g21-6","properties":{"lst_mean_c":50.1,"ndvi_mean":0.34,"green_share_pct":49.6,"hot_share_pct":83.8,"coverage_pct":100.0,"valid_pixels":272},"geometry":{"type":"Polygon","coordinates":[[[118.784077,32.015096],[118.789369,32.015021],[118.789456,32.01953],[118.784164,32.019605],[118.784077,32.015096]]]}},{"type":"Feature","id":"g22-6","properties":{"lst_mean_c":45.39,"ndvi_mean":0.392,"green_share_pct":68.0,"hot_share_pct":15.0,"coverage_pct":92.0,"valid_pixels":266},"geometry":{"type":"Polygon","coordinates":[[[118.789369,32.015021],[118.79466,32.014947],[118.794748,32.019455],[118.789456,32.01953],[118.789369,32.015021]]]}},{"type":"Feature","id":"g23-6","properties":{"lst_mean_c":45.61,"ndvi_mean":0.37,"green_share_pct":76.0,"hot_share_pct":2.0,"coverage_pct":85.1,"valid_pixels":246},"geometry":{"type":"Polygon","coordinates":[[[118.79466,32.014947],[118.799952,32.014872],[118.80004,32.01938],[118.794748,32.019455],[118.79466,32.014947]]]}},{"type":"Feature","id":"g24-6","properties":{"lst_mean_c":46.06,"ndvi_mean":0.358,"green_share_pct":68.8,"hot_share_pct":19.1,"coverage_pct":79.0,"valid_pixels":215},"geometry":{"type":"Polygon","coordinates":[[[118.799952,32.014872],[118.805244,32.014796],[118.805332,32.019305],[118.80004,32.01938],[118.799952,32.014872]]]}},{"type":"Feature","id":"g26-6","properties":{"lst_mean_c":45.86,"ndvi_mean":0.534,"green_share_pct":92.3,"hot_share_pct":6.9,"coverage_pct":80.6,"valid_pixels":233},"geometry":{"type":"Polygon","coordinates":[[[118.810536,32.014721],[118.815827,32.014645],[118.815916,32.019154],[118.810624,32.019229],[118.810536,32.014721]]]}},{"type":"Feature","id":"g27-6","properties":{"lst_mean_c":46.69,"ndvi_mean":0.29,"green_share_pct":44.9,"hot_share_pct":18.0,"coverage_pct":75.4,"valid_pixels":205},"geometry":{"type":"Polygon","coordinates":[[[118.815827,32.014645],[118.821119,32.014569],[118.821208,32.019078],[118.815916,32.019154],[118.815827,32.014645]]]}},{"type":"Feature","id":"g28-6","properties":{"lst_mean_c":51.09,"ndvi_mean":0.292,"green_share_pct":43.8,"hot_share_pct":87.1,"coverage_pct":80.6,"valid_pixels":233},"geometry":{"type":"Polygon","coordinates":[[[118.821119,32.014569],[118.826411,32.014493],[118.8265,32.019002],[118.821208,32.019078],[118.821119,32.014569]]]}},{"type":"Feature","id":"g29-6","properties":{"lst_mean_c":51.54,"ndvi_mean":0.331,"green_share_pct":53.0,"hot_share_pct":79.8,"coverage_pct":87.5,"valid_pixels":253},"geometry":{"type":"Polygon","coordinates":[[[118.826411,32.014493],[118.831702,32.014417],[118.831792,32.018925],[118.8265,32.019002],[118.826411,32.014493]]]}},{"type":"Feature","id":"g32-6","properties":{"lst_mean_c":44.84,"ndvi_mean":0.533,"green_share_pct":79.1,"hot_share_pct":11.8,"coverage_pct":73.0,"valid_pixels":211},"geometry":{"type":"Polygon","coordinates":[[[118.842286,32.014264],[118.847577,32.014187],[118.847668,32.018695],[118.842376,32.018772],[118.842286,32.014264]]]}},{"type":"Feature","id":"g33-6","properties":{"lst_mean_c":49.28,"ndvi_mean":0.31,"green_share_pct":40.8,"hot_share_pct":66.2,"coverage_pct":95.6,"valid_pixels":260},"geometry":{"type":"Polygon","coordinates":[[[118.847577,32.014187],[118.852869,32.014109],[118.852959,32.018618],[118.847668,32.018695],[118.847577,32.014187]]]}},{"type":"Feature","id":"g34-6","properties":{"lst_mean_c":46.45,"ndvi_mean":0.56,"green_share_pct":97.2,"hot_share_pct":6.8,"coverage_pct":60.9,"valid_pixels":176},"geometry":{"type":"Polygon","coordinates":[[[118.852869,32.014109],[118.85816,32.014032],[118.858251,32.01854],[118.852959,32.018618],[118.852869,32.014109]]]}},{"type":"Feature","id":"g36-6","properties":{"lst_mean_c":48.33,"ndvi_mean":0.361,"green_share_pct":59.6,"hot_share_pct":46.0,"coverage_pct":100.0,"valid_pixels":272},"geometry":{"type":"Polygon","coordinates":[[[118.863452,32.013954],[118.868743,32.013876],[118.868835,32.018385],[118.863543,32.018463],[118.863452,32.013954]]]}},{"type":"Feature","id":"g37-6","properties":{"lst_mean_c":48.46,"ndvi_mean":0.381,"green_share_pct":64.0,"hot_share_pct":65.4,"coverage_pct":100.0,"valid_pixels":289},"geometry":{"type":"Polygon","coordinates":[[[118.868743,32.013876],[118.874035,32.013798],[118.874126,32.018307],[118.868835,32.018385],[118.868743,32.013876]]]}},{"type":"Feature","id":"g38-6","properties":{"lst_mean_c":45.49,"ndvi_mean":0.519,"green_share_pct":97.2,"hot_share_pct":1.0,"coverage_pct":99.7,"valid_pixels":288},"geometry":{"type":"Polygon","coordinates":[[[118.874035,32.013798],[118.879326,32.01372],[118.879418,32.018228],[118.874126,32.018307],[118.874035,32.013798]]]}},{"type":"Feature","id":"g39-6","properties":{"lst_mean_c":46.3,"ndvi_mean":0.534,"green_share_pct":96.3,"hot_share_pct":11.8,"coverage_pct":100.0,"valid_pixels":272},"geometry":{"type":"Polygon","coordinates":[[[118.879326,32.01372],[118.884617,32.013641],[118.88471,32.01815],[118.879418,32.018228],[118.879326,32.01372]]]}},{"type":"Feature","id":"g40-6","properties":{"lst_mean_c":47.28,"ndvi_mean":0.469,"green_share_pct":82.0,"hot_share_pct":27.0,"coverage_pct":100.0,"valid_pixels":289},"geometry":{"type":"Polygon","coordinates":[[[118.884617,32.013641],[118.889909,32.013563],[118.890001,32.018071],[118.88471,32.01815],[118.884617,32.013641]]]}},{"type":"Feature","id":"g41-6","properties":{"lst_mean_c":47.03,"ndvi_mean":0.591,"green_share_pct":96.9,"hot_share_pct":28.0,"coverage_pct":100.0,"valid_pixels":289},"geometry":{"type":"Polygon","coordinates":[[[118.889909,32.013563],[118.8952,32.013484],[118.895293,32.017992],[118.890001,32.018071],[118.889909,32.013563]]]}},{"type":"Feature","id":"g42-6","properties":{"lst_mean_c":47.56,"ndvi_mean":0.532,"green_share_pct":85.3,"hot_share_pct":34.9,"coverage_pct":100.0,"valid_pixels":272},"geometry":{"type":"Polygon","coordinates":[[[118.8952,32.013484],[118.900492,32.013405],[118.900585,32.017913],[118.895293,32.017992],[118.8952,32.013484]]]}},{"type":"Feature","id":"g43-6","properties":{"lst_mean_c":43.64,"ndvi_mean":0.616,"green_share_pct":95.2,"hot_share_pct":4.8,"coverage_pct":100.0,"valid_pixels":289},"geometry":{"type":"Polygon","coordinates":[[[118.900492,32.013405],[118.905783,32.013325],[118.905876,32.017834],[118.900585,32.017913],[118.900492,32.013405]]]}},{"type":"Feature","id":"g44-6","properties":{"lst_mean_c":40.37,"ndvi_mean":0.765,"green_share_pct":100.0,"hot_share_pct":0.0,"coverage_pct":100.0,"valid_pixels":289},"geometry":{"type":"Polygon","coordinates":[[[118.905783,32.013325],[118.911074,32.013245],[118.911168,32.017754],[118.905876,32.017834],[118.905783,32.013325]]]}},{"type":"Feature","id":"g45-6","properties":{"lst_mean_c":43.32,"ndvi_mean":0.629,"green_share_pct":98.2,"hot_share_pct":1.1,"coverage_pct":99.6,"valid_pixels":271},"geometry":{"type":"Polygon","coordinates":[[[118.911074,32.013245],[118.916366,32.013166],[118.916459,32.017674],[118.911168,32.017754],[118.911074,32.013245]]]}},{"type":"Feature","id":"g46-6","properties":{"lst_mean_c":45.12,"ndvi_mean":0.521,"green_share_pct":85.8,"hot_share_pct":11.8,"coverage_pct":100.0,"valid_pixels":289},"geometry":{"type":"Polygon","coordinates":[[[118.916366,32.013166],[118.921657,32.013086],[118.921751,32.017594],[118.916459,32.017674],[118.916366,32.013166]]]}},{"type":"Feature","id":"g47-6","properties":{"lst_mean_c":43.75,"ndvi_mean":0.593,"green_share_pct":92.7,"hot_share_pct":8.3,"coverage_pct":100.0,"valid_pixels":289},"geometry":{"type":"Polygon","coordinates":[[[118.921657,32.013086],[118.926948,32.013005],[118.927043,32.017514],[118.921751,32.017594],[118.921657,32.013086]]]}},{"type":"Feature","id":"g48-6","properties":{"lst_mean_c":44.47,"ndvi_mean":0.548,"green_share_pct":77.2,"hot_share_pct":12.5,"coverage_pct":100.0,"valid_pixels":272},"geometry":{"type":"Polygon","coordinates":[[[118.926948,32.013005],[118.932239,32.012925],[118.932334,32.017433],[118.927043,32.017514],[118.926948,32.013005]]]}},{"type":"Feature","id":"g49-6","properties":{"lst_mean_c":39.95,"ndvi_mean":0.735,"green_share_pct":96.2,"hot_share_pct":0.3,"coverage_pct":100.0,"valid_pixels":289},"geometry":{"type":"Polygon","coordinates":[[[118.932239,32.012925],[118.937531,32.012844],[118.937626,32.017352],[118.932334,32.017433],[118.932239,32.012925]]]}},{"type":"Feature","id":"g50-6","properties":{"lst_mean_c":38.47,"ndvi_mean":0.806,"green_share_pct":100.0,"hot_share_pct":0.0,"coverage_pct":100.0,"valid_pixels":289},"geometry":{"type":"Polygon","coordinates":[[[118.937531,32.012844],[118.942822,32.012763],[118.942917,32.017271],[118.937626,32.017352],[118.937531,32.012844]]]}},{"type":"Feature","id":"g51-6","properties":{"lst_mean_c":38.73,"ndvi_mean":0.795,"green_share_pct":100.0,"hot_share_pct":0.0,"coverage_pct":100.0,"valid_pixels":272},"geometry":{"type":"Polygon","coordinates":[[[118.942822,32.012763],[118.948113,32.012682],[118.948208,32.01719],[118.942917,32.017271],[118.942822,32.012763]]]}},{"type":"Feature","id":"g52-6","properties":{"lst_mean_c":39.14,"ndvi_mean":0.697,"green_share_pct":93.4,"hot_share_pct":0.0,"coverage_pct":100.0,"valid_pixels":136},"geometry":{"type":"Polygon","coordinates":[[[118.948113,32.012682],[118.953404,32.0126],[118.9535,32.017109],[118.948208,32.01719],[118.948113,32.012682]]]}},{"type":"Feature","id":"g3-7","properties":{"lst_mean_c":44.12,"ndvi_mean":0.555,"green_share_pct":94.9,"hot_share_pct":0.4,"coverage_pct":100.0,"valid_pixels":256},"geometry":{"type":"Polygon","coordinates":[[[118.688904,32.020909],[118.694197,32.020839],[118.69428,32.025348],[118.688987,32.025418],[118.688904,32.020909]]]}},{"type":"Feature","id":"g4-7","properties":{"lst_mean_c":42.62,"ndvi_mean":0.57,"green_share_pct":91.6,"hot_share_pct":0.0,"coverage_pct":87.1,"valid_pixels":237},"geometry":{"type":"Polygon","coordinates":[[[118.694197,32.020839],[118.699489,32.020768],[118.699572,32.025277],[118.69428,32.025348],[118.694197,32.020839]]]}},{"type":"Feature","id":"g6-7","properties":{"lst_mean_c":46.67,"ndvi_mean":0.485,"green_share_pct":78.6,"hot_share_pct":22.9,"coverage_pct":78.5,"valid_pixels":201},"geometry":{"type":"Polygon","coordinates":[[[118.704781,32.020697],[118.710074,32.020625],[118.710157,32.025134],[118.704865,32.025206],[118.704781,32.020697]]]}},{"type":"Feature","id":"g7-7","properties":{"lst_mean_c":45.57,"ndvi_mean":0.484,"green_share_pct":77.6,"hot_share_pct":8.3,"coverage_pct":70.6,"valid_pixels":192},"geometry":{"type":"Polygon","coordinates":[[[118.710074,32.020625],[118.715366,32.020554],[118.71545,32.025063],[118.710157,32.025134],[118.710074,32.020625]]]}},{"type":"Feature","id":"g12-7","properties":{"lst_mean_c":48.54,"ndvi_mean":0.367,"green_share_pct":61.4,"hot_share_pct":47.8,"coverage_pct":89.1,"valid_pixels":228},"geometry":{"type":"Polygon","coordinates":[[[118.736535,32.020266],[118.741827,32.020193],[118.741913,32.024702],[118.73662,32.024775],[118.736535,32.020266]]]}},{"type":"Feature","id":"g13-7","properties":{"lst_mean_c":48.9,"ndvi_mean":0.396,"green_share_pct":75.7,"hot_share_pct":56.2,"coverage_pct":100.0,"valid_pixels":272},"geometry":{"type":"Polygon","coordinates":[[[118.741827,32.020193],[118.747119,32.02012],[118.747205,32.024629],[118.741913,32.024702],[118.741827,32.020193]]]}},{"type":"Feature","id":"g14-7","properties":{"lst_mean_c":49.29,"ndvi_mean":0.34,"green_share_pct":69.5,"hot_share_pct":80.9,"coverage_pct":100.0,"valid_pixels":272},"geometry":{"type":"Polygon","coordinates":[[[118.747119,32.02012],[118.752412,32.020047],[118.752497,32.024556],[118.747205,32.024629],[118.747119,32.02012]]]}},{"type":"Feature","id":"g15-7","properties":{"lst_mean_c":48.8,"ndvi_mean":0.346,"green_share_pct":57.3,"hot_share_pct":66.4,"coverage_pct":98.8,"valid_pixels":253},"geometry":{"type":"Polygon","coordinates":[[[118.752412,32.020047],[118.757704,32.019974],[118.75779,32.024483],[118.752497,32.024556],[118.752412,32.020047]]]}},{"type":"Feature","id":"g16-7","properties":{"lst_mean_c":46.02,"ndvi_mean":0.448,"green_share_pct":82.1,"hot_share_pct":0.9,"coverage_pct":86.4,"valid_pixels":235},"geometry":{"type":"Polygon","coordinates":[[[118.757704,32.019974],[118.762996,32.019901],[118.763082,32.024409],[118.75779,32.024483],[118.757704,32.019974]]]}},{"type":"Feature","id":"g17-7","properties":{"lst_mean_c":50.02,"ndvi_mean":0.344,"green_share_pct":54.4,"hot_share_pct":89.3,"coverage_pct":100.0,"valid_pixels":272},"geometry":{"type":"Polygon","coordinates":[[[118.762996,32.019901],[118.768288,32.019827],[118.768375,32.024336],[118.763082,32.024409],[118.762996,32.019901]]]}},{"type":"Feature","id":"g18-7","properties":{"lst_mean_c":49.53,"ndvi_mean":0.354,"green_share_pct":56.6,"hot_share_pct":81.6,"coverage_pct":100.0,"valid_pixels":256},"geometry":{"type":"Polygon","coordinates":[[[118.768288,32.019827],[118.77358,32.019753],[118.773667,32.024262],[118.768375,32.024336],[118.768288,32.019827]]]}},{"type":"Feature","id":"g19-7","properties":{"lst_mean_c":51.35,"ndvi_mean":0.28,"green_share_pct":33.5,"hot_share_pct":100.0,"coverage_pct":100.0,"valid_pixels":272},"geometry":{"type":"Polygon","coordinates":[[[118.77358,32.019753],[118.778872,32.019679],[118.778959,32.024188],[118.773667,32.024262],[118.77358,32.019753]]]}},{"type":"Feature","id":"g20-7","properties":{"lst_mean_c":51.55,"ndvi_mean":0.325,"green_share_pct":49.6,"hot_share_pct":100.0,"coverage_pct":100.0,"valid_pixels":272},"geometry":{"type":"Polygon","coordinates":[[[118.778872,32.019679],[118.784164,32.019605],[118.784252,32.024113],[118.778959,32.024188],[118.778872,32.019679]]]}},{"type":"Feature","id":"g21-7","properties":{"lst_mean_c":48.37,"ndvi_mean":0.367,"green_share_pct":60.4,"hot_share_pct":55.7,"coverage_pct":99.6,"valid_pixels":255},"geometry":{"type":"Polygon","coordinates":[[[118.784164,32.019605],[118.789456,32.01953],[118.789544,32.024039],[118.784252,32.024113],[118.784164,32.019605]]]}},{"type":"Feature","id":"g22-7","properties":{"lst_mean_c":45.77,"ndvi_mean":0.419,"green_share_pct":72.0,"hot_share_pct":13.8,"coverage_pct":98.5,"valid_pixels":268},"geometry":{"type":"Polygon","coordinates":[[[118.789456,32.01953],[118.794748,32.019455],[118.794836,32.023964],[118.789544,32.024039],[118.789456,32.01953]]]}},{"type":"Feature","id":"g23-7","properties":{"lst_mean_c":45.95,"ndvi_mean":0.388,"green_share_pct":68.8,"hot_share_pct":25.2,"coverage_pct":97.8,"valid_pixels":266},"geometry":{"type":"Polygon","coordinates":[[[118.794748,32.019455],[118.80004,32.01938],[118.800129,32.023889],[118.794836,32.023964],[118.794748,32.019455]]]}},{"type":"Feature","id":"g24-7","properties":{"lst_mean_c":46.69,"ndvi_mean":0.359,"green_share_pct":60.9,"hot_share_pct":23.6,"coverage_pct":91.0,"valid_pixels":233},"geometry":{"type":"Polygon","coordinates":[[[118.80004,32.01938],[118.805332,32.019305],[118.805421,32.023814],[118.800129,32.023889],[118.80004,32.01938]]]}},{"type":"Feature","id":"g25-7","properties":{"lst_mean_c":48.31,"ndvi_mean":0.349,"green_share_pct":58.5,"hot_share_pct":62.4,"coverage_pct":86.0,"valid_pixels":234},"geometry":{"type":"Polygon","coordinates":[[[118.805332,32.019305],[118.810624,32.019229],[118.810713,32.023738],[118.805421,32.023814],[118.805332,32.019305]]]}},{"type":"Feature","id":"g27-7","properties":{"lst_mean_c":47.06,"ndvi_mean":0.316,"green_share_pct":47.2,"hot_share_pct":20.0,"coverage_pct":91.8,"valid_pixels":235},"geometry":{"type":"Polygon","coordinates":[[[118.815916,32.019154],[118.821208,32.019078],[118.821297,32.023587],[118.816005,32.023662],[118.815916,32.019154]]]}},{"type":"Feature","id":"g28-7","properties":{"lst_mean_c":49.69,"ndvi_mean":0.359,"green_share_pct":57.7,"hot_share_pct":80.5,"coverage_pct":98.2,"valid_pixels":267},"geometry":{"type":"Polygon","coordinates":[[[118.821208,32.019078],[118.8265,32.019002],[118.82659,32.02351],[118.821297,32.023587],[118.821208,32.019078]]]}},{"type":"Feature","id":"g29-7","properties":{"lst_mean_c":50.34,"ndvi_mean":0.377,"green_share_pct":64.3,"hot_share_pct":79.4,"coverage_pct":73.2,"valid_pixels":199},"geometry":{"type":"Polygon","coordinates":[[[118.8265,32.019002],[118.831792,32.018925],[118.831882,32.023434],[118.82659,32.02351],[118.8265,32.019002]]]}},{"type":"Feature","id":"g33-7","properties":{"lst_mean_c":48.41,"ndvi_mean":0.424,"green_share_pct":78.4,"hot_share_pct":51.5,"coverage_pct":66.8,"valid_pixels":171},"geometry":{"type":"Polygon","coordinates":[[[118.847668,32.018695],[118.852959,32.018618],[118.85305,32.023126],[118.847758,32.023204],[118.847668,32.018695]]]}},{"type":"Feature","id":"g34-7","properties":{"lst_mean_c":47.23,"ndvi_mean":0.465,"green_share_pct":81.0,"hot_share_pct":28.6,"coverage_pct":92.6,"valid_pixels":252},"geometry":{"type":"Polygon","coordinates":[[[118.852959,32.018618],[118.858251,32.01854],[118.858342,32.023049],[118.85305,32.023126],[118.852959,32.018618]]]}},{"type":"Feature","id":"g36-7","properties":{"lst_mean_c":48.35,"ndvi_mean":0.38,"green_share_pct":69.9,"hot_share_pct":61.8,"coverage_pct":96.1,"valid_pixels":246},"geometry":{"type":"Polygon","coordinates":[[[118.863543,32.018463],[118.868835,32.018385],[118.868926,32.022893],[118.863634,32.022971],[118.863543,32.018463]]]}},{"type":"Feature","id":"g37-7","properties":{"lst_mean_c":48.86,"ndvi_mean":0.407,"green_share_pct":75.4,"hot_share_pct":69.5,"coverage_pct":100.0,"valid_pixels":272},"geometry":{"type":"Polygon","coordinates":[[[118.868835,32.018385],[118.874126,32.018307],[118.874218,32.022815],[118.868926,32.022893],[118.868835,32.018385]]]}},{"type":"Feature","id":"g38-7","properties":{"lst_mean_c":47.66,"ndvi_mean":0.435,"green_share_pct":78.7,"hot_share_pct":51.1,"coverage_pct":100.0,"valid_pixels":272},"geometry":{"type":"Polygon","coordinates":[[[118.874126,32.018307],[118.879418,32.018228],[118.87951,32.022737],[118.874218,32.022815],[118.874126,32.018307]]]}},{"type":"Feature","id":"g39-7","properties":{"lst_mean_c":45.44,"ndvi_mean":0.471,"green_share_pct":87.1,"hot_share_pct":7.0,"coverage_pct":100.0,"valid_pixels":256},"geometry":{"type":"Polygon","coordinates":[[[118.879418,32.018228],[118.88471,32.01815],[118.884802,32.022658],[118.87951,32.022737],[118.879418,32.018228]]]}},{"type":"Feature","id":"g40-7","properties":{"lst_mean_c":45.82,"ndvi_mean":0.532,"green_share_pct":89.9,"hot_share_pct":3.9,"coverage_pct":94.9,"valid_pixels":258},"geometry":{"type":"Polygon","coordinates":[[[118.88471,32.01815],[118.890001,32.018071],[118.890094,32.02258],[118.884802,32.022658],[118.88471,32.01815]]]}},{"type":"Feature","id":"g41-7","properties":{"lst_mean_c":47.57,"ndvi_mean":0.343,"green_share_pct":49.1,"hot_share_pct":38.4,"coverage_pct":99.6,"valid_pixels":271},"geometry":{"type":"Polygon","coordinates":[[[118.890001,32.018071],[118.895293,32.017992],[118.895386,32.022501],[118.890094,32.02258],[118.890001,32.018071]]]}},{"type":"Feature","id":"g42-7","properties":{"lst_mean_c":47.9,"ndvi_mean":0.495,"green_share_pct":87.5,"hot_share_pct":49.2,"coverage_pct":100.0,"valid_pixels":256},"geometry":{"type":"Polygon","coordinates":[[[118.895293,32.017992],[118.900585,32.017913],[118.900678,32.022421],[118.895386,32.022501],[118.895293,32.017992]]]}},{"type":"Feature","id":"g43-7","properties":{"lst_mean_c":45.57,"ndvi_mean":0.578,"green_share_pct":97.1,"hot_share_pct":14.7,"coverage_pct":100.0,"valid_pixels":272},"geometry":{"type":"Polygon","coordinates":[[[118.900585,32.017913],[118.905876,32.017834],[118.90597,32.022342],[118.900678,32.022421],[118.900585,32.017913]]]}},{"type":"Feature","id":"g44-7","properties":{"lst_mean_c":45.24,"ndvi_mean":0.544,"green_share_pct":85.7,"hot_share_pct":20.2,"coverage_pct":100.0,"valid_pixels":272},"geometry":{"type":"Polygon","coordinates":[[[118.905876,32.017834],[118.911168,32.017754],[118.911262,32.022262],[118.90597,32.022342],[118.905876,32.017834]]]}},{"type":"Feature","id":"g45-7","properties":{"lst_mean_c":43.92,"ndvi_mean":0.679,"green_share_pct":97.3,"hot_share_pct":3.1,"coverage_pct":100.0,"valid_pixels":256},"geometry":{"type":"Polygon","coordinates":[[[118.911168,32.017754],[118.916459,32.017674],[118.916553,32.022182],[118.911262,32.022262],[118.911168,32.017754]]]}},{"type":"Feature","id":"g46-7","properties":{"lst_mean_c":41.22,"ndvi_mean":0.674,"green_share_pct":94.9,"hot_share_pct":0.0,"coverage_pct":100.0,"valid_pixels":272},"geometry":{"type":"Polygon","coordinates":[[[118.916459,32.017674],[118.921751,32.017594],[118.921845,32.022102],[118.916553,32.022182],[118.916459,32.017674]]]}},{"type":"Feature","id":"g47-7","properties":{"lst_mean_c":42.13,"ndvi_mean":0.633,"green_share_pct":84.6,"hot_share_pct":1.5,"coverage_pct":100.0,"valid_pixels":272},"geometry":{"type":"Polygon","coordinates":[[[118.921751,32.017594],[118.927043,32.017514],[118.927137,32.022022],[118.921845,32.022102],[118.921751,32.017594]]]}},{"type":"Feature","id":"g48-7","properties":{"lst_mean_c":42.01,"ndvi_mean":0.68,"green_share_pct":98.4,"hot_share_pct":5.1,"coverage_pct":100.0,"valid_pixels":256},"geometry":{"type":"Polygon","coordinates":[[[118.927043,32.017514],[118.932334,32.017433],[118.932429,32.021941],[118.927137,32.022022],[118.927043,32.017514]]]}},{"type":"Feature","id":"g49-7","properties":{"lst_mean_c":43.22,"ndvi_mean":0.641,"green_share_pct":96.7,"hot_share_pct":0.0,"coverage_pct":100.0,"valid_pixels":272},"geometry":{"type":"Polygon","coordinates":[[[118.932334,32.017433],[118.937626,32.017352],[118.93772,32.021861],[118.932429,32.021941],[118.932334,32.017433]]]}},{"type":"Feature","id":"g50-7","properties":{"lst_mean_c":39.44,"ndvi_mean":0.747,"green_share_pct":100.0,"hot_share_pct":0.0,"coverage_pct":100.0,"valid_pixels":272},"geometry":{"type":"Polygon","coordinates":[[[118.937626,32.017352],[118.942917,32.017271],[118.943012,32.02178],[118.93772,32.021861],[118.937626,32.017352]]]}},{"type":"Feature","id":"g51-7","properties":{"lst_mean_c":38.72,"ndvi_mean":0.811,"green_share_pct":100.0,"hot_share_pct":0.0,"coverage_pct":100.0,"valid_pixels":256},"geometry":{"type":"Polygon","coordinates":[[[118.942917,32.017271],[118.948208,32.01719],[118.948304,32.021698],[118.943012,32.02178],[118.942917,32.017271]]]}},{"type":"Feature","id":"g52-7","properties":{"lst_mean_c":38.59,"ndvi_mean":0.82,"green_share_pct":100.0,"hot_share_pct":0.0,"coverage_pct":100.0,"valid_pixels":128},"geometry":{"type":"Polygon","coordinates":[[[118.948208,32.01719],[118.9535,32.017109],[118.953596,32.021617],[118.948304,32.021698],[118.948208,32.01719]]]}},{"type":"Feature","id":"g2-8","properties":{"lst_mean_c":41.34,"ndvi_mean":0.564,"green_share_pct":92.8,"hot_share_pct":0.0,"coverage_pct":86.5,"valid_pixels":250},"geometry":{"type":"Polygon","coordinates":[[[118.683694,32.025489],[118.688987,32.025418],[118.68907,32.029927],[118.683777,32.029997],[118.683694,32.025489]]]}},{"type":"Feature","id":"g3-8","properties":{"lst_mean_c":44.58,"ndvi_mean":0.479,"green_share_pct":90.1,"hot_share_pct":1.5,"coverage_pct":100.0,"valid_pixels":272},"geometry":{"type":"Polygon","coordinates":[[[118.688987,32.025418],[118.69428,32.025348],[118.694363,32.029856],[118.68907,32.029927],[118.688987,32.025418]]]}},{"type":"Feature","id":"g4-8","properties":{"lst_mean_c":44.04,"ndvi_mean":0.475,"green_share_pct":84.1,"hot_share_pct":0.3,"coverage_pct":100.0,"valid_pixels":289},"geometry":{"type":"Polygon","coordinates":[[[118.69428,32.025348],[118.699572,32.025277],[118.699655,32.029786],[118.694363,32.029856],[118.69428,32.025348]]]}},{"type":"Feature","id":"g7-8","properties":{"lst_mean_c":43.73,"ndvi_mean":0.537,"green_share_pct":78.2,"hot_share_pct":0.0,"coverage_pct":100.0,"valid_pixels":289},"geometry":{"type":"Polygon","coordinates":[[[118.710157,32.025134],[118.71545,32.025063],[118.715534,32.029572],[118.710241,32.029643],[118.710157,32.025134]]]}},{"type":"Feature","id":"g8-8","properties":{"lst_mean_c":44.9,"ndvi_mean":0.525,"green_share_pct":92.0,"hot_share_pct":3.8,"coverage_pct":100.0,"valid_pixels":289},"geometry":{"type":"Polygon","coordinates":[[[118.71545,32.025063],[118.720743,32.024991],[118.720827,32.0295],[118.715534,32.029572],[118.71545,32.025063]]]}},{"type":"Feature","id":"g12-8","properties":{"lst_mean_c":46.53,"ndvi_mean":0.47,"green_share_pct":84.6,"hot_share_pct":12.3,"coverage_pct":95.6,"valid_pixels":260},"geometry":{"type":"Polygon","coordinates":[[[118.73662,32.024775],[118.741913,32.024702],[118.741998,32.029211],[118.736705,32.029283],[118.73662,32.024775]]]}},{"type":"Feature","id":"g13-8","properties":{"lst_mean_c":49.87,"ndvi_mean":0.373,"green_share_pct":69.9,"hot_share_pct":80.6,"coverage_pct":100.0,"valid_pixels":289},"geometry":{"type":"Polygon","coordinates":[[[118.741913,32.024702],[118.747205,32.024629],[118.747291,32.029138],[118.741998,32.029211],[118.741913,32.024702]]]}},{"type":"Feature","id":"g14-8","properties":{"lst_mean_c":50.57,"ndvi_mean":0.297,"green_share_pct":42.2,"hot_share_pct":100.0,"coverage_pct":100.0,"valid_pixels":289},"geometry":{"type":"Polygon","coordinates":[[[118.747205,32.024629],[118.752497,32.024556],[118.752583,32.029065],[118.747291,32.029138],[118.747205,32.024629]]]}},{"type":"Feature","id":"g15-8","properties":{"lst_mean_c":49.6,"ndvi_mean":0.341,"green_share_pct":58.5,"hot_share_pct":84.6,"coverage_pct":100.0,"valid_pixels":272},"geometry":{"type":"Polygon","coordinates":[[[118.752497,32.024556],[118.75779,32.024483],[118.757876,32.028992],[118.752583,32.029065],[118.752497,32.024556]]]}},{"type":"Feature","id":"g16-8","properties":{"lst_mean_c":47.17,"ndvi_mean":0.456,"green_share_pct":82.5,"hot_share_pct":31.6,"coverage_pct":93.1,"valid_pixels":269},"geometry":{"type":"Polygon","coordinates":[[[118.75779,32.024483],[118.763082,32.024409],[118.763169,32.028918],[118.757876,32.028992],[118.75779,32.024483]]]}},{"type":"Feature","id":"g17-8","properties":{"lst_mean_c":50.31,"ndvi_mean":0.355,"green_share_pct":56.0,"hot_share_pct":74.5,"coverage_pct":95.2,"valid_pixels":275},"geometry":{"type":"Polygon","coordinates":[[[118.763082,32.024409],[118.768375,32.024336],[118.768461,32.028844],[118.763169,32.028918],[118.763082,32.024409]]]}},{"type":"Feature","id":"g18-8","properties":{"lst_mean_c":49.04,"ndvi_mean":0.342,"green_share_pct":57.0,"hot_share_pct":73.5,"coverage_pct":100.0,"valid_pixels":272},"geometry":{"type":"Polygon","coordinates":[[[118.768375,32.024336],[118.773667,32.024262],[118.773754,32.028771],[118.768461,32.028844],[118.768375,32.024336]]]}},{"type":"Feature","id":"g19-8","properties":{"lst_mean_c":50.31,"ndvi_mean":0.302,"green_share_pct":42.2,"hot_share_pct":97.2,"coverage_pct":100.0,"valid_pixels":289},"geometry":{"type":"Polygon","coordinates":[[[118.773667,32.024262],[118.778959,32.024188],[118.779047,32.028696],[118.773754,32.028771],[118.773667,32.024262]]]}},{"type":"Feature","id":"g20-8","properties":{"lst_mean_c":50.89,"ndvi_mean":0.308,"green_share_pct":41.2,"hot_share_pct":99.3,"coverage_pct":100.0,"valid_pixels":289},"geometry":{"type":"Polygon","coordinates":[[[118.778959,32.024188],[118.784252,32.024113],[118.784339,32.028622],[118.779047,32.028696],[118.778959,32.024188]]]}},{"type":"Feature","id":"g21-8","properties":{"lst_mean_c":49.2,"ndvi_mean":0.319,"green_share_pct":49.6,"hot_share_pct":67.6,"coverage_pct":100.0,"valid_pixels":272},"geometry":{"type":"Polygon","coordinates":[[[118.784252,32.024113],[118.789544,32.024039],[118.789632,32.028547],[118.784339,32.028622],[118.784252,32.024113]]]}},{"type":"Feature","id":"g22-8","properties":{"lst_mean_c":47.37,"ndvi_mean":0.413,"green_share_pct":73.4,"hot_share_pct":39.9,"coverage_pct":99.0,"valid_pixels":286},"geometry":{"type":"Polygon","coordinates":[[[118.789544,32.024039],[118.794836,32.023964],[118.794924,32.028473],[118.789632,32.028547],[118.789544,32.024039]]]}},{"type":"Feature","id":"g23-8","properties":{"lst_mean_c":46.07,"ndvi_mean":0.411,"green_share_pct":71.9,"hot_share_pct":8.0,"coverage_pct":94.8,"valid_pixels":274},"geometry":{"type":"Polygon","coordinates":[[[118.794836,32.023964],[118.800129,32.023889],[118.800217,32.028397],[118.794924,32.028473],[118.794836,32.023964]]]}},{"type":"Feature","id":"g24-8","properties":{"lst_mean_c":46.55,"ndvi_mean":0.41,"green_share_pct":70.2,"hot_share_pct":32.9,"coverage_pct":94.9,"valid_pixels":258},"geometry":{"type":"Polygon","coordinates":[[[118.800129,32.023889],[118.805421,32.023814],[118.805509,32.028322],[118.800217,32.028397],[118.800129,32.023889]]]}},{"type":"Feature","id":"g25-8","properties":{"lst_mean_c":49.48,"ndvi_mean":0.329,"green_share_pct":53.6,"hot_share_pct":82.0,"coverage_pct":100.0,"valid_pixels":289},"geometry":{"type":"Polygon","coordinates":[[[118.805421,32.023814],[118.810713,32.023738],[118.810802,32.028247],[118.805509,32.028322],[118.805421,32.023814]]]}},{"type":"Feature","id":"g26-8","properties":{"lst_mean_c":49.67,"ndvi_mean":0.349,"green_share_pct":63.4,"hot_share_pct":83.0,"coverage_pct":91.7,"valid_pixels":265},"geometry":{"type":"Polygon","coordinates":[[[118.810713,32.023738],[118.816005,32.023662],[118.816094,32.028171],[118.810802,32.028247],[118.810713,32.023738]]]}},{"type":"Feature","id":"g27-8","properties":{"lst_mean_c":46.27,"ndvi_mean":0.411,"green_share_pct":70.1,"hot_share_pct":36.8,"coverage_pct":84.9,"valid_pixels":231},"geometry":{"type":"Polygon","coordinates":[[[118.816005,32.023662],[118.821297,32.023587],[118.821387,32.028095],[118.816094,32.028171],[118.816005,32.023662]]]}},{"type":"Feature","id":"g29-8","properties":{"lst_mean_c":47.89,"ndvi_mean":0.427,"green_share_pct":77.4,"hot_share_pct":36.2,"coverage_pct":81.3,"valid_pixels":235},"geometry":{"type":"Polygon","coordinates":[[[118.82659,32.02351],[118.831882,32.023434],[118.831972,32.027943],[118.826679,32.028019],[118.82659,32.02351]]]}},{"type":"Feature","id":"g30-8","properties":{"lst_mean_c":48.02,"ndvi_mean":0.428,"green_share_pct":80.3,"hot_share_pct":57.1,"coverage_pct":74.6,"valid_pixels":203},"geometry":{"type":"Polygon","coordinates":[[[118.831882,32.023434],[118.837174,32.023357],[118.837264,32.027866],[118.831972,32.027943],[118.831882,32.023434]]]}},{"type":"Feature","id":"g31-8","properties":{"lst_mean_c":47.61,"ndvi_mean":0.455,"green_share_pct":87.5,"hot_share_pct":50.6,"coverage_pct":60.9,"valid_pixels":176},"geometry":{"type":"Polygon","coordinates":[[[118.837174,32.023357],[118.842466,32.023281],[118.842556,32.027789],[118.837264,32.027866],[118.837174,32.023357]]]}},{"type":"Feature","id":"g34-8","properties":{"lst_mean_c":47.9,"ndvi_mean":0.439,"green_share_pct":86.9,"hot_share_pct":45.3,"coverage_pct":100.0,"valid_pixels":289},"geometry":{"type":"Polygon","coordinates":[[[118.85305,32.023126],[118.858342,32.023049],[118.858433,32.027557],[118.853141,32.027635],[118.85305,32.023126]]]}},{"type":"Feature","id":"g36-8","properties":{"lst_mean_c":47.79,"ndvi_mean":0.451,"green_share_pct":83.1,"hot_share_pct":35.3,"coverage_pct":76.1,"valid_pixels":207},"geometry":{"type":"Polygon","coordinates":[[[118.863634,32.022971],[118.868926,32.022893],[118.869018,32.027402],[118.863726,32.02748],[118.863634,32.022971]]]}},{"type":"Feature","id":"g37-8","properties":{"lst_mean_c":47.59,"ndvi_mean":0.501,"green_share_pct":91.7,"hot_share_pct":40.8,"coverage_pct":100.0,"valid_pixels":289},"geometry":{"type":"Polygon","coordinates":[[[118.868926,32.022893],[118.874218,32.022815],[118.87431,32.027324],[118.869018,32.027402],[118.868926,32.022893]]]}},{"type":"Feature","id":"g38-8","properties":{"lst_mean_c":46.49,"ndvi_mean":0.529,"green_share_pct":84.1,"hot_share_pct":29.1,"coverage_pct":100.0,"valid_pixels":289},"geometry":{"type":"Polygon","coordinates":[[[118.874218,32.022815],[118.87951,32.022737],[118.879602,32.027245],[118.87431,32.027324],[118.874218,32.022815]]]}},{"type":"Feature","id":"g39-8","properties":{"lst_mean_c":47.76,"ndvi_mean":0.448,"green_share_pct":76.0,"hot_share_pct":43.5,"coverage_pct":99.6,"valid_pixels":271},"geometry":{"type":"Polygon","coordinates":[[[118.87951,32.022737],[118.884802,32.022658],[118.884894,32.027167],[118.879602,32.027245],[118.87951,32.022737]]]}},{"type":"Feature","id":"g40-8","properties":{"lst_mean_c":46.28,"ndvi_mean":0.483,"green_share_pct":89.4,"hot_share_pct":23.0,"coverage_pct":94.8,"valid_pixels":274},"geometry":{"type":"Polygon","coordinates":[[[118.884802,32.022658],[118.890094,32.02258],[118.890187,32.027088],[118.884894,32.027167],[118.884802,32.022658]]]}},{"type":"Feature","id":"g41-8","properties":{"lst_mean_c":47.33,"ndvi_mean":0.366,"green_share_pct":67.5,"hot_share_pct":40.9,"coverage_pct":94.8,"valid_pixels":274},"geometry":{"type":"Polygon","coordinates":[[[118.890094,32.02258],[118.895386,32.022501],[118.895479,32.027009],[118.890187,32.027088],[118.890094,32.02258]]]}},{"type":"Feature","id":"g42-8","properties":{"lst_mean_c":47.78,"ndvi_mean":0.439,"green_share_pct":84.6,"hot_share_pct":38.2,"coverage_pct":100.0,"valid_pixels":272},"geometry":{"type":"Polygon","coordinates":[[[118.895386,32.022501],[118.900678,32.022421],[118.900771,32.02693],[118.895479,32.027009],[118.895386,32.022501]]]}},{"type":"Feature","id":"g43-8","properties":{"lst_mean_c":48.58,"ndvi_mean":0.431,"green_share_pct":86.9,"hot_share_pct":57.4,"coverage_pct":100.0,"valid_pixels":289},"geometry":{"type":"Polygon","coordinates":[[[118.900678,32.022421],[118.90597,32.022342],[118.906063,32.02685],[118.900771,32.02693],[118.900678,32.022421]]]}},{"type":"Feature","id":"g44-8","properties":{"lst_mean_c":46.44,"ndvi_mean":0.525,"green_share_pct":96.2,"hot_share_pct":18.3,"coverage_pct":100.0,"valid_pixels":289},"geometry":{"type":"Polygon","coordinates":[[[118.90597,32.022342],[118.911262,32.022262],[118.911355,32.026771],[118.906063,32.02685],[118.90597,32.022342]]]}},{"type":"Feature","id":"g45-8","properties":{"lst_mean_c":44.54,"ndvi_mean":0.612,"green_share_pct":100.0,"hot_share_pct":0.0,"coverage_pct":100.0,"valid_pixels":272},"geometry":{"type":"Polygon","coordinates":[[[118.911262,32.022262],[118.916553,32.022182],[118.916647,32.026691],[118.911355,32.026771],[118.911262,32.022262]]]}},{"type":"Feature","id":"g46-8","properties":{"lst_mean_c":43.41,"ndvi_mean":0.658,"green_share_pct":99.0,"hot_share_pct":0.0,"coverage_pct":100.0,"valid_pixels":289},"geometry":{"type":"Polygon","coordinates":[[[118.916553,32.022182],[118.921845,32.022102],[118.921939,32.026611],[118.916647,32.026691],[118.916553,32.022182]]]}},{"type":"Feature","id":"g47-8","properties":{"lst_mean_c":42.82,"ndvi_mean":0.601,"green_share_pct":91.0,"hot_share_pct":1.7,"coverage_pct":99.7,"valid_pixels":288},"geometry":{"type":"Polygon","coordinates":[[[118.921845,32.022102],[118.927137,32.022022],[118.927231,32.02653],[118.921939,32.026611],[118.921845,32.022102]]]}},{"type":"Feature","id":"g48-8","properties":{"lst_mean_c":47.54,"ndvi_mean":0.496,"green_share_pct":73.8,"hot_share_pct":47.2,"coverage_pct":99.6,"valid_pixels":271},"geometry":{"type":"Polygon","coordinates":[[[118.927137,32.022022],[118.932429,32.021941],[118.932523,32.02645],[118.927231,32.02653],[118.927137,32.022022]]]}},{"type":"Feature","id":"g49-8","properties":{"lst_mean_c":41.16,"ndvi_mean":0.714,"green_share_pct":99.7,"hot_share_pct":0.0,"coverage_pct":100.0,"valid_pixels":289},"geometry":{"type":"Polygon","coordinates":[[[118.932429,32.021941],[118.93772,32.021861],[118.937815,32.026369],[118.932523,32.02645],[118.932429,32.021941]]]}},{"type":"Feature","id":"g50-8","properties":{"lst_mean_c":42.52,"ndvi_mean":0.584,"green_share_pct":90.3,"hot_share_pct":3.1,"coverage_pct":100.0,"valid_pixels":289},"geometry":{"type":"Polygon","coordinates":[[[118.93772,32.021861],[118.943012,32.02178],[118.943107,32.026288],[118.937815,32.026369],[118.93772,32.021861]]]}},{"type":"Feature","id":"g51-8","properties":{"lst_mean_c":39.92,"ndvi_mean":0.742,"green_share_pct":94.9,"hot_share_pct":1.5,"coverage_pct":100.0,"valid_pixels":272},"geometry":{"type":"Polygon","coordinates":[[[118.943012,32.02178],[118.948304,32.021698],[118.948399,32.026207],[118.943107,32.026288],[118.943012,32.02178]]]}},{"type":"Feature","id":"g52-8","properties":{"lst_mean_c":37.75,"ndvi_mean":0.821,"green_share_pct":100.0,"hot_share_pct":0.0,"coverage_pct":100.0,"valid_pixels":136},"geometry":{"type":"Polygon","coordinates":[[[118.948304,32.021698],[118.953596,32.021617],[118.953691,32.026125],[118.948399,32.026207],[118.948304,32.021698]]]}},{"type":"Feature","id":"g3-9","properties":{"lst_mean_c":43.0,"ndvi_mean":0.566,"green_share_pct":93.0,"hot_share_pct":1.5,"coverage_pct":100.0,"valid_pixels":272},"geometry":{"type":"Polygon","coordinates":[[[118.68907,32.029927],[118.694363,32.029856],[118.694446,32.034365],[118.689152,32.034436],[118.68907,32.029927]]]}},{"type":"Feature","id":"g4-9","properties":{"lst_mean_c":45.75,"ndvi_mean":0.428,"green_share_pct":77.2,"hot_share_pct":6.6,"coverage_pct":100.0,"valid_pixels":289},"geometry":{"type":"Polygon","coordinates":[[[118.694363,32.029856],[118.699655,32.029786],[118.699739,32.034294],[118.694446,32.034365],[118.694363,32.029856]]]}},{"type":"Feature","id":"g5-9","properties":{"lst_mean_c":45.58,"ndvi_mean":0.481,"green_share_pct":84.5,"hot_share_pct":12.4,"coverage_pct":89.3,"valid_pixels":258},"geometry":{"type":"Polygon","coordinates":[[[118.699655,32.029786],[118.704948,32.029714],[118.705032,32.034223],[118.699739,32.034294],[118.699655,32.029786]]]}},{"type":"Feature","id":"g7-9","properties":{"lst_mean_c":46.78,"ndvi_mean":0.438,"green_share_pct":78.9,"hot_share_pct":10.4,"coverage_pct":100.0,"valid_pixels":289},"geometry":{"type":"Polygon","coordinates":[[[118.710241,32.029643],[118.715534,32.029572],[118.715618,32.034081],[118.710325,32.034152],[118.710241,32.029643]]]}},{"type":"Feature","id":"g8-9","properties":{"lst_mean_c":46.24,"ndvi_mean":0.455,"green_share_pct":84.4,"hot_share_pct":14.9,"coverage_pct":100.0,"valid_pixels":289},"geometry":{"type":"Polygon","coordinates":[[[118.715534,32.029572],[118.720827,32.0295],[118.720911,32.034009],[118.715618,32.034081],[118.715534,32.029572]]]}},{"type":"Feature","id":"g12-9","properties":{"lst_mean_c":50.75,"ndvi_mean":0.311,"green_share_pct":49.2,"hot_share_pct":96.1,"coverage_pct":94.1,"valid_pixels":256},"geometry":{"type":"Polygon","coordinates":[[[118.736705,32.029283],[118.741998,32.029211],[118.742083,32.03372],[118.73679,32.033792],[118.736705,32.029283]]]}},{"type":"Feature","id":"g13-9","properties":{"lst_mean_c":50.8,"ndvi_mean":0.326,"green_share_pct":56.7,"hot_share_pct":99.7,"coverage_pct":100.0,"valid_pixels":289},"geometry":{"type":"Polygon","coordinates":[[[118.741998,32.029211],[118.747291,32.029138],[118.747376,32.033647],[118.742083,32.03372],[118.741998,32.029211]]]}},{"type":"Feature","id":"g14-9","properties":{"lst_mean_c":50.6,"ndvi_mean":0.319,"green_share_pct":52.6,"hot_share_pct":97.6,"coverage_pct":100.0,"valid_pixels":289},"geometry":{"type":"Polygon","coordinates":[[[118.747291,32.029138],[118.752583,32.029065],[118.752669,32.033574],[118.747376,32.033647],[118.747291,32.029138]]]}},{"type":"Feature","id":"g15-9","properties":{"lst_mean_c":50.16,"ndvi_mean":0.347,"green_share_pct":59.4,"hot_share_pct":80.8,"coverage_pct":96.0,"valid_pixels":261},"geometry":{"type":"Polygon","coordinates":[[[118.752583,32.029065],[118.757876,32.028992],[118.757962,32.0335],[118.752669,32.033574],[118.752583,32.029065]]]}},{"type":"Feature","id":"g16-9","properties":{"lst_mean_c":49.27,"ndvi_mean":0.357,"green_share_pct":55.4,"hot_share_pct":68.4,"coverage_pct":93.1,"valid_pixels":269},"geometry":{"type":"Polygon","coordinates":[[[118.757876,32.028992],[118.763169,32.028918],[118.763255,32.033427],[118.757962,32.0335],[118.757876,32.028992]]]}},{"type":"Feature","id":"g17-9","properties":{"lst_mean_c":49.62,"ndvi_mean":0.367,"green_share_pct":64.2,"hot_share_pct":64.6,"coverage_pct":98.6,"valid_pixels":285},"geometry":{"type":"Polygon","coordinates":[[[118.763169,32.028918],[118.768461,32.028844],[118.768548,32.033353],[118.763255,32.033427],[118.763169,32.028918]]]}},{"type":"Feature","id":"g18-9","properties":{"lst_mean_c":51.39,"ndvi_mean":0.345,"green_share_pct":55.5,"hot_share_pct":89.7,"coverage_pct":100.0,"valid_pixels":272},"geometry":{"type":"Polygon","coordinates":[[[118.768461,32.028844],[118.773754,32.028771],[118.773841,32.033279],[118.768548,32.033353],[118.768461,32.028844]]]}},{"type":"Feature","id":"g19-9","properties":{"lst_mean_c":48.67,"ndvi_mean":0.385,"green_share_pct":65.4,"hot_share_pct":71.3,"coverage_pct":100.0,"valid_pixels":289},"geometry":{"type":"Polygon","coordinates":[[[118.773754,32.028771],[118.779047,32.028696],[118.779134,32.033205],[118.773841,32.033279],[118.773754,32.028771]]]}},{"type":"Feature","id":"g20-9","properties":{"lst_mean_c":49.22,"ndvi_mean":0.349,"green_share_pct":57.1,"hot_share_pct":67.5,"coverage_pct":100.0,"valid_pixels":289},"geometry":{"type":"Polygon","coordinates":[[[118.779047,32.028696],[118.784339,32.028622],[118.784427,32.033131],[118.779134,32.033205],[118.779047,32.028696]]]}},{"type":"Feature","id":"g21-9","properties":{"lst_mean_c":51.64,"ndvi_mean":0.322,"green_share_pct":54.4,"hot_share_pct":100.0,"coverage_pct":100.0,"valid_pixels":272},"geometry":{"type":"Polygon","coordinates":[[[118.784339,32.028622],[118.789632,32.028547],[118.789719,32.033056],[118.784427,32.033131],[118.784339,32.028622]]]}},{"type":"Feature","id":"g22-9","properties":{"lst_mean_c":50.98,"ndvi_mean":0.273,"green_share_pct":33.9,"hot_share_pct":99.0,"coverage_pct":100.0,"valid_pixels":289},"geometry":{"type":"Polygon","coordinates":[[[118.789632,32.028547],[118.794924,32.028473],[118.795012,32.032981],[118.789719,32.033056],[118.789632,32.028547]]]}},{"type":"Feature","id":"g23-9","properties":{"lst_mean_c":48.01,"ndvi_mean":0.373,"green_share_pct":64.7,"hot_share_pct":47.8,"coverage_pct":100.0,"valid_pixels":289},"geometry":{"type":"Polygon","coordinates":[[[118.794924,32.028473],[118.800217,32.028397],[118.800305,32.032906],[118.795012,32.032981],[118.794924,32.028473]]]}},{"type":"Feature","id":"g24-9","properties":{"lst_mean_c":47.6,"ndvi_mean":0.394,"green_share_pct":73.2,"hot_share_pct":31.2,"coverage_pct":100.0,"valid_pixels":272},"geometry":{"type":"Polygon","coordinates":[[[118.800217,32.028397],[118.805509,32.028322],[118.805598,32.032831],[118.800305,32.032906],[118.800217,32.028397]]]}},{"type":"Feature","id":"g25-9","properties":{"lst_mean_c":48.3,"ndvi_mean":0.382,"green_share_pct":72.0,"hot_share_pct":61.2,"coverage_pct":100.0,"valid_pixels":289},"geometry":{"type":"Polygon","coordinates":[[[118.805509,32.028322],[118.810802,32.028247],[118.810891,32.032755],[118.805598,32.032831],[118.805509,32.028322]]]}},{"type":"Feature","id":"g26-9","properties":{"lst_mean_c":48.75,"ndvi_mean":0.407,"green_share_pct":74.0,"hot_share_pct":60.2,"coverage_pct":100.0,"valid_pixels":289},"geometry":{"type":"Polygon","coordinates":[[[118.810802,32.028247],[118.816094,32.028171],[118.816183,32.03268],[118.810891,32.032755],[118.810802,32.028247]]]}},{"type":"Feature","id":"g27-9","properties":{"lst_mean_c":46.61,"ndvi_mean":0.438,"green_share_pct":79.0,"hot_share_pct":40.6,"coverage_pct":99.6,"valid_pixels":271},"geometry":{"type":"Polygon","coordinates":[[[118.816094,32.028171],[118.821387,32.028095],[118.821476,32.032604],[118.816183,32.03268],[118.816094,32.028171]]]}},{"type":"Feature","id":"g28-9","properties":{"lst_mean_c":45.13,"ndvi_mean":0.494,"green_share_pct":88.1,"hot_share_pct":8.5,"coverage_pct":81.7,"valid_pixels":236},"geometry":{"type":"Polygon","coordinates":[[[118.821387,32.028095],[118.826679,32.028019],[118.826769,32.032528],[118.821476,32.032604],[118.821387,32.028095]]]}},{"type":"Feature","id":"g33-9","properties":{"lst_mean_c":47.28,"ndvi_mean":0.511,"green_share_pct":88.5,"hot_share_pct":42.6,"coverage_pct":67.3,"valid_pixels":183},"geometry":{"type":"Polygon","coordinates":[[[118.847849,32.027712],[118.853141,32.027635],[118.853232,32.032143],[118.847939,32.032221],[118.847849,32.027712]]]}},{"type":"Feature","id":"g34-9","properties":{"lst_mean_c":48.15,"ndvi_mean":0.498,"green_share_pct":88.9,"hot_share_pct":54.6,"coverage_pct":96.9,"valid_pixels":280},"geometry":{"type":"Polygon","coordinates":[[[118.853141,32.027635],[118.858433,32.027557],[118.858524,32.032066],[118.853232,32.032143],[118.853141,32.027635]]]}},{"type":"Feature","id":"g37-9","properties":{"lst_mean_c":45.61,"ndvi_mean":0.466,"green_share_pct":87.5,"hot_share_pct":2.0,"coverage_pct":88.6,"valid_pixels":256},"geometry":{"type":"Polygon","coordinates":[[[118.869018,32.027402],[118.87431,32.027324],[118.874402,32.031832],[118.869109,32.03191],[118.869018,32.027402]]]}},{"type":"Feature","id":"g38-9","properties":{"lst_mean_c":45.74,"ndvi_mean":0.523,"green_share_pct":88.2,"hot_share_pct":4.8,"coverage_pct":100.0,"valid_pixels":289},"geometry":{"type":"Polygon","coordinates":[[[118.87431,32.027324],[118.879602,32.027245],[118.879694,32.031754],[118.874402,32.031832],[118.87431,32.027324]]]}},{"type":"Feature","id":"g39-9","properties":{"lst_mean_c":46.45,"ndvi_mean":0.601,"green_share_pct":100.0,"hot_share_pct":4.4,"coverage_pct":100.0,"valid_pixels":272},"geometry":{"type":"Polygon","coordinates":[[[118.879602,32.027245],[118.884894,32.027167],[118.884987,32.031675],[118.879694,32.031754],[118.879602,32.027245]]]}},{"type":"Feature","id":"g40-9","properties":{"lst_mean_c":47.13,"ndvi_mean":0.494,"green_share_pct":88.2,"hot_share_pct":20.8,"coverage_pct":100.0,"valid_pixels":289},"geometry":{"type":"Polygon","coordinates":[[[118.884894,32.027167],[118.890187,32.027088],[118.890279,32.031596],[118.884987,32.031675],[118.884894,32.027167]]]}},{"type":"Feature","id":"g41-9","properties":{"lst_mean_c":47.28,"ndvi_mean":0.464,"green_share_pct":86.9,"hot_share_pct":25.6,"coverage_pct":100.0,"valid_pixels":289},"geometry":{"type":"Polygon","coordinates":[[[118.890187,32.027088],[118.895479,32.027009],[118.895572,32.031517],[118.890279,32.031596],[118.890187,32.027088]]]}},{"type":"Feature","id":"g42-9","properties":{"lst_mean_c":47.82,"ndvi_mean":0.403,"green_share_pct":81.2,"hot_share_pct":33.5,"coverage_pct":100.0,"valid_pixels":272},"geometry":{"type":"Polygon","coordinates":[[[118.895479,32.027009],[118.900771,32.02693],[118.900864,32.031438],[118.895572,32.031517],[118.895479,32.027009]]]}},{"type":"Feature","id":"g43-9","properties":{"lst_mean_c":44.69,"ndvi_mean":0.484,"green_share_pct":97.2,"hot_share_pct":1.4,"coverage_pct":100.0,"valid_pixels":289},"geometry":{"type":"Polygon","coordinates":[[[118.900771,32.02693],[118.906063,32.02685],[118.906157,32.031359],[118.900864,32.031438],[118.900771,32.02693]]]}},{"type":"Feature","id":"g44-9","properties":{"lst_mean_c":45.99,"ndvi_mean":0.476,"green_share_pct":88.9,"hot_share_pct":9.7,"coverage_pct":100.0,"valid_pixels":289},"geometry":{"type":"Polygon","coordinates":[[[118.906063,32.02685],[118.911355,32.026771],[118.911449,32.031279],[118.906157,32.031359],[118.906063,32.02685]]]}},{"type":"Feature","id":"g45-9","properties":{"lst_mean_c":45.56,"ndvi_mean":0.489,"green_share_pct":82.7,"hot_share_pct":7.4,"coverage_pct":100.0,"valid_pixels":272},"geometry":{"type":"Polygon","coordinates":[[[118.911355,32.026771],[118.916647,32.026691],[118.916741,32.031199],[118.911449,32.031279],[118.911355,32.026771]]]}},{"type":"Feature","id":"g46-9","properties":{"lst_mean_c":44.26,"ndvi_mean":0.543,"green_share_pct":88.9,"hot_share_pct":0.0,"coverage_pct":100.0,"valid_pixels":289},"geometry":{"type":"Polygon","coordinates":[[[118.916647,32.026691],[118.921939,32.026611],[118.922034,32.031119],[118.916741,32.031199],[118.916647,32.026691]]]}},{"type":"Feature","id":"g47-9","properties":{"lst_mean_c":43.41,"ndvi_mean":0.583,"green_share_pct":82.7,"hot_share_pct":2.8,"coverage_pct":100.0,"valid_pixels":289},"geometry":{"type":"Polygon","coordinates":[[[118.921939,32.026611],[118.927231,32.02653],[118.927326,32.031039],[118.922034,32.031119],[118.921939,32.026611]]]}},{"type":"Feature","id":"g48-9","properties":{"lst_mean_c":44.01,"ndvi_mean":0.598,"green_share_pct":87.5,"hot_share_pct":12.5,"coverage_pct":100.0,"valid_pixels":272},"geometry":{"type":"Polygon","coordinates":[[[118.927231,32.02653],[118.932523,32.02645],[118.932618,32.030958],[118.927326,32.031039],[118.927231,32.02653]]]}},{"type":"Feature","id":"g49-9","properties":{"lst_mean_c":42.91,"ndvi_mean":0.629,"green_share_pct":99.7,"hot_share_pct":0.0,"coverage_pct":100.0,"valid_pixels":289},"geometry":{"type":"Polygon","coordinates":[[[118.932523,32.02645],[118.937815,32.026369],[118.93791,32.030877],[118.932618,32.030958],[118.932523,32.02645]]]}},{"type":"Feature","id":"g50-9","properties":{"lst_mean_c":44.48,"ndvi_mean":0.545,"green_share_pct":87.5,"hot_share_pct":6.2,"coverage_pct":99.7,"valid_pixels":288},"geometry":{"type":"Polygon","coordinates":[[[118.937815,32.026369],[118.943107,32.026288],[118.943203,32.030796],[118.93791,32.030877],[118.937815,32.026369]]]}},{"type":"Feature","id":"g51-9","properties":{"lst_mean_c":41.96,"ndvi_mean":0.649,"green_share_pct":87.9,"hot_share_pct":2.6,"coverage_pct":100.0,"valid_pixels":272},"geometry":{"type":"Polygon","coordinates":[[[118.943107,32.026288],[118.948399,32.026207],[118.948495,32.030715],[118.943203,32.030796],[118.943107,32.026288]]]}},{"type":"Feature","id":"g52-9","properties":{"lst_mean_c":38.54,"ndvi_mean":0.78,"green_share_pct":100.0,"hot_share_pct":0.0,"coverage_pct":100.0,"valid_pixels":136},"geometry":{"type":"Polygon","coordinates":[[[118.948399,32.026207],[118.953691,32.026125],[118.953787,32.030634],[118.948495,32.030715],[118.948399,32.026207]]]}},{"type":"Feature","id":"g3-10","properties":{"lst_mean_c":40.36,"ndvi_mean":0.597,"green_share_pct":96.4,"hot_share_pct":0.0,"coverage_pct":85.9,"valid_pixels":220},"geometry":{"type":"Polygon","coordinates":[[[118.689152,32.034436],[118.694446,32.034365],[118.694529,32.038874],[118.689235,32.038945],[118.689152,32.034436]]]}},{"type":"Feature","id":"g4-10","properties":{"lst_mean_c":44.61,"ndvi_mean":0.561,"green_share_pct":94.1,"hot_share_pct":1.8,"coverage_pct":100.0,"valid_pixels":272},"geometry":{"type":"Polygon","coordinates":[[[118.694446,32.034365],[118.699739,32.034294],[118.699822,32.038803],[118.694529,32.038874],[118.694446,32.034365]]]}},{"type":"Feature","id":"g5-10","properties":{"lst_mean_c":44.99,"ndvi_mean":0.489,"green_share_pct":80.1,"hot_share_pct":3.3,"coverage_pct":100.0,"valid_pixels":272},"geometry":{"type":"Polygon","coordinates":[[[118.699739,32.034294],[118.705032,32.034223],[118.705115,32.038732],[118.699822,32.038803],[118.699739,32.034294]]]}},{"type":"Feature","id":"g7-10","properties":{"lst_mean_c":45.91,"ndvi_mean":0.473,"green_share_pct":75.2,"hot_share_pct":33.9,"coverage_pct":93.4,"valid_pixels":254},"geometry":{"type":"Polygon","coordinates":[[[118.710325,32.034152],[118.715618,32.034081],[118.715702,32.038589],[118.710409,32.038661],[118.710325,32.034152]]]}},{"type":"Feature","id":"g8-10","properties":{"lst_mean_c":46.27,"ndvi_mean":0.352,"green_share_pct":57.1,"hot_share_pct":9.4,"coverage_pct":85.7,"valid_pixels":233},"geometry":{"type":"Polygon","coordinates":[[[118.715618,32.034081],[118.720911,32.034009],[118.720996,32.038518],[118.715702,32.038589],[118.715618,32.034081]]]}},{"type":"Feature","id":"g12-10","properties":{"lst_mean_c":51.7,"ndvi_mean":0.338,"green_share_pct":53.5,"hot_share_pct":97.3,"coverage_pct":100.0,"valid_pixels":256},"geometry":{"type":"Polygon","coordinates":[[[118.73679,32.033792],[118.742083,32.03372],[118.742169,32.038228],[118.736875,32.038301],[118.73679,32.033792]]]}},{"type":"Feature","id":"g13-10","properties":{"lst_mean_c":51.65,"ndvi_mean":0.31,"green_share_pct":44.5,"hot_share_pct":100.0,"coverage_pct":100.0,"valid_pixels":272},"geometry":{"type":"Polygon","coordinates":[[[118.742083,32.03372],[118.747376,32.033647],[118.747462,32.038156],[118.742169,32.038228],[118.742083,32.03372]]]}},{"type":"Feature","id":"g14-10","properties":{"lst_mean_c":48.49,"ndvi_mean":0.381,"green_share_pct":63.6,"hot_share_pct":59.2,"coverage_pct":100.0,"valid_pixels":272},"geometry":{"type":"Polygon","coordinates":[[[118.747376,32.033647],[118.752669,32.033574],[118.752755,32.038082],[118.747462,32.038156],[118.747376,32.033647]]]}},{"type":"Feature","id":"g15-10","properties":{"lst_mean_c":44.36,"ndvi_mean":0.536,"green_share_pct":84.0,"hot_share_pct":17.9,"coverage_pct":60.9,"valid_pixels":156},"geometry":{"type":"Polygon","coordinates":[[[118.752669,32.033574],[118.757962,32.0335],[118.758048,32.038009],[118.752755,32.038082],[118.752669,32.033574]]]}},{"type":"Feature","id":"g16-10","properties":{"lst_mean_c":45.7,"ndvi_mean":0.423,"green_share_pct":71.9,"hot_share_pct":20.6,"coverage_pct":73.2,"valid_pixels":199},"geometry":{"type":"Polygon","coordinates":[[[118.757962,32.0335],[118.763255,32.033427],[118.763342,32.037936],[118.758048,32.038009],[118.757962,32.0335]]]}},{"type":"Feature","id":"g17-10","properties":{"lst_mean_c":49.53,"ndvi_mean":0.293,"green_share_pct":42.0,"hot_share_pct":72.7,"coverage_pct":97.1,"valid_pixels":264},"geometry":{"type":"Polygon","coordinates":[[[118.763255,32.033427],[118.768548,32.033353],[118.768635,32.037862],[118.763342,32.037936],[118.763255,32.033427]]]}},{"type":"Feature","id":"g18-10","properties":{"lst_mean_c":48.87,"ndvi_mean":0.428,"green_share_pct":76.6,"hot_share_pct":62.5,"coverage_pct":100.0,"valid_pixels":256},"geometry":{"type":"Polygon","coordinates":[[[118.768548,32.033353],[118.773841,32.033279],[118.773928,32.037788],[118.768635,32.037862],[118.768548,32.033353]]]}},{"type":"Feature","id":"g19-10","properties":{"lst_mean_c":49.71,"ndvi_mean":0.305,"green_share_pct":47.8,"hot_share_pct":81.6,"coverage_pct":100.0,"valid_pixels":272},"geometry":{"type":"Polygon","coordinates":[[[118.773841,32.033279],[118.779134,32.033205],[118.779221,32.037714],[118.773928,32.037788],[118.773841,32.033279]]]}},{"type":"Feature","id":"g20-10","properties":{"lst_mean_c":49.8,"ndvi_mean":0.283,"green_share_pct":39.7,"hot_share_pct":80.9,"coverage_pct":100.0,"valid_pixels":272},"geometry":{"type":"Polygon","coordinates":[[[118.779134,32.033205],[118.784427,32.033131],[118.784514,32.037639],[118.779221,32.037714],[118.779134,32.033205]]]}},{"type":"Feature","id":"g21-10","properties":{"lst_mean_c":52.16,"ndvi_mean":0.283,"green_share_pct":39.1,"hot_share_pct":100.0,"coverage_pct":100.0,"valid_pixels":256},"geometry":{"type":"Polygon","coordinates":[[[118.784427,32.033131],[118.789719,32.033056],[118.789807,32.037565],[118.784514,32.037639],[118.784427,32.033131]]]}},{"type":"Feature","id":"g22-10","properties":{"lst_mean_c":51.59,"ndvi_mean":0.3,"green_share_pct":41.9,"hot_share_pct":100.0,"coverage_pct":100.0,"valid_pixels":272},"geometry":{"type":"Polygon","coordinates":[[[118.789719,32.033056],[118.795012,32.032981],[118.7951,32.03749],[118.789807,32.037565],[118.789719,32.033056]]]}},{"type":"Feature","id":"g23-10","properties":{"lst_mean_c":47.98,"ndvi_mean":0.357,"green_share_pct":55.9,"hot_share_pct":46.7,"coverage_pct":100.0,"valid_pixels":272},"geometry":{"type":"Polygon","coordinates":[[[118.795012,32.032981],[118.800305,32.032906],[118.800393,32.037415],[118.7951,32.03749],[118.795012,32.032981]]]}},{"type":"Feature","id":"g24-10","properties":{"lst_mean_c":47.87,"ndvi_mean":0.37,"green_share_pct":63.7,"hot_share_pct":40.6,"coverage_pct":100.0,"valid_pixels":256},"geometry":{"type":"Polygon","coordinates":[[[118.800305,32.032906],[118.805598,32.032831],[118.805686,32.03734],[118.800393,32.037415],[118.800305,32.032906]]]}},{"type":"Feature","id":"g25-10","properties":{"lst_mean_c":49.4,"ndvi_mean":0.32,"green_share_pct":54.8,"hot_share_pct":79.8,"coverage_pct":100.0,"valid_pixels":272},"geometry":{"type":"Polygon","coordinates":[[[118.805598,32.032831],[118.810891,32.032755],[118.810979,32.037264],[118.805686,32.03734],[118.805598,32.032831]]]}},{"type":"Feature","id":"g26-10","properties":{"lst_mean_c":49.31,"ndvi_mean":0.45,"green_share_pct":85.3,"hot_share_pct":64.0,"coverage_pct":100.0,"valid_pixels":272},"geometry":{"type":"Polygon","coordinates":[[[118.810891,32.032755],[118.816183,32.03268],[118.816272,32.037188],[118.810979,32.037264],[118.810891,32.032755]]]}},{"type":"Feature","id":"g27-10","properties":{"lst_mean_c":48.24,"ndvi_mean":0.369,"green_share_pct":60.2,"hot_share_pct":56.6,"coverage_pct":100.0,"valid_pixels":256},"geometry":{"type":"Polygon","coordinates":[[[118.816183,32.03268],[118.821476,32.032604],[118.821565,32.037112],[118.816272,32.037188],[118.816183,32.03268]]]}},{"type":"Feature","id":"g28-10","properties":{"lst_mean_c":44.87,"ndvi_mean":0.501,"green_share_pct":90.6,"hot_share_pct":19.7,"coverage_pct":89.7,"valid_pixels":244},"geometry":{"type":"Polygon","coordinates":[[[118.821476,32.032604],[118.826769,32.032528],[118.826858,32.037036],[118.821565,32.037112],[118.821476,32.032604]]]}},{"type":"Feature","id":"g33-10","properties":{"lst_mean_c":45.93,"ndvi_mean":0.583,"green_share_pct":95.3,"hot_share_pct":10.2,"coverage_pct":100.0,"valid_pixels":256},"geometry":{"type":"Polygon","coordinates":[[[118.847939,32.032221],[118.853232,32.032143],[118.853323,32.036652],[118.84803,32.036729],[118.847939,32.032221]]]}},{"type":"Feature","id":"g34-10","properties":{"lst_mean_c":49.28,"ndvi_mean":0.381,"green_share_pct":61.8,"hot_share_pct":79.0,"coverage_pct":100.0,"valid_pixels":272},"geometry":{"type":"Polygon","coordinates":[[[118.853232,32.032143],[118.858524,32.032066],[118.858615,32.036574],[118.853323,32.036652],[118.853232,32.032143]]]}},{"type":"Feature","id":"g35-10","properties":{"lst_mean_c":48.93,"ndvi_mean":0.341,"green_share_pct":58.1,"hot_share_pct":79.6,"coverage_pct":61.4,"valid_pixels":167},"geometry":{"type":"Polygon","coordinates":[[[118.858524,32.032066],[118.863817,32.031988],[118.863908,32.036497],[118.858615,32.036574],[118.858524,32.032066]]]}},{"type":"Feature","id":"g38-10","properties":{"lst_mean_c":43.32,"ndvi_mean":0.658,"green_share_pct":98.3,"hot_share_pct":0.0,"coverage_pct":65.8,"valid_pixels":179},"geometry":{"type":"Polygon","coordinates":[[[118.874402,32.031832],[118.879694,32.031754],[118.879787,32.036262],[118.874494,32.036341],[118.874402,32.031832]]]}},{"type":"Feature","id":"g39-10","properties":{"lst_mean_c":44.95,"ndvi_mean":0.562,"green_share_pct":96.5,"hot_share_pct":3.5,"coverage_pct":100.0,"valid_pixels":256},"geometry":{"type":"Polygon","coordinates":[[[118.879694,32.031754],[118.884987,32.031675],[118.885079,32.036184],[118.879787,32.036262],[118.879694,32.031754]]]}},{"type":"Feature","id":"g40-10","properties":{"lst_mean_c":46.69,"ndvi_mean":0.446,"green_share_pct":89.0,"hot_share_pct":18.8,"coverage_pct":100.0,"valid_pixels":272},"geometry":{"type":"Polygon","coordinates":[[[118.884987,32.031675],[118.890279,32.031596],[118.890372,32.036105],[118.885079,32.036184],[118.884987,32.031675]]]}},{"type":"Feature","id":"g41-10","properties":{"lst_mean_c":46.15,"ndvi_mean":0.44,"green_share_pct":80.1,"hot_share_pct":12.5,"coverage_pct":100.0,"valid_pixels":272},"geometry":{"type":"Polygon","coordinates":[[[118.890279,32.031596],[118.895572,32.031517],[118.895665,32.036026],[118.890372,32.036105],[118.890279,32.031596]]]}},{"type":"Feature","id":"g42-10","properties":{"lst_mean_c":45.73,"ndvi_mean":0.39,"green_share_pct":78.1,"hot_share_pct":12.9,"coverage_pct":100.0,"valid_pixels":256},"geometry":{"type":"Polygon","coordinates":[[[118.895572,32.031517],[118.900864,32.031438],[118.900957,32.035947],[118.895665,32.036026],[118.895572,32.031517]]]}},{"type":"Feature","id":"g43-10","properties":{"lst_mean_c":46.96,"ndvi_mean":0.487,"green_share_pct":94.1,"hot_share_pct":22.1,"coverage_pct":100.0,"valid_pixels":272},"geometry":{"type":"Polygon","coordinates":[[[118.900864,32.031438],[118.906157,32.031359],[118.90625,32.035867],[118.900957,32.035947],[118.900864,32.031438]]]}},{"type":"Feature","id":"g44-10","properties":{"lst_mean_c":47.35,"ndvi_mean":0.392,"green_share_pct":80.9,"hot_share_pct":23.9,"coverage_pct":100.0,"valid_pixels":272},"geometry":{"type":"Polygon","coordinates":[[[118.906157,32.031359],[118.911449,32.031279],[118.911543,32.035787],[118.90625,32.035867],[118.906157,32.031359]]]}},{"type":"Feature","id":"g45-10","properties":{"lst_mean_c":49.01,"ndvi_mean":0.32,"green_share_pct":55.9,"hot_share_pct":54.7,"coverage_pct":100.0,"valid_pixels":256},"geometry":{"type":"Polygon","coordinates":[[[118.911449,32.031279],[118.916741,32.031199],[118.916835,32.035707],[118.911543,32.035787],[118.911449,32.031279]]]}},{"type":"Feature","id":"g46-10","properties":{"lst_mean_c":46.52,"ndvi_mean":0.407,"green_share_pct":64.7,"hot_share_pct":23.5,"coverage_pct":100.0,"valid_pixels":272},"geometry":{"type":"Polygon","coordinates":[[[118.916741,32.031199],[118.922034,32.031119],[118.922128,32.035627],[118.916835,32.035707],[118.916741,32.031199]]]}},{"type":"Feature","id":"g47-10","properties":{"lst_mean_c":43.17,"ndvi_mean":0.581,"green_share_pct":85.7,"hot_share_pct":0.0,"coverage_pct":100.0,"valid_pixels":272},"geometry":{"type":"Polygon","coordinates":[[[118.922034,32.031119],[118.927326,32.031039],[118.92742,32.035547],[118.922128,32.035627],[118.922034,32.031119]]]}},{"type":"Feature","id":"g48-10","properties":{"lst_mean_c":47.41,"ndvi_mean":0.443,"green_share_pct":87.9,"hot_share_pct":44.9,"coverage_pct":100.0,"valid_pixels":256},"geometry":{"type":"Polygon","coordinates":[[[118.927326,32.031039],[118.932618,32.030958],[118.932713,32.035466],[118.92742,32.035547],[118.927326,32.031039]]]}},{"type":"Feature","id":"g49-10","properties":{"lst_mean_c":47.46,"ndvi_mean":0.359,"green_share_pct":64.0,"hot_share_pct":33.5,"coverage_pct":100.0,"valid_pixels":272},"geometry":{"type":"Polygon","coordinates":[[[118.932618,32.030958],[118.93791,32.030877],[118.938005,32.035386],[118.932713,32.035466],[118.932618,32.030958]]]}},{"type":"Feature","id":"g50-10","properties":{"lst_mean_c":44.73,"ndvi_mean":0.471,"green_share_pct":76.1,"hot_share_pct":1.8,"coverage_pct":100.0,"valid_pixels":272},"geometry":{"type":"Polygon","coordinates":[[[118.93791,32.030877],[118.943203,32.030796],[118.943298,32.035304],[118.938005,32.035386],[118.93791,32.030877]]]}},{"type":"Feature","id":"g51-10","properties":{"lst_mean_c":43.53,"ndvi_mean":0.538,"green_share_pct":80.1,"hot_share_pct":3.5,"coverage_pct":100.0,"valid_pixels":256},"geometry":{"type":"Polygon","coordinates":[[[118.943203,32.030796],[118.948495,32.030715],[118.94859,32.035223],[118.943298,32.035304],[118.943203,32.030796]]]}},{"type":"Feature","id":"g52-10","properties":{"lst_mean_c":40.29,"ndvi_mean":0.724,"green_share_pct":100.0,"hot_share_pct":0.0,"coverage_pct":100.0,"valid_pixels":128},"geometry":{"type":"Polygon","coordinates":[[[118.948495,32.030715],[118.953787,32.030634],[118.953883,32.035142],[118.94859,32.035223],[118.948495,32.030715]]]}},{"type":"Feature","id":"g4-11","properties":{"lst_mean_c":44.69,"ndvi_mean":0.393,"green_share_pct":65.7,"hot_share_pct":0.0,"coverage_pct":100.0,"valid_pixels":289},"geometry":{"type":"Polygon","coordinates":[[[118.694529,32.038874],[118.699822,32.038803],[118.699905,32.043312],[118.694612,32.043383],[118.694529,32.038874]]]}},{"type":"Feature","id":"g5-11","properties":{"lst_mean_c":44.82,"ndvi_mean":0.434,"green_share_pct":74.7,"hot_share_pct":3.1,"coverage_pct":100.0,"valid_pixels":289},"geometry":{"type":"Polygon","coordinates":[[[118.699822,32.038803],[118.705115,32.038732],[118.705199,32.043241],[118.699905,32.043312],[118.699822,32.038803]]]}},{"type":"Feature","id":"g6-11","properties":{"lst_mean_c":46.21,"ndvi_mean":0.386,"green_share_pct":68.2,"hot_share_pct":23.5,"coverage_pct":93.8,"valid_pixels":255},"geometry":{"type":"Polygon","coordinates":[[[118.705115,32.038732],[118.710409,32.038661],[118.710493,32.04317],[118.705199,32.043241],[118.705115,32.038732]]]}},{"type":"Feature","id":"g8-11","properties":{"lst_mean_c":47.56,"ndvi_mean":0.382,"green_share_pct":67.2,"hot_share_pct":39.0,"coverage_pct":89.6,"valid_pixels":259},"geometry":{"type":"Polygon","coordinates":[[[118.715702,32.038589],[118.720996,32.038518],[118.72108,32.043026],[118.715786,32.043098],[118.715702,32.038589]]]}},{"type":"Feature","id":"g12-11","properties":{"lst_mean_c":50.43,"ndvi_mean":0.32,"green_share_pct":49.4,"hot_share_pct":100.0,"coverage_pct":86.4,"valid_pixels":235},"geometry":{"type":"Polygon","coordinates":[[[118.736875,32.038301],[118.742169,32.038228],[118.742254,32.042737],[118.736961,32.04281],[118.736875,32.038301]]]}},{"type":"Feature","id":"g13-11","properties":{"lst_mean_c":49.8,"ndvi_mean":0.313,"green_share_pct":48.4,"hot_share_pct":94.1,"coverage_pct":100.0,"valid_pixels":289},"geometry":{"type":"Polygon","coordinates":[[[118.742169,32.038228],[118.747462,32.038156],[118.747548,32.042664],[118.742254,32.042737],[118.742169,32.038228]]]}},{"type":"Feature","id":"g14-11","properties":{"lst_mean_c":49.19,"ndvi_mean":0.379,"green_share_pct":69.2,"hot_share_pct":92.7,"coverage_pct":100.0,"valid_pixels":289},"geometry":{"type":"Polygon","coordinates":[[[118.747462,32.038156],[118.752755,32.038082],[118.752841,32.042591],[118.747548,32.042664],[118.747462,32.038156]]]}},{"type":"Feature","id":"g15-11","properties":{"lst_mean_c":46.91,"ndvi_mean":0.391,"green_share_pct":63.9,"hot_share_pct":43.5,"coverage_pct":79.4,"valid_pixels":216},"geometry":{"type":"Polygon","coordinates":[[[118.752755,32.038082],[118.758048,32.038009],[118.758135,32.042518],[118.752841,32.042591],[118.752755,32.038082]]]}},{"type":"Feature","id":"g16-11","properties":{"lst_mean_c":44.76,"ndvi_mean":0.388,"green_share_pct":62.6,"hot_share_pct":15.9,"coverage_pct":74.0,"valid_pixels":214},"geometry":{"type":"Polygon","coordinates":[[[118.758048,32.038009],[118.763342,32.037936],[118.763428,32.042444],[118.758135,32.042518],[118.758048,32.038009]]]}},{"type":"Feature","id":"g17-11","properties":{"lst_mean_c":51.13,"ndvi_mean":0.283,"green_share_pct":36.7,"hot_share_pct":92.0,"coverage_pct":100.0,"valid_pixels":289},"geometry":{"type":"Polygon","coordinates":[[[118.763342,32.037936],[118.768635,32.037862],[118.768721,32.042371],[118.763428,32.042444],[118.763342,32.037936]]]}},{"type":"Feature","id":"g18-11","properties":{"lst_mean_c":50.47,"ndvi_mean":0.326,"green_share_pct":50.4,"hot_share_pct":91.5,"coverage_pct":100.0,"valid_pixels":272},"geometry":{"type":"Polygon","coordinates":[[[118.768635,32.037862],[118.773928,32.037788],[118.774015,32.042297],[118.768721,32.042371],[118.768635,32.037862]]]}},{"type":"Feature","id":"g19-11","properties":{"lst_mean_c":49.37,"ndvi_mean":0.262,"green_share_pct":30.2,"hot_share_pct":73.3,"coverage_pct":99.7,"valid_pixels":288},"geometry":{"type":"Polygon","coordinates":[[[118.773928,32.037788],[118.779221,32.037714],[118.779308,32.042222],[118.774015,32.042297],[118.773928,32.037788]]]}},{"type":"Feature","id":"g20-11","properties":{"lst_mean_c":50.93,"ndvi_mean":0.209,"green_share_pct":13.9,"hot_share_pct":97.2,"coverage_pct":99.7,"valid_pixels":288},"geometry":{"type":"Polygon","coordinates":[[[118.779221,32.037714],[118.784514,32.037639],[118.784602,32.042148],[118.779308,32.042222],[118.779221,32.037714]]]}},{"type":"Feature","id":"g21-11","properties":{"lst_mean_c":52.49,"ndvi_mean":0.252,"green_share_pct":25.4,"hot_share_pct":97.4,"coverage_pct":100.0,"valid_pixels":272},"geometry":{"type":"Polygon","coordinates":[[[118.784514,32.037639],[118.789807,32.037565],[118.789895,32.042073],[118.784602,32.042148],[118.784514,32.037639]]]}},{"type":"Feature","id":"g22-11","properties":{"lst_mean_c":52.48,"ndvi_mean":0.248,"green_share_pct":20.8,"hot_share_pct":94.5,"coverage_pct":100.0,"valid_pixels":289},"geometry":{"type":"Polygon","coordinates":[[[118.789807,32.037565],[118.7951,32.03749],[118.795188,32.041999],[118.789895,32.042073],[118.789807,32.037565]]]}},{"type":"Feature","id":"g23-11","properties":{"lst_mean_c":48.63,"ndvi_mean":0.341,"green_share_pct":50.7,"hot_share_pct":51.4,"coverage_pct":99.7,"valid_pixels":288},"geometry":{"type":"Polygon","coordinates":[[[118.7951,32.03749],[118.800393,32.037415],[118.800482,32.041923],[118.795188,32.041999],[118.7951,32.03749]]]}},{"type":"Feature","id":"g24-11","properties":{"lst_mean_c":48.34,"ndvi_mean":0.385,"green_share_pct":73.2,"hot_share_pct":57.0,"coverage_pct":100.0,"valid_pixels":272},"geometry":{"type":"Polygon","coordinates":[[[118.800393,32.037415],[118.805686,32.03734],[118.805775,32.041848],[118.800482,32.041923],[118.800393,32.037415]]]}},{"type":"Feature","id":"g25-11","properties":{"lst_mean_c":47.64,"ndvi_mean":0.442,"green_share_pct":83.4,"hot_share_pct":38.8,"coverage_pct":100.0,"valid_pixels":289},"geometry":{"type":"Polygon","coordinates":[[[118.805686,32.03734],[118.810979,32.037264],[118.811068,32.041773],[118.805775,32.041848],[118.805686,32.03734]]]}},{"type":"Feature","id":"g26-11","properties":{"lst_mean_c":46.75,"ndvi_mean":0.496,"green_share_pct":88.9,"hot_share_pct":8.7,"coverage_pct":100.0,"valid_pixels":289},"geometry":{"type":"Polygon","coordinates":[[[118.810979,32.037264],[118.816272,32.037188],[118.816361,32.041697],[118.811068,32.041773],[118.810979,32.037264]]]}},{"type":"Feature","id":"g27-11","properties":{"lst_mean_c":48.85,"ndvi_mean":0.385,"green_share_pct":61.8,"hot_share_pct":63.2,"coverage_pct":100.0,"valid_pixels":272},"geometry":{"type":"Polygon","coordinates":[[[118.816272,32.037188],[118.821565,32.037112],[118.821655,32.041621],[118.816361,32.041697],[118.816272,32.037188]]]}},{"type":"Feature","id":"g28-11","properties":{"lst_mean_c":44.34,"ndvi_mean":0.554,"green_share_pct":93.6,"hot_share_pct":0.0,"coverage_pct":86.9,"valid_pixels":251},"geometry":{"type":"Polygon","coordinates":[[[118.821565,32.037112],[118.826858,32.037036],[118.826948,32.041545],[118.821655,32.041621],[118.821565,32.037112]]]}},{"type":"Feature","id":"g29-11","properties":{"lst_mean_c":47.41,"ndvi_mean":0.453,"green_share_pct":91.7,"hot_share_pct":27.0,"coverage_pct":100.0,"valid_pixels":289},"geometry":{"type":"Polygon","coordinates":[[[118.826858,32.037036],[118.832151,32.03696],[118.832241,32.041468],[118.826948,32.041545],[118.826858,32.037036]]]}},{"type":"Feature","id":"g30-11","properties":{"lst_mean_c":48.3,"ndvi_mean":0.428,"green_share_pct":86.1,"hot_share_pct":54.8,"coverage_pct":92.6,"valid_pixels":252},"geometry":{"type":"Polygon","coordinates":[[[118.832151,32.03696],[118.837444,32.036883],[118.837534,32.041392],[118.832241,32.041468],[118.832151,32.03696]]]}},{"type":"Feature","id":"g31-11","properties":{"lst_mean_c":47.0,"ndvi_mean":0.51,"green_share_pct":92.1,"hot_share_pct":29.7,"coverage_pct":79.2,"valid_pixels":229},"geometry":{"type":"Polygon","coordinates":[[[118.837444,32.036883],[118.842737,32.036806],[118.842827,32.041315],[118.837534,32.041392],[118.837444,32.036883]]]}},{"type":"Feature","id":"g32-11","properties":{"lst_mean_c":47.87,"ndvi_mean":0.481,"green_share_pct":95.2,"hot_share_pct":46.0,"coverage_pct":100.0,"valid_pixels":289},"geometry":{"type":"Polygon","coordinates":[[[118.842737,32.036806],[118.84803,32.036729],[118.84812,32.041238],[118.842827,32.041315],[118.842737,32.036806]]]}},{"type":"Feature","id":"g33-11","properties":{"lst_mean_c":45.76,"ndvi_mean":0.598,"green_share_pct":87.9,"hot_share_pct":21.0,"coverage_pct":100.0,"valid_pixels":272},"geometry":{"type":"Polygon","coordinates":[[[118.84803,32.036729],[118.853323,32.036652],[118.853413,32.04116],[118.84812,32.041238],[118.84803,32.036729]]]}},{"type":"Feature","id":"g34-11","properties":{"lst_mean_c":47.0,"ndvi_mean":0.5,"green_share_pct":83.7,"hot_share_pct":23.9,"coverage_pct":100.0,"valid_pixels":289},"geometry":{"type":"Polygon","coordinates":[[[118.853323,32.036652],[118.858615,32.036574],[118.858707,32.041083],[118.853413,32.04116],[118.853323,32.036652]]]}},{"type":"Feature","id":"g35-11","properties":{"lst_mean_c":47.13,"ndvi_mean":0.505,"green_share_pct":88.6,"hot_share_pct":17.0,"coverage_pct":79.2,"valid_pixels":229},"geometry":{"type":"Polygon","coordinates":[[[118.858615,32.036574],[118.863908,32.036497],[118.864,32.041005],[118.858707,32.041083],[118.858615,32.036574]]]}},{"type":"Feature","id":"g38-11","properties":{"lst_mean_c":47.0,"ndvi_mean":0.483,"green_share_pct":95.4,"hot_share_pct":16.7,"coverage_pct":82.7,"valid_pixels":239},"geometry":{"type":"Polygon","coordinates":[[[118.874494,32.036341],[118.879787,32.036262],[118.879879,32.040771],[118.874586,32.040849],[118.874494,32.036341]]]}},{"type":"Feature","id":"g39-11","properties":{"lst_mean_c":45.45,"ndvi_mean":0.588,"green_share_pct":95.2,"hot_share_pct":9.9,"coverage_pct":100.0,"valid_pixels":272},"geometry":{"type":"Polygon","coordinates":[[[118.879787,32.036262],[118.885079,32.036184],[118.885172,32.040692],[118.879879,32.040771],[118.879787,32.036262]]]}},{"type":"Feature","id":"g40-11","properties":{"lst_mean_c":45.46,"ndvi_mean":0.499,"green_share_pct":95.5,"hot_share_pct":6.2,"coverage_pct":100.0,"valid_pixels":289},"geometry":{"type":"Polygon","coordinates":[[[118.885079,32.036184],[118.890372,32.036105],[118.890465,32.040613],[118.885172,32.040692],[118.885079,32.036184]]]}},{"type":"Feature","id":"g41-11","properties":{"lst_mean_c":48.18,"ndvi_mean":0.461,"green_share_pct":89.6,"hot_share_pct":55.4,"coverage_pct":100.0,"valid_pixels":289},"geometry":{"type":"Polygon","coordinates":[[[118.890372,32.036105],[118.895665,32.036026],[118.895758,32.040534],[118.890465,32.040613],[118.890372,32.036105]]]}},{"type":"Feature","id":"g42-11","properties":{"lst_mean_c":45.84,"ndvi_mean":0.541,"green_share_pct":95.6,"hot_share_pct":9.2,"coverage_pct":100.0,"valid_pixels":272},"geometry":{"type":"Polygon","coordinates":[[[118.895665,32.036026],[118.900957,32.035947],[118.90105,32.040455],[118.895758,32.040534],[118.895665,32.036026]]]}},{"type":"Feature","id":"g43-11","properties":{"lst_mean_c":46.28,"ndvi_mean":0.387,"green_share_pct":60.2,"hot_share_pct":10.0,"coverage_pct":100.0,"valid_pixels":289},"geometry":{"type":"Polygon","coordinates":[[[118.900957,32.035947],[118.90625,32.035867],[118.906343,32.040375],[118.90105,32.040455],[118.900957,32.035947]]]}},{"type":"Feature","id":"g44-11","properties":{"lst_mean_c":47.04,"ndvi_mean":0.322,"green_share_pct":52.6,"hot_share_pct":17.0,"coverage_pct":100.0,"valid_pixels":289},"geometry":{"type":"Polygon","coordinates":[[[118.90625,32.035867],[118.911543,32.035787],[118.911636,32.040296],[118.906343,32.040375],[118.90625,32.035867]]]}},{"type":"Feature","id":"g45-11","properties":{"lst_mean_c":48.68,"ndvi_mean":0.323,"green_share_pct":49.3,"hot_share_pct":59.9,"coverage_pct":100.0,"valid_pixels":272},"geometry":{"type":"Polygon","coordinates":[[[118.911543,32.035787],[118.916835,32.035707],[118.916929,32.040216],[118.911636,32.040296],[118.911543,32.035787]]]}},{"type":"Feature","id":"g46-11","properties":{"lst_mean_c":52.29,"ndvi_mean":0.319,"green_share_pct":48.4,"hot_share_pct":86.2,"coverage_pct":100.0,"valid_pixels":289},"geometry":{"type":"Polygon","coordinates":[[[118.916835,32.035707],[118.922128,32.035627],[118.922222,32.040136],[118.916929,32.040216],[118.916835,32.035707]]]}},{"type":"Feature","id":"g47-11","properties":{"lst_mean_c":48.04,"ndvi_mean":0.412,"green_share_pct":70.9,"hot_share_pct":23.9,"coverage_pct":100.0,"valid_pixels":289},"geometry":{"type":"Polygon","coordinates":[[[118.922128,32.035627],[118.92742,32.035547],[118.927515,32.040055],[118.922222,32.040136],[118.922128,32.035627]]]}},{"type":"Feature","id":"g48-11","properties":{"lst_mean_c":46.13,"ndvi_mean":0.475,"green_share_pct":84.2,"hot_share_pct":21.0,"coverage_pct":100.0,"valid_pixels":272},"geometry":{"type":"Polygon","coordinates":[[[118.92742,32.035547],[118.932713,32.035466],[118.932808,32.039975],[118.927515,32.040055],[118.92742,32.035547]]]}},{"type":"Feature","id":"g49-11","properties":{"lst_mean_c":45.82,"ndvi_mean":0.455,"green_share_pct":69.6,"hot_share_pct":30.8,"coverage_pct":100.0,"valid_pixels":289},"geometry":{"type":"Polygon","coordinates":[[[118.932713,32.035466],[118.938005,32.035386],[118.9381,32.039894],[118.932808,32.039975],[118.932713,32.035466]]]}},{"type":"Feature","id":"g50-11","properties":{"lst_mean_c":42.74,"ndvi_mean":0.586,"green_share_pct":95.2,"hot_share_pct":0.7,"coverage_pct":100.0,"valid_pixels":289},"geometry":{"type":"Polygon","coordinates":[[[118.938005,32.035386],[118.943298,32.035304],[118.943393,32.039813],[118.9381,32.039894],[118.938005,32.035386]]]}},{"type":"Feature","id":"g51-11","properties":{"lst_mean_c":43.24,"ndvi_mean":0.507,"green_share_pct":86.4,"hot_share_pct":0.0,"coverage_pct":100.0,"valid_pixels":272},"geometry":{"type":"Polygon","coordinates":[[[118.943298,32.035304],[118.94859,32.035223],[118.948686,32.039731],[118.943393,32.039813],[118.943298,32.035304]]]}},{"type":"Feature","id":"g52-11","properties":{"lst_mean_c":39.25,"ndvi_mean":0.772,"green_share_pct":100.0,"hot_share_pct":0.0,"coverage_pct":100.0,"valid_pixels":136},"geometry":{"type":"Polygon","coordinates":[[[118.94859,32.035223],[118.953883,32.035142],[118.953979,32.03965],[118.948686,32.039731],[118.94859,32.035223]]]}},{"type":"Feature","id":"g4-12","properties":{"lst_mean_c":44.76,"ndvi_mean":0.384,"green_share_pct":67.1,"hot_share_pct":8.7,"coverage_pct":79.9,"valid_pixels":231},"geometry":{"type":"Polygon","coordinates":[[[118.694612,32.043383],[118.699905,32.043312],[118.699989,32.047821],[118.694695,32.047892],[118.694612,32.043383]]]}},{"type":"Feature","id":"g5-12","properties":{"lst_mean_c":46.13,"ndvi_mean":0.393,"green_share_pct":79.2,"hot_share_pct":0.3,"coverage_pct":100.0,"valid_pixels":289},"geometry":{"type":"Polygon","coordinates":[[[118.699905,32.043312],[118.705199,32.043241],[118.705283,32.04775],[118.699989,32.047821],[118.699905,32.043312]]]}},{"type":"Feature","id":"g6-12","properties":{"lst_mean_c":45.71,"ndvi_mean":0.45,"green_share_pct":91.2,"hot_share_pct":0.0,"coverage_pct":100.0,"valid_pixels":272},"geometry":{"type":"Polygon","coordinates":[[[118.705199,32.043241],[118.710493,32.04317],[118.710577,32.047679],[118.705283,32.04775],[118.705199,32.043241]]]}},{"type":"Feature","id":"g8-12","properties":{"lst_mean_c":44.87,"ndvi_mean":0.393,"green_share_pct":71.4,"hot_share_pct":11.1,"coverage_pct":87.2,"valid_pixels":252},"geometry":{"type":"Polygon","coordinates":[[[118.715786,32.043098],[118.72108,32.043026],[118.721164,32.047535],[118.71587,32.047607],[118.715786,32.043098]]]}},{"type":"Feature","id":"g9-12","properties":{"lst_mean_c":48.55,"ndvi_mean":0.377,"green_share_pct":67.3,"hot_share_pct":50.0,"coverage_pct":61.8,"valid_pixels":168},"geometry":{"type":"Polygon","coordinates":[[[118.72108,32.043026],[118.726374,32.042954],[118.726458,32.047463],[118.721164,32.047535],[118.72108,32.043026]]]}},{"type":"Feature","id":"g10-12","properties":{"lst_mean_c":46.96,"ndvi_mean":0.426,"green_share_pct":84.8,"hot_share_pct":10.3,"coverage_pct":77.5,"valid_pixels":224},"geometry":{"type":"Polygon","coordinates":[[[118.726374,32.042954],[118.731667,32.042882],[118.731752,32.047391],[118.726458,32.047463],[118.726374,32.042954]]]}},{"type":"Feature","id":"g12-12","properties":{"lst_mean_c":47.65,"ndvi_mean":0.379,"green_share_pct":76.0,"hot_share_pct":32.6,"coverage_pct":89.0,"valid_pixels":242},"geometry":{"type":"Polygon","coordinates":[[[118.736961,32.04281],[118.742254,32.042737],[118.74234,32.047246],[118.737046,32.047319],[118.736961,32.04281]]]}},{"type":"Feature","id":"g13-12","properties":{"lst_mean_c":48.49,"ndvi_mean":0.365,"green_share_pct":71.0,"hot_share_pct":55.6,"coverage_pct":83.4,"valid_pixels":241},"geometry":{"type":"Polygon","coordinates":[[[118.742254,32.042737],[118.747548,32.042664],[118.747633,32.047173],[118.74234,32.047246],[118.742254,32.042737]]]}},{"type":"Feature","id":"g15-12","properties":{"lst_mean_c":47.24,"ndvi_mean":0.344,"green_share_pct":56.1,"hot_share_pct":40.8,"coverage_pct":93.8,"valid_pixels":255},"geometry":{"type":"Polygon","coordinates":[[[118.752841,32.042591],[118.758135,32.042518],[118.758221,32.047027],[118.752927,32.0471],[118.752841,32.042591]]]}},{"type":"Feature","id":"g16-12","properties":{"lst_mean_c":48.03,"ndvi_mean":0.407,"green_share_pct":71.6,"hot_share_pct":45.5,"coverage_pct":95.2,"valid_pixels":275},"geometry":{"type":"Polygon","coordinates":[[[118.758135,32.042518],[118.763428,32.042444],[118.763514,32.046953],[118.758221,32.047027],[118.758135,32.042518]]]}},{"type":"Feature","id":"g17-12","properties":{"lst_mean_c":50.16,"ndvi_mean":0.289,"green_share_pct":37.4,"hot_share_pct":91.3,"coverage_pct":100.0,"valid_pixels":289},"geometry":{"type":"Polygon","coordinates":[[[118.763428,32.042444],[118.768721,32.042371],[118.768808,32.046879],[118.763514,32.046953],[118.763428,32.042444]]]}},{"type":"Feature","id":"g18-12","properties":{"lst_mean_c":49.48,"ndvi_mean":0.278,"green_share_pct":32.1,"hot_share_pct":89.3,"coverage_pct":99.6,"valid_pixels":271},"geometry":{"type":"Polygon","coordinates":[[[118.768721,32.042371],[118.774015,32.042297],[118.774102,32.046805],[118.768808,32.046879],[118.768721,32.042371]]]}},{"type":"Feature","id":"g19-12","properties":{"lst_mean_c":48.14,"ndvi_mean":0.271,"green_share_pct":35.0,"hot_share_pct":50.2,"coverage_pct":97.9,"valid_pixels":283},"geometry":{"type":"Polygon","coordinates":[[[118.774015,32.042297],[118.779308,32.042222],[118.779395,32.046731],[118.774102,32.046805],[118.774015,32.042297]]]}},{"type":"Feature","id":"g20-12","properties":{"lst_mean_c":48.86,"ndvi_mean":0.285,"green_share_pct":38.4,"hot_share_pct":58.5,"coverage_pct":100.0,"valid_pixels":289},"geometry":{"type":"Polygon","coordinates":[[[118.779308,32.042222],[118.784602,32.042148],[118.784689,32.046657],[118.779395,32.046731],[118.779308,32.042222]]]}},{"type":"Feature","id":"g21-12","properties":{"lst_mean_c":48.78,"ndvi_mean":0.373,"green_share_pct":61.6,"hot_share_pct":65.3,"coverage_pct":99.6,"valid_pixels":271},"geometry":{"type":"Polygon","coordinates":[[[118.784602,32.042148],[118.789895,32.042073],[118.789983,32.046582],[118.784689,32.046657],[118.784602,32.042148]]]}},{"type":"Feature","id":"g22-12","properties":{"lst_mean_c":47.78,"ndvi_mean":0.42,"green_share_pct":70.6,"hot_share_pct":42.2,"coverage_pct":100.0,"valid_pixels":289},"geometry":{"type":"Polygon","coordinates":[[[118.789895,32.042073],[118.795188,32.041999],[118.795276,32.046507],[118.789983,32.046582],[118.789895,32.042073]]]}},{"type":"Feature","id":"g23-12","properties":{"lst_mean_c":47.85,"ndvi_mean":0.408,"green_share_pct":75.8,"hot_share_pct":36.3,"coverage_pct":100.0,"valid_pixels":289},"geometry":{"type":"Polygon","coordinates":[[[118.795188,32.041999],[118.800482,32.041923],[118.80057,32.046432],[118.795276,32.046507],[118.795188,32.041999]]]}},{"type":"Feature","id":"g24-12","properties":{"lst_mean_c":48.08,"ndvi_mean":0.4,"green_share_pct":70.2,"hot_share_pct":38.6,"coverage_pct":100.0,"valid_pixels":272},"geometry":{"type":"Polygon","coordinates":[[[118.800482,32.041923],[118.805775,32.041848],[118.805863,32.046357],[118.80057,32.046432],[118.800482,32.041923]]]}},{"type":"Feature","id":"g25-12","properties":{"lst_mean_c":49.27,"ndvi_mean":0.402,"green_share_pct":73.0,"hot_share_pct":65.1,"coverage_pct":100.0,"valid_pixels":289},"geometry":{"type":"Polygon","coordinates":[[[118.805775,32.041848],[118.811068,32.041773],[118.811157,32.046281],[118.805863,32.046357],[118.805775,32.041848]]]}},{"type":"Feature","id":"g26-12","properties":{"lst_mean_c":48.39,"ndvi_mean":0.425,"green_share_pct":76.1,"hot_share_pct":60.6,"coverage_pct":100.0,"valid_pixels":289},"geometry":{"type":"Polygon","coordinates":[[[118.811068,32.041773],[118.816361,32.041697],[118.81645,32.046205],[118.811157,32.046281],[118.811068,32.041773]]]}},{"type":"Feature","id":"g27-12","properties":{"lst_mean_c":47.82,"ndvi_mean":0.444,"green_share_pct":78.3,"hot_share_pct":39.3,"coverage_pct":100.0,"valid_pixels":272},"geometry":{"type":"Polygon","coordinates":[[[118.816361,32.041697],[118.821655,32.041621],[118.821744,32.046129],[118.81645,32.046205],[118.816361,32.041697]]]}},{"type":"Feature","id":"g28-12","properties":{"lst_mean_c":43.38,"ndvi_mean":0.663,"green_share_pct":99.3,"hot_share_pct":0.0,"coverage_pct":100.0,"valid_pixels":289},"geometry":{"type":"Polygon","coordinates":[[[118.821655,32.041621],[118.826948,32.041545],[118.827037,32.046053],[118.821744,32.046129],[118.821655,32.041621]]]}},{"type":"Feature","id":"g29-12","properties":{"lst_mean_c":42.2,"ndvi_mean":0.684,"green_share_pct":99.3,"hot_share_pct":0.0,"coverage_pct":100.0,"valid_pixels":289},"geometry":{"type":"Polygon","coordinates":[[[118.826948,32.041545],[118.832241,32.041468],[118.832331,32.045977],[118.827037,32.046053],[118.826948,32.041545]]]}},{"type":"Feature","id":"g30-12","properties":{"lst_mean_c":45.19,"ndvi_mean":0.565,"green_share_pct":91.5,"hot_share_pct":7.0,"coverage_pct":100.0,"valid_pixels":272},"geometry":{"type":"Polygon","coordinates":[[[118.832241,32.041468],[118.837534,32.041392],[118.837624,32.0459],[118.832331,32.045977],[118.832241,32.041468]]]}},{"type":"Feature","id":"g31-12","properties":{"lst_mean_c":42.81,"ndvi_mean":0.722,"green_share_pct":98.6,"hot_share_pct":0.0,"coverage_pct":100.0,"valid_pixels":289},"geometry":{"type":"Polygon","coordinates":[[[118.837534,32.041392],[118.842827,32.041315],[118.842918,32.045823],[118.837624,32.0459],[118.837534,32.041392]]]}},{"type":"Feature","id":"g32-12","properties":{"lst_mean_c":43.11,"ndvi_mean":0.698,"green_share_pct":99.3,"hot_share_pct":0.0,"coverage_pct":100.0,"valid_pixels":289},"geometry":{"type":"Polygon","coordinates":[[[118.842827,32.041315],[118.84812,32.041238],[118.848211,32.045746],[118.842918,32.045823],[118.842827,32.041315]]]}},{"type":"Feature","id":"g33-12","properties":{"lst_mean_c":40.62,"ndvi_mean":0.797,"green_share_pct":100.0,"hot_share_pct":0.0,"coverage_pct":100.0,"valid_pixels":272},"geometry":{"type":"Polygon","coordinates":[[[118.84812,32.041238],[118.853413,32.04116],[118.853504,32.045669],[118.848211,32.045746],[118.84812,32.041238]]]}},{"type":"Feature","id":"g34-12","properties":{"lst_mean_c":41.49,"ndvi_mean":0.759,"green_share_pct":100.0,"hot_share_pct":0.0,"coverage_pct":100.0,"valid_pixels":289},"geometry":{"type":"Polygon","coordinates":[[[118.853413,32.04116],[118.858707,32.041083],[118.858798,32.045591],[118.853504,32.045669],[118.853413,32.04116]]]}},{"type":"Feature","id":"g35-12","properties":{"lst_mean_c":47.36,"ndvi_mean":0.565,"green_share_pct":92.4,"hot_share_pct":36.0,"coverage_pct":100.0,"valid_pixels":289},"geometry":{"type":"Polygon","coordinates":[[[118.858707,32.041083],[118.864,32.041005],[118.864091,32.045514],[118.858798,32.045591],[118.858707,32.041083]]]}},{"type":"Feature","id":"g37-12","properties":{"lst_mean_c":46.41,"ndvi_mean":0.519,"green_share_pct":93.6,"hot_share_pct":20.5,"coverage_pct":86.2,"valid_pixels":249},"geometry":{"type":"Polygon","coordinates":[[[118.869293,32.040927],[118.874586,32.040849],[118.874678,32.045358],[118.869384,32.045436],[118.869293,32.040927]]]}},{"type":"Feature","id":"g38-12","properties":{"lst_mean_c":48.72,"ndvi_mean":0.411,"green_share_pct":72.3,"hot_share_pct":61.8,"coverage_pct":98.6,"valid_pixels":285},"geometry":{"type":"Polygon","coordinates":[[[118.874586,32.040849],[118.879879,32.040771],[118.879971,32.045279],[118.874678,32.045358],[118.874586,32.040849]]]}},{"type":"Feature","id":"g39-12","properties":{"lst_mean_c":46.92,"ndvi_mean":0.441,"green_share_pct":90.0,"hot_share_pct":15.1,"coverage_pct":80.5,"valid_pixels":219},"geometry":{"type":"Polygon","coordinates":[[[118.879879,32.040771],[118.885172,32.040692],[118.885264,32.045201],[118.879971,32.045279],[118.879879,32.040771]]]}},{"type":"Feature","id":"g40-12","properties":{"lst_mean_c":44.91,"ndvi_mean":0.552,"green_share_pct":87.0,"hot_share_pct":9.0,"coverage_pct":95.8,"valid_pixels":277},"geometry":{"type":"Polygon","coordinates":[[[118.885172,32.040692],[118.890465,32.040613],[118.890557,32.045122],[118.885264,32.045201],[118.885172,32.040692]]]}},{"type":"Feature","id":"g41-12","properties":{"lst_mean_c":45.67,"ndvi_mean":0.521,"green_share_pct":96.2,"hot_share_pct":19.0,"coverage_pct":100.0,"valid_pixels":289},"geometry":{"type":"Polygon","coordinates":[[[118.890465,32.040613],[118.895758,32.040534],[118.895851,32.045043],[118.890557,32.045122],[118.890465,32.040613]]]}},{"type":"Feature","id":"g42-12","properties":{"lst_mean_c":46.75,"ndvi_mean":0.438,"green_share_pct":95.6,"hot_share_pct":14.7,"coverage_pct":100.0,"valid_pixels":272},"geometry":{"type":"Polygon","coordinates":[[[118.895758,32.040534],[118.90105,32.040455],[118.901144,32.044963],[118.895851,32.045043],[118.895758,32.040534]]]}},{"type":"Feature","id":"g43-12","properties":{"lst_mean_c":44.45,"ndvi_mean":0.513,"green_share_pct":96.5,"hot_share_pct":0.0,"coverage_pct":100.0,"valid_pixels":289},"geometry":{"type":"Polygon","coordinates":[[[118.90105,32.040455],[118.906343,32.040375],[118.906437,32.044884],[118.901144,32.044963],[118.90105,32.040455]]]}},{"type":"Feature","id":"g44-12","properties":{"lst_mean_c":44.5,"ndvi_mean":0.522,"green_share_pct":94.1,"hot_share_pct":5.2,"coverage_pct":100.0,"valid_pixels":289},"geometry":{"type":"Polygon","coordinates":[[[118.906343,32.040375],[118.911636,32.040296],[118.91173,32.044804],[118.906437,32.044884],[118.906343,32.040375]]]}},{"type":"Feature","id":"g45-12","properties":{"lst_mean_c":44.95,"ndvi_mean":0.383,"green_share_pct":62.5,"hot_share_pct":0.0,"coverage_pct":100.0,"valid_pixels":272},"geometry":{"type":"Polygon","coordinates":[[[118.911636,32.040296],[118.916929,32.040216],[118.917023,32.044724],[118.91173,32.044804],[118.911636,32.040296]]]}},{"type":"Feature","id":"g46-12","properties":{"lst_mean_c":48.33,"ndvi_mean":0.341,"green_share_pct":59.2,"hot_share_pct":50.5,"coverage_pct":100.0,"valid_pixels":289},"geometry":{"type":"Polygon","coordinates":[[[118.916929,32.040216],[118.922222,32.040136],[118.922316,32.044644],[118.917023,32.044724],[118.916929,32.040216]]]}},{"type":"Feature","id":"g47-12","properties":{"lst_mean_c":48.89,"ndvi_mean":0.41,"green_share_pct":78.2,"hot_share_pct":46.7,"coverage_pct":100.0,"valid_pixels":289},"geometry":{"type":"Polygon","coordinates":[[[118.922222,32.040136],[118.927515,32.040055],[118.927609,32.044564],[118.922316,32.044644],[118.922222,32.040136]]]}},{"type":"Feature","id":"g48-12","properties":{"lst_mean_c":44.57,"ndvi_mean":0.569,"green_share_pct":91.9,"hot_share_pct":2.2,"coverage_pct":100.0,"valid_pixels":272},"geometry":{"type":"Polygon","coordinates":[[[118.927515,32.040055],[118.932808,32.039975],[118.932902,32.044483],[118.927609,32.044564],[118.927515,32.040055]]]}},{"type":"Feature","id":"g49-12","properties":{"lst_mean_c":43.37,"ndvi_mean":0.656,"green_share_pct":99.3,"hot_share_pct":9.0,"coverage_pct":100.0,"valid_pixels":289},"geometry":{"type":"Polygon","coordinates":[[[118.932808,32.039975],[118.9381,32.039894],[118.938195,32.044402],[118.932902,32.044483],[118.932808,32.039975]]]}},{"type":"Feature","id":"g50-12","properties":{"lst_mean_c":45.73,"ndvi_mean":0.424,"green_share_pct":68.5,"hot_share_pct":21.1,"coverage_pct":100.0,"valid_pixels":289},"geometry":{"type":"Polygon","coordinates":[[[118.9381,32.039894],[118.943393,32.039813],[118.943488,32.044321],[118.938195,32.044402],[118.9381,32.039894]]]}},{"type":"Feature","id":"g51-12","properties":{"lst_mean_c":40.26,"ndvi_mean":0.713,"green_share_pct":96.7,"hot_share_pct":0.0,"coverage_pct":100.0,"valid_pixels":272},"geometry":{"type":"Polygon","coordinates":[[[118.943393,32.039813],[118.948686,32.039731],[118.948781,32.04424],[118.943488,32.044321],[118.943393,32.039813]]]}},{"type":"Feature","id":"g52-12","properties":{"lst_mean_c":41.0,"ndvi_mean":0.743,"green_share_pct":100.0,"hot_share_pct":0.0,"coverage_pct":100.0,"valid_pixels":136},"geometry":{"type":"Polygon","coordinates":[[[118.948686,32.039731],[118.953979,32.03965],[118.954074,32.044158],[118.948781,32.04424],[118.948686,32.039731]]]}},{"type":"Feature","id":"g5-13","properties":{"lst_mean_c":42.91,"ndvi_mean":0.512,"green_share_pct":91.2,"hot_share_pct":0.0,"coverage_pct":87.9,"valid_pixels":239},"geometry":{"type":"Polygon","coordinates":[[[118.699989,32.047821],[118.705283,32.04775],[118.705366,32.052259],[118.700072,32.05233],[118.699989,32.047821]]]}},{"type":"Feature","id":"g6-13","properties":{"lst_mean_c":44.2,"ndvi_mean":0.536,"green_share_pct":91.4,"hot_share_pct":0.0,"coverage_pct":100.0,"valid_pixels":256},"geometry":{"type":"Polygon","coordinates":[[[118.705283,32.04775],[118.710577,32.047679],[118.710661,32.052188],[118.705366,32.052259],[118.705283,32.04775]]]}},{"type":"Feature","id":"g7-13","properties":{"lst_mean_c":43.74,"ndvi_mean":0.522,"green_share_pct":94.7,"hot_share_pct":0.0,"coverage_pct":83.5,"valid_pixels":227},"geometry":{"type":"Polygon","coordinates":[[[118.710577,32.047679],[118.71587,32.047607],[118.715955,32.052116],[118.710661,32.052188],[118.710577,32.047679]]]}},{"type":"Feature","id":"g9-13","properties":{"lst_mean_c":47.3,"ndvi_mean":0.45,"green_share_pct":90.6,"hot_share_pct":22.2,"coverage_pct":70.3,"valid_pixels":180},"geometry":{"type":"Polygon","coordinates":[[[118.721164,32.047535],[118.726458,32.047463],[118.726543,32.051972],[118.721249,32.052044],[118.721164,32.047535]]]}},{"type":"Feature","id":"g15-13","properties":{"lst_mean_c":46.56,"ndvi_mean":0.473,"green_share_pct":78.8,"hot_share_pct":21.6,"coverage_pct":95.7,"valid_pixels":245},"geometry":{"type":"Polygon","coordinates":[[[118.752927,32.0471],[118.758221,32.047027],[118.758307,32.051535],[118.753013,32.051609],[118.752927,32.0471]]]}},{"type":"Feature","id":"g16-13","properties":{"lst_mean_c":48.22,"ndvi_mean":0.428,"green_share_pct":72.4,"hot_share_pct":53.3,"coverage_pct":100.0,"valid_pixels":272},"geometry":{"type":"Polygon","coordinates":[[[118.758221,32.047027],[118.763514,32.046953],[118.763601,32.051462],[118.758307,32.051535],[118.758221,32.047027]]]}},{"type":"Feature","id":"g17-13","properties":{"lst_mean_c":51.86,"ndvi_mean":0.349,"green_share_pct":64.0,"hot_share_pct":100.0,"coverage_pct":100.0,"valid_pixels":272},"geometry":{"type":"Polygon","coordinates":[[[118.763514,32.046953],[118.768808,32.046879],[118.768895,32.051388],[118.763601,32.051462],[118.763514,32.046953]]]}},{"type":"Feature","id":"g18-13","properties":{"lst_mean_c":49.46,"ndvi_mean":0.363,"green_share_pct":64.5,"hot_share_pct":87.5,"coverage_pct":100.0,"valid_pixels":256},"geometry":{"type":"Polygon","coordinates":[[[118.768808,32.046879],[118.774102,32.046805],[118.774189,32.051314],[118.768895,32.051388],[118.768808,32.046879]]]}},{"type":"Feature","id":"g19-13","properties":{"lst_mean_c":49.56,"ndvi_mean":0.334,"green_share_pct":47.6,"hot_share_pct":73.1,"coverage_pct":99.6,"valid_pixels":271},"geometry":{"type":"Polygon","coordinates":[[[118.774102,32.046805],[118.779395,32.046731],[118.779483,32.05124],[118.774189,32.051314],[118.774102,32.046805]]]}},{"type":"Feature","id":"g20-13","properties":{"lst_mean_c":48.97,"ndvi_mean":0.296,"green_share_pct":39.6,"hot_share_pct":67.0,"coverage_pct":99.3,"valid_pixels":270},"geometry":{"type":"Polygon","coordinates":[[[118.779395,32.046731],[118.784689,32.046657],[118.784777,32.051165],[118.779483,32.05124],[118.779395,32.046731]]]}},{"type":"Feature","id":"g21-13","properties":{"lst_mean_c":50.17,"ndvi_mean":0.285,"green_share_pct":38.3,"hot_share_pct":97.3,"coverage_pct":100.0,"valid_pixels":256},"geometry":{"type":"Polygon","coordinates":[[[118.784689,32.046657],[118.789983,32.046582],[118.79007,32.051091],[118.784777,32.051165],[118.784689,32.046657]]]}},{"type":"Feature","id":"g22-13","properties":{"lst_mean_c":49.76,"ndvi_mean":0.399,"green_share_pct":69.1,"hot_share_pct":88.6,"coverage_pct":100.0,"valid_pixels":272},"geometry":{"type":"Polygon","coordinates":[[[118.789983,32.046582],[118.795276,32.046507],[118.795364,32.051016],[118.79007,32.051091],[118.789983,32.046582]]]}},{"type":"Feature","id":"g23-13","properties":{"lst_mean_c":50.33,"ndvi_mean":0.348,"green_share_pct":55.5,"hot_share_pct":92.6,"coverage_pct":100.0,"valid_pixels":272},"geometry":{"type":"Polygon","coordinates":[[[118.795276,32.046507],[118.80057,32.046432],[118.800658,32.050941],[118.795364,32.051016],[118.795276,32.046507]]]}},{"type":"Feature","id":"g24-13","properties":{"lst_mean_c":48.35,"ndvi_mean":0.503,"green_share_pct":86.7,"hot_share_pct":54.7,"coverage_pct":100.0,"valid_pixels":256},"geometry":{"type":"Polygon","coordinates":[[[118.80057,32.046432],[118.805863,32.046357],[118.805952,32.050865],[118.800658,32.050941],[118.80057,32.046432]]]}},{"type":"Feature","id":"g25-13","properties":{"lst_mean_c":49.16,"ndvi_mean":0.459,"green_share_pct":82.7,"hot_share_pct":65.4,"coverage_pct":100.0,"valid_pixels":272},"geometry":{"type":"Polygon","coordinates":[[[118.805863,32.046357],[118.811157,32.046281],[118.811246,32.05079],[118.805952,32.050865],[118.805863,32.046357]]]}},{"type":"Feature","id":"g26-13","properties":{"lst_mean_c":49.06,"ndvi_mean":0.345,"green_share_pct":54.8,"hot_share_pct":81.6,"coverage_pct":100.0,"valid_pixels":272},"geometry":{"type":"Polygon","coordinates":[[[118.811157,32.046281],[118.81645,32.046205],[118.816539,32.050714],[118.811246,32.05079],[118.811157,32.046281]]]}},{"type":"Feature","id":"g27-13","properties":{"lst_mean_c":47.68,"ndvi_mean":0.492,"green_share_pct":88.3,"hot_share_pct":42.2,"coverage_pct":100.0,"valid_pixels":256},"geometry":{"type":"Polygon","coordinates":[[[118.81645,32.046205],[118.821744,32.046129],[118.821833,32.050638],[118.816539,32.050714],[118.81645,32.046205]]]}},{"type":"Feature","id":"g28-13","properties":{"lst_mean_c":43.36,"ndvi_mean":0.627,"green_share_pct":94.7,"hot_share_pct":1.3,"coverage_pct":83.1,"valid_pixels":226},"geometry":{"type":"Polygon","coordinates":[[[118.821744,32.046129],[118.827037,32.046053],[118.827127,32.050562],[118.821833,32.050638],[118.821744,32.046129]]]}},{"type":"Feature","id":"g29-13","properties":{"lst_mean_c":40.56,"ndvi_mean":0.731,"green_share_pct":98.5,"hot_share_pct":0.0,"coverage_pct":98.2,"valid_pixels":267},"geometry":{"type":"Polygon","coordinates":[[[118.827037,32.046053],[118.832331,32.045977],[118.832421,32.050485],[118.827127,32.050562],[118.827037,32.046053]]]}},{"type":"Feature","id":"g30-13","properties":{"lst_mean_c":41.67,"ndvi_mean":0.734,"green_share_pct":100.0,"hot_share_pct":0.0,"coverage_pct":100.0,"valid_pixels":256},"geometry":{"type":"Polygon","coordinates":[[[118.832331,32.045977],[118.837624,32.0459],[118.837714,32.050409],[118.832421,32.050485],[118.832331,32.045977]]]}},{"type":"Feature","id":"g31-13","properties":{"lst_mean_c":40.39,"ndvi_mean":0.79,"green_share_pct":100.0,"hot_share_pct":0.0,"coverage_pct":100.0,"valid_pixels":272},"geometry":{"type":"Polygon","coordinates":[[[118.837624,32.0459],[118.842918,32.045823],[118.843008,32.050332],[118.837714,32.050409],[118.837624,32.0459]]]}},{"type":"Feature","id":"g32-13","properties":{"lst_mean_c":40.09,"ndvi_mean":0.787,"green_share_pct":100.0,"hot_share_pct":0.0,"coverage_pct":100.0,"valid_pixels":272},"geometry":{"type":"Polygon","coordinates":[[[118.842918,32.045823],[118.848211,32.045746],[118.848302,32.050255],[118.843008,32.050332],[118.842918,32.045823]]]}},{"type":"Feature","id":"g33-13","properties":{"lst_mean_c":41.89,"ndvi_mean":0.721,"green_share_pct":100.0,"hot_share_pct":0.0,"coverage_pct":100.0,"valid_pixels":256},"geometry":{"type":"Polygon","coordinates":[[[118.848211,32.045746],[118.853504,32.045669],[118.853595,32.050177],[118.848302,32.050255],[118.848211,32.045746]]]}},{"type":"Feature","id":"g34-13","properties":{"lst_mean_c":39.86,"ndvi_mean":0.818,"green_share_pct":100.0,"hot_share_pct":0.0,"coverage_pct":100.0,"valid_pixels":272},"geometry":{"type":"Polygon","coordinates":[[[118.853504,32.045669],[118.858798,32.045591],[118.858889,32.0501],[118.853595,32.050177],[118.853504,32.045669]]]}},{"type":"Feature","id":"g35-13","properties":{"lst_mean_c":48.86,"ndvi_mean":0.525,"green_share_pct":90.4,"hot_share_pct":65.4,"coverage_pct":100.0,"valid_pixels":272},"geometry":{"type":"Polygon","coordinates":[[[118.858798,32.045591],[118.864091,32.045514],[118.864182,32.050022],[118.858889,32.0501],[118.858798,32.045591]]]}},{"type":"Feature","id":"g38-13","properties":{"lst_mean_c":45.57,"ndvi_mean":0.56,"green_share_pct":97.1,"hot_share_pct":0.0,"coverage_pct":76.5,"valid_pixels":208},"geometry":{"type":"Polygon","coordinates":[[[118.874678,32.045358],[118.879971,32.045279],[118.880063,32.049788],[118.87477,32.049866],[118.874678,32.045358]]]}},{"type":"Feature","id":"g39-13","properties":{"lst_mean_c":47.27,"ndvi_mean":0.468,"green_share_pct":83.7,"hot_share_pct":24.7,"coverage_pct":69.5,"valid_pixels":178},"geometry":{"type":"Polygon","coordinates":[[[118.879971,32.045279],[118.885264,32.045201],[118.885357,32.049709],[118.880063,32.049788],[118.879971,32.045279]]]}},{"type":"Feature","id":"g40-13","properties":{"lst_mean_c":46.22,"ndvi_mean":0.467,"green_share_pct":82.4,"hot_share_pct":13.3,"coverage_pct":69.1,"valid_pixels":188},"geometry":{"type":"Polygon","coordinates":[[[118.885264,32.045201],[118.890557,32.045122],[118.89065,32.04963],[118.885357,32.049709],[118.885264,32.045201]]]}},{"type":"Feature","id":"g41-13","properties":{"lst_mean_c":46.08,"ndvi_mean":0.484,"green_share_pct":88.1,"hot_share_pct":17.4,"coverage_pct":86.4,"valid_pixels":235},"geometry":{"type":"Polygon","coordinates":[[[118.890557,32.045122],[118.895851,32.045043],[118.895944,32.049551],[118.89065,32.04963],[118.890557,32.045122]]]}},{"type":"Feature","id":"g42-13","properties":{"lst_mean_c":48.06,"ndvi_mean":0.399,"green_share_pct":82.4,"hot_share_pct":49.6,"coverage_pct":100.0,"valid_pixels":256},"geometry":{"type":"Polygon","coordinates":[[[118.895851,32.045043],[118.901144,32.044963],[118.901237,32.049472],[118.895944,32.049551],[118.895851,32.045043]]]}},{"type":"Feature","id":"g43-13","properties":{"lst_mean_c":47.38,"ndvi_mean":0.379,"green_share_pct":81.6,"hot_share_pct":32.0,"coverage_pct":100.0,"valid_pixels":272},"geometry":{"type":"Polygon","coordinates":[[[118.901144,32.044963],[118.906437,32.044884],[118.90653,32.049392],[118.901237,32.049472],[118.901144,32.044963]]]}},{"type":"Feature","id":"g44-13","properties":{"lst_mean_c":45.78,"ndvi_mean":0.459,"green_share_pct":82.0,"hot_share_pct":16.2,"coverage_pct":100.0,"valid_pixels":272},"geometry":{"type":"Polygon","coordinates":[[[118.906437,32.044884],[118.91173,32.044804],[118.911824,32.049312],[118.90653,32.049392],[118.906437,32.044884]]]}},{"type":"Feature","id":"g45-13","properties":{"lst_mean_c":46.18,"ndvi_mean":0.445,"green_share_pct":89.5,"hot_share_pct":5.9,"coverage_pct":100.0,"valid_pixels":256},"geometry":{"type":"Polygon","coordinates":[[[118.91173,32.044804],[118.917023,32.044724],[118.917117,32.049232],[118.911824,32.049312],[118.91173,32.044804]]]}},{"type":"Feature","id":"g46-13","properties":{"lst_mean_c":46.1,"ndvi_mean":0.419,"green_share_pct":80.9,"hot_share_pct":7.7,"coverage_pct":100.0,"valid_pixels":272},"geometry":{"type":"Polygon","coordinates":[[[118.917023,32.044724],[118.922316,32.044644],[118.92241,32.049152],[118.917117,32.049232],[118.917023,32.044724]]]}},{"type":"Feature","id":"g47-13","properties":{"lst_mean_c":45.1,"ndvi_mean":0.444,"green_share_pct":83.5,"hot_share_pct":0.4,"coverage_pct":100.0,"valid_pixels":272},"geometry":{"type":"Polygon","coordinates":[[[118.922316,32.044644],[118.927609,32.044564],[118.927704,32.049072],[118.92241,32.049152],[118.922316,32.044644]]]}},{"type":"Feature","id":"g48-13","properties":{"lst_mean_c":44.36,"ndvi_mean":0.578,"green_share_pct":96.9,"hot_share_pct":3.1,"coverage_pct":100.0,"valid_pixels":256},"geometry":{"type":"Polygon","coordinates":[[[118.927609,32.044564],[118.932902,32.044483],[118.932997,32.048991],[118.927704,32.049072],[118.927609,32.044564]]]}},{"type":"Feature","id":"g49-13","properties":{"lst_mean_c":47.08,"ndvi_mean":0.522,"green_share_pct":88.6,"hot_share_pct":43.8,"coverage_pct":100.0,"valid_pixels":272},"geometry":{"type":"Polygon","coordinates":[[[118.932902,32.044483],[118.938195,32.044402],[118.93829,32.04891],[118.932997,32.048991],[118.932902,32.044483]]]}},{"type":"Feature","id":"g50-13","properties":{"lst_mean_c":46.54,"ndvi_mean":0.429,"green_share_pct":69.5,"hot_share_pct":43.4,"coverage_pct":100.0,"valid_pixels":272},"geometry":{"type":"Polygon","coordinates":[[[118.938195,32.044402],[118.943488,32.044321],[118.943584,32.048829],[118.93829,32.04891],[118.938195,32.044402]]]}},{"type":"Feature","id":"g51-13","properties":{"lst_mean_c":40.72,"ndvi_mean":0.725,"green_share_pct":100.0,"hot_share_pct":0.0,"coverage_pct":100.0,"valid_pixels":256},"geometry":{"type":"Polygon","coordinates":[[[118.943488,32.044321],[118.948781,32.04424],[118.948877,32.048748],[118.943584,32.048829],[118.943488,32.044321]]]}},{"type":"Feature","id":"g52-13","properties":{"lst_mean_c":41.54,"ndvi_mean":0.675,"green_share_pct":100.0,"hot_share_pct":0.0,"coverage_pct":99.2,"valid_pixels":127},"geometry":{"type":"Polygon","coordinates":[[[118.948781,32.04424],[118.954074,32.044158],[118.95417,32.048666],[118.948877,32.048748],[118.948781,32.04424]]]}},{"type":"Feature","id":"g6-14","properties":{"lst_mean_c":41.23,"ndvi_mean":0.614,"green_share_pct":94.8,"hot_share_pct":0.0,"coverage_pct":91.2,"valid_pixels":248},"geometry":{"type":"Polygon","coordinates":[[[118.705366,32.052259],[118.710661,32.052188],[118.710744,32.056696],[118.70545,32.056768],[118.705366,32.052259]]]}},{"type":"Feature","id":"g7-14","properties":{"lst_mean_c":42.06,"ndvi_mean":0.613,"green_share_pct":97.6,"hot_share_pct":0.0,"coverage_pct":100.0,"valid_pixels":289},"geometry":{"type":"Polygon","coordinates":[[[118.710661,32.052188],[118.715955,32.052116],[118.716039,32.056625],[118.710744,32.056696],[118.710661,32.052188]]]}},{"type":"Feature","id":"g15-14","properties":{"lst_mean_c":46.6,"ndvi_mean":0.556,"green_share_pct":81.2,"hot_share_pct":35.7,"coverage_pct":100.0,"valid_pixels":272},"geometry":{"type":"Polygon","coordinates":[[[118.753013,32.051609],[118.758307,32.051535],[118.758393,32.056044],[118.753099,32.056117],[118.753013,32.051609]]]}},{"type":"Feature","id":"g16-14","properties":{"lst_mean_c":48.85,"ndvi_mean":0.445,"green_share_pct":77.2,"hot_share_pct":72.7,"coverage_pct":100.0,"valid_pixels":289},"geometry":{"type":"Polygon","coordinates":[[[118.758307,32.051535],[118.763601,32.051462],[118.763687,32.055971],[118.758393,32.056044],[118.758307,32.051535]]]}},{"type":"Feature","id":"g17-14","properties":{"lst_mean_c":48.77,"ndvi_mean":0.426,"green_share_pct":69.6,"hot_share_pct":66.1,"coverage_pct":100.0,"valid_pixels":289},"geometry":{"type":"Polygon","coordinates":[[[118.763601,32.051462],[118.768895,32.051388],[118.768982,32.055897],[118.763687,32.055971],[118.763601,32.051462]]]}},{"type":"Feature","id":"g18-14","properties":{"lst_mean_c":47.85,"ndvi_mean":0.366,"green_share_pct":59.9,"hot_share_pct":46.0,"coverage_pct":100.0,"valid_pixels":272},"geometry":{"type":"Polygon","coordinates":[[[118.768895,32.051388],[118.774189,32.051314],[118.774276,32.055823],[118.768982,32.055897],[118.768895,32.051388]]]}},{"type":"Feature","id":"g19-14","properties":{"lst_mean_c":48.02,"ndvi_mean":0.374,"green_share_pct":62.2,"hot_share_pct":43.4,"coverage_pct":99.7,"valid_pixels":288},"geometry":{"type":"Polygon","coordinates":[[[118.774189,32.051314],[118.779483,32.05124],[118.77957,32.055749],[118.774276,32.055823],[118.774189,32.051314]]]}},{"type":"Feature","id":"g20-14","properties":{"lst_mean_c":48.54,"ndvi_mean":0.251,"green_share_pct":23.3,"hot_share_pct":54.5,"coverage_pct":99.7,"valid_pixels":288},"geometry":{"type":"Polygon","coordinates":[[[118.779483,32.05124],[118.784777,32.051165],[118.784864,32.055674],[118.77957,32.055749],[118.779483,32.05124]]]}},{"type":"Feature","id":"g21-14","properties":{"lst_mean_c":49.55,"ndvi_mean":0.293,"green_share_pct":43.0,"hot_share_pct":83.5,"coverage_pct":100.0,"valid_pixels":272},"geometry":{"type":"Polygon","coordinates":[[[118.784777,32.051165],[118.79007,32.051091],[118.790158,32.055599],[118.784864,32.055674],[118.784777,32.051165]]]}},{"type":"Feature","id":"g22-14","properties":{"lst_mean_c":50.44,"ndvi_mean":0.375,"green_share_pct":68.5,"hot_share_pct":87.5,"coverage_pct":100.0,"valid_pixels":289},"geometry":{"type":"Polygon","coordinates":[[[118.79007,32.051091],[118.795364,32.051016],[118.795452,32.055524],[118.790158,32.055599],[118.79007,32.051091]]]}},{"type":"Feature","id":"g23-14","properties":{"lst_mean_c":49.45,"ndvi_mean":0.402,"green_share_pct":74.4,"hot_share_pct":79.2,"coverage_pct":100.0,"valid_pixels":289},"geometry":{"type":"Polygon","coordinates":[[[118.795364,32.051016],[118.800658,32.050941],[118.800746,32.055449],[118.795452,32.055524],[118.795364,32.051016]]]}},{"type":"Feature","id":"g24-14","properties":{"lst_mean_c":48.74,"ndvi_mean":0.453,"green_share_pct":82.4,"hot_share_pct":63.6,"coverage_pct":100.0,"valid_pixels":272},"geometry":{"type":"Polygon","coordinates":[[[118.800658,32.050941],[118.805952,32.050865],[118.806041,32.055374],[118.800746,32.055449],[118.800658,32.050941]]]}},{"type":"Feature","id":"g25-14","properties":{"lst_mean_c":46.63,"ndvi_mean":0.553,"green_share_pct":94.5,"hot_share_pct":6.2,"coverage_pct":100.0,"valid_pixels":289},"geometry":{"type":"Polygon","coordinates":[[[118.805952,32.050865],[118.811246,32.05079],[118.811335,32.055298],[118.806041,32.055374],[118.805952,32.050865]]]}},{"type":"Feature","id":"g26-14","properties":{"lst_mean_c":47.63,"ndvi_mean":0.39,"green_share_pct":70.9,"hot_share_pct":37.7,"coverage_pct":100.0,"valid_pixels":289},"geometry":{"type":"Polygon","coordinates":[[[118.811246,32.05079],[118.816539,32.050714],[118.816629,32.055223],[118.811335,32.055298],[118.811246,32.05079]]]}},{"type":"Feature","id":"g27-14","properties":{"lst_mean_c":46.58,"ndvi_mean":0.494,"green_share_pct":90.8,"hot_share_pct":43.5,"coverage_pct":99.6,"valid_pixels":271},"geometry":{"type":"Polygon","coordinates":[[[118.816539,32.050714],[118.821833,32.050638],[118.821923,32.055147],[118.816629,32.055223],[118.816539,32.050714]]]}},{"type":"Feature","id":"g28-14","properties":{"lst_mean_c":41.59,"ndvi_mean":0.662,"green_share_pct":93.1,"hot_share_pct":2.7,"coverage_pct":89.6,"valid_pixels":259},"geometry":{"type":"Polygon","coordinates":[[[118.821833,32.050638],[118.827127,32.050562],[118.827217,32.05507],[118.821923,32.055147],[118.821833,32.050638]]]}},{"type":"Feature","id":"g29-14","properties":{"lst_mean_c":40.08,"ndvi_mean":0.768,"green_share_pct":100.0,"hot_share_pct":0.0,"coverage_pct":100.0,"valid_pixels":289},"geometry":{"type":"Polygon","coordinates":[[[118.827127,32.050562],[118.832421,32.050485],[118.832511,32.054994],[118.827217,32.05507],[118.827127,32.050562]]]}},{"type":"Feature","id":"g30-14","properties":{"lst_mean_c":40.92,"ndvi_mean":0.761,"green_share_pct":100.0,"hot_share_pct":0.0,"coverage_pct":100.0,"valid_pixels":272},"geometry":{"type":"Polygon","coordinates":[[[118.832421,32.050485],[118.837714,32.050409],[118.837804,32.054917],[118.832511,32.054994],[118.832421,32.050485]]]}},{"type":"Feature","id":"g31-14","properties":{"lst_mean_c":42.29,"ndvi_mean":0.719,"green_share_pct":99.3,"hot_share_pct":0.0,"coverage_pct":100.0,"valid_pixels":289},"geometry":{"type":"Polygon","coordinates":[[[118.837714,32.050409],[118.843008,32.050332],[118.843098,32.05484],[118.837804,32.054917],[118.837714,32.050409]]]}},{"type":"Feature","id":"g32-14","properties":{"lst_mean_c":40.23,"ndvi_mean":0.772,"green_share_pct":100.0,"hot_share_pct":0.0,"coverage_pct":100.0,"valid_pixels":289},"geometry":{"type":"Polygon","coordinates":[[[118.843008,32.050332],[118.848302,32.050255],[118.848392,32.054763],[118.843098,32.05484],[118.843008,32.050332]]]}},{"type":"Feature","id":"g33-14","properties":{"lst_mean_c":40.34,"ndvi_mean":0.775,"green_share_pct":100.0,"hot_share_pct":0.0,"coverage_pct":100.0,"valid_pixels":272},"geometry":{"type":"Polygon","coordinates":[[[118.848302,32.050255],[118.853595,32.050177],[118.853686,32.054686],[118.848392,32.054763],[118.848302,32.050255]]]}},{"type":"Feature","id":"g34-14","properties":{"lst_mean_c":39.64,"ndvi_mean":0.825,"green_share_pct":100.0,"hot_share_pct":0.0,"coverage_pct":100.0,"valid_pixels":289},"geometry":{"type":"Polygon","coordinates":[[[118.853595,32.050177],[118.858889,32.0501],[118.85898,32.054608],[118.853686,32.054686],[118.853595,32.050177]]]}},{"type":"Feature","id":"g35-14","properties":{"lst_mean_c":41.9,"ndvi_mean":0.745,"green_share_pct":100.0,"hot_share_pct":7.6,"coverage_pct":100.0,"valid_pixels":289},"geometry":{"type":"Polygon","coordinates":[[[118.858889,32.0501],[118.864182,32.050022],[118.864274,32.054531],[118.85898,32.054608],[118.858889,32.0501]]]}},{"type":"Feature","id":"g38-14","properties":{"lst_mean_c":39.98,"ndvi_mean":0.781,"green_share_pct":99.6,"hot_share_pct":0.0,"coverage_pct":97.2,"valid_pixels":281},"geometry":{"type":"Polygon","coordinates":[[[118.87477,32.049866],[118.880063,32.049788],[118.880155,32.054296],[118.874862,32.054374],[118.87477,32.049866]]]}},{"type":"Feature","id":"g39-14","properties":{"lst_mean_c":44.85,"ndvi_mean":0.59,"green_share_pct":94.2,"hot_share_pct":9.4,"coverage_pct":82.4,"valid_pixels":224},"geometry":{"type":"Polygon","coordinates":[[[118.880063,32.049788],[118.885357,32.049709],[118.885449,32.054217],[118.880155,32.054296],[118.880063,32.049788]]]}},{"type":"Feature","id":"g41-14","properties":{"lst_mean_c":48.07,"ndvi_mean":0.46,"green_share_pct":84.9,"hot_share_pct":45.8,"coverage_pct":61.9,"valid_pixels":179},"geometry":{"type":"Polygon","coordinates":[[[118.89065,32.04963],[118.895944,32.049551],[118.896036,32.054059],[118.890743,32.054138],[118.89065,32.04963]]]}},{"type":"Feature","id":"g42-14","properties":{"lst_mean_c":46.94,"ndvi_mean":0.48,"green_share_pct":94.5,"hot_share_pct":26.8,"coverage_pct":100.0,"valid_pixels":272},"geometry":{"type":"Polygon","coordinates":[[[118.895944,32.049551],[118.901237,32.049472],[118.90133,32.05398],[118.896036,32.054059],[118.895944,32.049551]]]}},{"type":"Feature","id":"g43-14","properties":{"lst_mean_c":48.12,"ndvi_mean":0.442,"green_share_pct":90.0,"hot_share_pct":48.1,"coverage_pct":100.0,"valid_pixels":289},"geometry":{"type":"Polygon","coordinates":[[[118.901237,32.049472],[118.90653,32.049392],[118.906624,32.053901],[118.90133,32.05398],[118.901237,32.049472]]]}},{"type":"Feature","id":"g44-14","properties":{"lst_mean_c":46.39,"ndvi_mean":0.381,"green_share_pct":72.0,"hot_share_pct":11.4,"coverage_pct":100.0,"valid_pixels":289},"geometry":{"type":"Polygon","coordinates":[[[118.90653,32.049392],[118.911824,32.049312],[118.911918,32.053821],[118.906624,32.053901],[118.90653,32.049392]]]}},{"type":"Feature","id":"g45-14","properties":{"lst_mean_c":46.82,"ndvi_mean":0.417,"green_share_pct":75.4,"hot_share_pct":26.5,"coverage_pct":100.0,"valid_pixels":272},"geometry":{"type":"Polygon","coordinates":[[[118.911824,32.049312],[118.917117,32.049232],[118.917211,32.053741],[118.911918,32.053821],[118.911824,32.049312]]]}},{"type":"Feature","id":"g46-14","properties":{"lst_mean_c":47.56,"ndvi_mean":0.401,"green_share_pct":77.9,"hot_share_pct":33.2,"coverage_pct":100.0,"valid_pixels":289},"geometry":{"type":"Polygon","coordinates":[[[118.917117,32.049232],[118.92241,32.049152],[118.922505,32.053661],[118.917211,32.053741],[118.917117,32.049232]]]}},{"type":"Feature","id":"g47-14","properties":{"lst_mean_c":44.46,"ndvi_mean":0.504,"green_share_pct":94.5,"hot_share_pct":0.0,"coverage_pct":100.0,"valid_pixels":289},"geometry":{"type":"Polygon","coordinates":[[[118.92241,32.049152],[118.927704,32.049072],[118.927798,32.05358],[118.922505,32.053661],[118.92241,32.049152]]]}},{"type":"Feature","id":"g48-14","properties":{"lst_mean_c":44.19,"ndvi_mean":0.567,"green_share_pct":99.3,"hot_share_pct":0.0,"coverage_pct":100.0,"valid_pixels":272},"geometry":{"type":"Polygon","coordinates":[[[118.927704,32.049072],[118.932997,32.048991],[118.933092,32.0535],[118.927798,32.05358],[118.927704,32.049072]]]}},{"type":"Feature","id":"g49-14","properties":{"lst_mean_c":46.04,"ndvi_mean":0.547,"green_share_pct":88.6,"hot_share_pct":27.0,"coverage_pct":100.0,"valid_pixels":289},"geometry":{"type":"Polygon","coordinates":[[[118.932997,32.048991],[118.93829,32.04891],[118.938385,32.053419],[118.933092,32.0535],[118.932997,32.048991]]]}},{"type":"Feature","id":"g50-14","properties":{"lst_mean_c":44.32,"ndvi_mean":0.587,"green_share_pct":92.7,"hot_share_pct":11.1,"coverage_pct":100.0,"valid_pixels":289},"geometry":{"type":"Polygon","coordinates":[[[118.93829,32.04891],[118.943584,32.048829],[118.943679,32.053338],[118.938385,32.053419],[118.93829,32.04891]]]}},{"type":"Feature","id":"g51-14","properties":{"lst_mean_c":42.47,"ndvi_mean":0.658,"green_share_pct":97.1,"hot_share_pct":0.0,"coverage_pct":100.0,"valid_pixels":272},"geometry":{"type":"Polygon","coordinates":[[[118.943584,32.048829],[118.948877,32.048748],[118.948973,32.053256],[118.943679,32.053338],[118.943584,32.048829]]]}},{"type":"Feature","id":"g52-14","properties":{"lst_mean_c":43.07,"ndvi_mean":0.659,"green_share_pct":100.0,"hot_share_pct":0.0,"coverage_pct":100.0,"valid_pixels":136},"geometry":{"type":"Polygon","coordinates":[[[118.948877,32.048748],[118.95417,32.048666],[118.954266,32.053175],[118.948973,32.053256],[118.948877,32.048748]]]}},{"type":"Feature","id":"g0-15","properties":{"lst_mean_c":39.97,"ndvi_mean":0.523,"green_share_pct":89.2,"hot_share_pct":4.1,"coverage_pct":72.5,"valid_pixels":74},"geometry":{"type":"Polygon","coordinates":[[[118.673683,32.057191],[118.678978,32.057121],[118.67906,32.06163],[118.673765,32.0617],[118.673683,32.057191]]]}},{"type":"Feature","id":"g7-15","properties":{"lst_mean_c":42.64,"ndvi_mean":0.575,"green_share_pct":97.1,"hot_share_pct":0.0,"coverage_pct":95.5,"valid_pixels":276},"geometry":{"type":"Polygon","coordinates":[[[118.710744,32.056696],[118.716039,32.056625],[118.716123,32.061134],[118.710828,32.061205],[118.710744,32.056696]]]}},{"type":"Feature","id":"g13-15","properties":{"lst_mean_c":45.57,"ndvi_mean":0.427,"green_share_pct":76.3,"hot_share_pct":21.1,"coverage_pct":67.1,"valid_pixels":194},"geometry":{"type":"Polygon","coordinates":[[[118.74251,32.056264],[118.747805,32.056191],[118.747891,32.060699],[118.742596,32.060772],[118.74251,32.056264]]]}},{"type":"Feature","id":"g14-15","properties":{"lst_mean_c":48.28,"ndvi_mean":0.444,"green_share_pct":79.6,"hot_share_pct":52.6,"coverage_pct":100.0,"valid_pixels":289},"geometry":{"type":"Polygon","coordinates":[[[118.747805,32.056191],[118.753099,32.056117],[118.753185,32.060626],[118.747891,32.060699],[118.747805,32.056191]]]}},{"type":"Feature","id":"g15-15","properties":{"lst_mean_c":48.8,"ndvi_mean":0.476,"green_share_pct":83.0,"hot_share_pct":56.8,"coverage_pct":99.6,"valid_pixels":271},"geometry":{"type":"Polygon","coordinates":[[[118.753099,32.056117],[118.758393,32.056044],[118.75848,32.060553],[118.753185,32.060626],[118.753099,32.056117]]]}},{"type":"Feature","id":"g16-15","properties":{"lst_mean_c":49.59,"ndvi_mean":0.445,"green_share_pct":85.1,"hot_share_pct":85.8,"coverage_pct":100.0,"valid_pixels":289},"geometry":{"type":"Polygon","coordinates":[[[118.758393,32.056044],[118.763687,32.055971],[118.763774,32.060479],[118.75848,32.060553],[118.758393,32.056044]]]}},{"type":"Feature","id":"g17-15","properties":{"lst_mean_c":49.16,"ndvi_mean":0.366,"green_share_pct":62.6,"hot_share_pct":78.5,"coverage_pct":100.0,"valid_pixels":289},"geometry":{"type":"Polygon","coordinates":[[[118.763687,32.055971],[118.768982,32.055897],[118.769068,32.060405],[118.763774,32.060479],[118.763687,32.055971]]]}},{"type":"Feature","id":"g18-15","properties":{"lst_mean_c":48.69,"ndvi_mean":0.382,"green_share_pct":71.3,"hot_share_pct":47.4,"coverage_pct":100.0,"valid_pixels":272},"geometry":{"type":"Polygon","coordinates":[[[118.768982,32.055897],[118.774276,32.055823],[118.774363,32.060331],[118.769068,32.060405],[118.768982,32.055897]]]}},{"type":"Feature","id":"g19-15","properties":{"lst_mean_c":46.69,"ndvi_mean":0.427,"green_share_pct":73.7,"hot_share_pct":12.1,"coverage_pct":100.0,"valid_pixels":289},"geometry":{"type":"Polygon","coordinates":[[[118.774276,32.055823],[118.77957,32.055749],[118.779657,32.060257],[118.774363,32.060331],[118.774276,32.055823]]]}},{"type":"Feature","id":"g20-15","properties":{"lst_mean_c":48.27,"ndvi_mean":0.325,"green_share_pct":53.5,"hot_share_pct":48.6,"coverage_pct":99.7,"valid_pixels":288},"geometry":{"type":"Polygon","coordinates":[[[118.77957,32.055749],[118.784864,32.055674],[118.784952,32.060183],[118.779657,32.060257],[118.77957,32.055749]]]}},{"type":"Feature","id":"g21-15","properties":{"lst_mean_c":48.07,"ndvi_mean":0.5,"green_share_pct":89.7,"hot_share_pct":41.9,"coverage_pct":100.0,"valid_pixels":272},"geometry":{"type":"Polygon","coordinates":[[[118.784864,32.055674],[118.790158,32.055599],[118.790246,32.060108],[118.784952,32.060183],[118.784864,32.055674]]]}},{"type":"Feature","id":"g22-15","properties":{"lst_mean_c":48.78,"ndvi_mean":0.443,"green_share_pct":82.4,"hot_share_pct":61.6,"coverage_pct":100.0,"valid_pixels":289},"geometry":{"type":"Polygon","coordinates":[[[118.790158,32.055599],[118.795452,32.055524],[118.79554,32.060033],[118.790246,32.060108],[118.790158,32.055599]]]}},{"type":"Feature","id":"g23-15","properties":{"lst_mean_c":48.46,"ndvi_mean":0.452,"green_share_pct":86.9,"hot_share_pct":55.4,"coverage_pct":100.0,"valid_pixels":289},"geometry":{"type":"Polygon","coordinates":[[[118.795452,32.055524],[118.800746,32.055449],[118.800835,32.059958],[118.79554,32.060033],[118.795452,32.055524]]]}},{"type":"Feature","id":"g24-15","properties":{"lst_mean_c":47.9,"ndvi_mean":0.449,"green_share_pct":77.9,"hot_share_pct":49.3,"coverage_pct":100.0,"valid_pixels":272},"geometry":{"type":"Polygon","coordinates":[[[118.800746,32.055449],[118.806041,32.055374],[118.806129,32.059883],[118.800835,32.059958],[118.800746,32.055449]]]}},{"type":"Feature","id":"g25-15","properties":{"lst_mean_c":45.6,"ndvi_mean":0.533,"green_share_pct":91.0,"hot_share_pct":11.8,"coverage_pct":100.0,"valid_pixels":289},"geometry":{"type":"Polygon","coordinates":[[[118.806041,32.055374],[118.811335,32.055298],[118.811423,32.059807],[118.806129,32.059883],[118.806041,32.055374]]]}},{"type":"Feature","id":"g26-15","properties":{"lst_mean_c":40.64,"ndvi_mean":0.745,"green_share_pct":99.0,"hot_share_pct":0.0,"coverage_pct":99.0,"valid_pixels":286},"geometry":{"type":"Polygon","coordinates":[[[118.811335,32.055298],[118.816629,32.055223],[118.816718,32.059731],[118.811423,32.059807],[118.811335,32.055298]]]}},{"type":"Feature","id":"g27-15","properties":{"lst_mean_c":38.88,"ndvi_mean":0.782,"green_share_pct":99.6,"hot_share_pct":0.0,"coverage_pct":95.6,"valid_pixels":260},"geometry":{"type":"Polygon","coordinates":[[[118.816629,32.055223],[118.821923,32.055147],[118.822012,32.059655],[118.816718,32.059731],[118.816629,32.055223]]]}},{"type":"Feature","id":"g28-15","properties":{"lst_mean_c":38.29,"ndvi_mean":0.812,"green_share_pct":100.0,"hot_share_pct":0.0,"coverage_pct":100.0,"valid_pixels":289},"geometry":{"type":"Polygon","coordinates":[[[118.821923,32.055147],[118.827217,32.05507],[118.827306,32.059579],[118.822012,32.059655],[118.821923,32.055147]]]}},{"type":"Feature","id":"g29-15","properties":{"lst_mean_c":41.15,"ndvi_mean":0.732,"green_share_pct":99.7,"hot_share_pct":0.0,"coverage_pct":100.0,"valid_pixels":289},"geometry":{"type":"Polygon","coordinates":[[[118.827217,32.05507],[118.832511,32.054994],[118.8326,32.059503],[118.827306,32.059579],[118.827217,32.05507]]]}},{"type":"Feature","id":"g30-15","properties":{"lst_mean_c":38.66,"ndvi_mean":0.806,"green_share_pct":100.0,"hot_share_pct":0.0,"coverage_pct":100.0,"valid_pixels":272},"geometry":{"type":"Polygon","coordinates":[[[118.832511,32.054994],[118.837804,32.054917],[118.837895,32.059426],[118.8326,32.059503],[118.832511,32.054994]]]}},{"type":"Feature","id":"g31-15","properties":{"lst_mean_c":40.42,"ndvi_mean":0.796,"green_share_pct":100.0,"hot_share_pct":0.0,"coverage_pct":100.0,"valid_pixels":289},"geometry":{"type":"Polygon","coordinates":[[[118.837804,32.054917],[118.843098,32.05484],[118.843189,32.059349],[118.837895,32.059426],[118.837804,32.054917]]]}},{"type":"Feature","id":"g32-15","properties":{"lst_mean_c":40.39,"ndvi_mean":0.791,"green_share_pct":100.0,"hot_share_pct":0.0,"coverage_pct":100.0,"valid_pixels":289},"geometry":{"type":"Polygon","coordinates":[[[118.843098,32.05484],[118.848392,32.054763],[118.848483,32.059272],[118.843189,32.059349],[118.843098,32.05484]]]}},{"type":"Feature","id":"g33-15","properties":{"lst_mean_c":39.42,"ndvi_mean":0.808,"green_share_pct":100.0,"hot_share_pct":0.0,"coverage_pct":100.0,"valid_pixels":272},"geometry":{"type":"Polygon","coordinates":[[[118.848392,32.054763],[118.853686,32.054686],[118.853777,32.059194],[118.848483,32.059272],[118.848392,32.054763]]]}},{"type":"Feature","id":"g34-15","properties":{"lst_mean_c":37.98,"ndvi_mean":0.817,"green_share_pct":100.0,"hot_share_pct":0.0,"coverage_pct":100.0,"valid_pixels":289},"geometry":{"type":"Polygon","coordinates":[[[118.853686,32.054686],[118.85898,32.054608],[118.859071,32.059117],[118.853777,32.059194],[118.853686,32.054686]]]}},{"type":"Feature","id":"g35-15","properties":{"lst_mean_c":39.2,"ndvi_mean":0.801,"green_share_pct":100.0,"hot_share_pct":0.0,"coverage_pct":100.0,"valid_pixels":289},"geometry":{"type":"Polygon","coordinates":[[[118.85898,32.054608],[118.864274,32.054531],[118.864365,32.059039],[118.859071,32.059117],[118.85898,32.054608]]]}},{"type":"Feature","id":"g36-15","properties":{"lst_mean_c":40.51,"ndvi_mean":0.805,"green_share_pct":100.0,"hot_share_pct":0.0,"coverage_pct":76.5,"valid_pixels":208},"geometry":{"type":"Polygon","coordinates":[[[118.864274,32.054531],[118.869568,32.054453],[118.869659,32.058961],[118.864365,32.059039],[118.864274,32.054531]]]}},{"type":"Feature","id":"g38-15","properties":{"lst_mean_c":39.37,"ndvi_mean":0.825,"green_share_pct":100.0,"hot_share_pct":0.0,"coverage_pct":100.0,"valid_pixels":289},"geometry":{"type":"Polygon","coordinates":[[[118.874862,32.054374],[118.880155,32.054296],[118.880248,32.058804],[118.874953,32.058883],[118.874862,32.054374]]]}},{"type":"Feature","id":"g39-15","properties":{"lst_mean_c":42.34,"ndvi_mean":0.699,"green_share_pct":100.0,"hot_share_pct":0.0,"coverage_pct":100.0,"valid_pixels":272},"geometry":{"type":"Polygon","coordinates":[[[118.880155,32.054296],[118.885449,32.054217],[118.885542,32.058726],[118.880248,32.058804],[118.880155,32.054296]]]}},{"type":"Feature","id":"g40-15","properties":{"lst_mean_c":46.39,"ndvi_mean":0.515,"green_share_pct":98.6,"hot_share_pct":8.7,"coverage_pct":72.0,"valid_pixels":208},"geometry":{"type":"Polygon","coordinates":[[[118.885449,32.054217],[118.890743,32.054138],[118.890836,32.058647],[118.885542,32.058726],[118.885449,32.054217]]]}},{"type":"Feature","id":"g42-15","properties":{"lst_mean_c":47.6,"ndvi_mean":0.474,"green_share_pct":85.7,"hot_share_pct":35.7,"coverage_pct":100.0,"valid_pixels":272},"geometry":{"type":"Polygon","coordinates":[[[118.896036,32.054059],[118.90133,32.05398],[118.901423,32.058488],[118.89613,32.058568],[118.896036,32.054059]]]}},{"type":"Feature","id":"g43-15","properties":{"lst_mean_c":46.81,"ndvi_mean":0.546,"green_share_pct":93.7,"hot_share_pct":14.1,"coverage_pct":71.3,"valid_pixels":206},"geometry":{"type":"Polygon","coordinates":[[[118.90133,32.05398],[118.906624,32.053901],[118.906717,32.058409],[118.901423,32.058488],[118.90133,32.05398]]]}},{"type":"Feature","id":"g45-15","properties":{"lst_mean_c":47.43,"ndvi_mean":0.44,"green_share_pct":78.2,"hot_share_pct":29.9,"coverage_pct":64.0,"valid_pixels":174},"geometry":{"type":"Polygon","coordinates":[[[118.911918,32.053821],[118.917211,32.053741],[118.917305,32.058249],[118.912011,32.058329],[118.911918,32.053821]]]}},{"type":"Feature","id":"g47-15","properties":{"lst_mean_c":48.49,"ndvi_mean":0.401,"green_share_pct":78.9,"hot_share_pct":48.1,"coverage_pct":100.0,"valid_pixels":289},"geometry":{"type":"Polygon","coordinates":[[[118.922505,32.053661],[118.927798,32.05358],[118.927893,32.058088],[118.922599,32.058169],[118.922505,32.053661]]]}},{"type":"Feature","id":"g48-15","properties":{"lst_mean_c":45.77,"ndvi_mean":0.498,"green_share_pct":92.6,"hot_share_pct":5.1,"coverage_pct":100.0,"valid_pixels":272},"geometry":{"type":"Polygon","coordinates":[[[118.927798,32.05358],[118.933092,32.0535],[118.933187,32.058008],[118.927893,32.058088],[118.927798,32.05358]]]}},{"type":"Feature","id":"g49-15","properties":{"lst_mean_c":46.29,"ndvi_mean":0.476,"green_share_pct":85.5,"hot_share_pct":24.2,"coverage_pct":100.0,"valid_pixels":289},"geometry":{"type":"Polygon","coordinates":[[[118.933092,32.0535],[118.938385,32.053419],[118.938481,32.057927],[118.933187,32.058008],[118.933092,32.0535]]]}},{"type":"Feature","id":"g50-15","properties":{"lst_mean_c":46.17,"ndvi_mean":0.517,"green_share_pct":85.8,"hot_share_pct":19.0,"coverage_pct":100.0,"valid_pixels":289},"geometry":{"type":"Polygon","coordinates":[[[118.938385,32.053419],[118.943679,32.053338],[118.943774,32.057846],[118.938481,32.057927],[118.938385,32.053419]]]}},{"type":"Feature","id":"g51-15","properties":{"lst_mean_c":46.48,"ndvi_mean":0.484,"green_share_pct":86.0,"hot_share_pct":13.6,"coverage_pct":100.0,"valid_pixels":272},"geometry":{"type":"Polygon","coordinates":[[[118.943679,32.053338],[118.948973,32.053256],[118.949068,32.057765],[118.943774,32.057846],[118.943679,32.053338]]]}},{"type":"Feature","id":"g52-15","properties":{"lst_mean_c":46.67,"ndvi_mean":0.498,"green_share_pct":93.4,"hot_share_pct":5.1,"coverage_pct":100.0,"valid_pixels":136},"geometry":{"type":"Polygon","coordinates":[[[118.948973,32.053256],[118.954266,32.053175],[118.954362,32.057683],[118.949068,32.057765],[118.948973,32.053256]]]}},{"type":"Feature","id":"g0-16","properties":{"lst_mean_c":47.12,"ndvi_mean":0.442,"green_share_pct":71.9,"hot_share_pct":17.7,"coverage_pct":100.0,"valid_pixels":96},"geometry":{"type":"Polygon","coordinates":[[[118.673765,32.0617],[118.67906,32.06163],[118.679142,32.066139],[118.673847,32.066209],[118.673765,32.0617]]]}},{"type":"Feature","id":"g8-16","properties":{"lst_mean_c":41.13,"ndvi_mean":0.401,"green_share_pct":60.5,"hot_share_pct":0.0,"coverage_pct":80.9,"valid_pixels":220},"geometry":{"type":"Polygon","coordinates":[[[118.716123,32.061134],[118.721418,32.061062],[118.721502,32.065571],[118.716207,32.065642],[118.716123,32.061134]]]}},{"type":"Feature","id":"g14-16","properties":{"lst_mean_c":48.86,"ndvi_mean":0.363,"green_share_pct":61.4,"hot_share_pct":61.8,"coverage_pct":100.0,"valid_pixels":272},"geometry":{"type":"Polygon","coordinates":[[[118.747891,32.060699],[118.753185,32.060626],[118.753271,32.065135],[118.747976,32.065208],[118.747891,32.060699]]]}},{"type":"Feature","id":"g15-16","properties":{"lst_mean_c":47.57,"ndvi_mean":0.51,"green_share_pct":85.9,"hot_share_pct":28.5,"coverage_pct":100.0,"valid_pixels":256},"geometry":{"type":"Polygon","coordinates":[[[118.753185,32.060626],[118.75848,32.060553],[118.758566,32.065062],[118.753271,32.065135],[118.753185,32.060626]]]}},{"type":"Feature","id":"g16-16","properties":{"lst_mean_c":48.8,"ndvi_mean":0.518,"green_share_pct":90.8,"hot_share_pct":64.0,"coverage_pct":100.0,"valid_pixels":272},"geometry":{"type":"Polygon","coordinates":[[[118.75848,32.060553],[118.763774,32.060479],[118.763861,32.064988],[118.758566,32.065062],[118.75848,32.060553]]]}},{"type":"Feature","id":"g17-16","properties":{"lst_mean_c":49.7,"ndvi_mean":0.361,"green_share_pct":58.1,"hot_share_pct":70.2,"coverage_pct":100.0,"valid_pixels":272},"geometry":{"type":"Polygon","coordinates":[[[118.763774,32.060479],[118.769068,32.060405],[118.769155,32.064914],[118.763861,32.064988],[118.763774,32.060479]]]}},{"type":"Feature","id":"g18-16","properties":{"lst_mean_c":49.8,"ndvi_mean":0.327,"green_share_pct":52.5,"hot_share_pct":89.8,"coverage_pct":99.6,"valid_pixels":255},"geometry":{"type":"Polygon","coordinates":[[[118.769068,32.060405],[118.774363,32.060331],[118.77445,32.06484],[118.769155,32.064914],[118.769068,32.060405]]]}},{"type":"Feature","id":"g19-16","properties":{"lst_mean_c":47.21,"ndvi_mean":0.411,"green_share_pct":72.7,"hot_share_pct":23.6,"coverage_pct":99.6,"valid_pixels":271},"geometry":{"type":"Polygon","coordinates":[[[118.774363,32.060331],[118.779657,32.060257],[118.779745,32.064766],[118.77445,32.06484],[118.774363,32.060331]]]}},{"type":"Feature","id":"g20-16","properties":{"lst_mean_c":48.64,"ndvi_mean":0.401,"green_share_pct":66.9,"hot_share_pct":61.0,"coverage_pct":100.0,"valid_pixels":272},"geometry":{"type":"Polygon","coordinates":[[[118.779657,32.060257],[118.784952,32.060183],[118.785039,32.064691],[118.779745,32.064766],[118.779657,32.060257]]]}},{"type":"Feature","id":"g21-16","properties":{"lst_mean_c":45.71,"ndvi_mean":0.571,"green_share_pct":89.1,"hot_share_pct":11.3,"coverage_pct":100.0,"valid_pixels":256},"geometry":{"type":"Polygon","coordinates":[[[118.784952,32.060183],[118.790246,32.060108],[118.790334,32.064617],[118.785039,32.064691],[118.784952,32.060183]]]}},{"type":"Feature","id":"g22-16","properties":{"lst_mean_c":46.13,"ndvi_mean":0.545,"green_share_pct":96.7,"hot_share_pct":15.1,"coverage_pct":100.0,"valid_pixels":272},"geometry":{"type":"Polygon","coordinates":[[[118.790246,32.060108],[118.79554,32.060033],[118.795629,32.064542],[118.790334,32.064617],[118.790246,32.060108]]]}},{"type":"Feature","id":"g23-16","properties":{"lst_mean_c":46.32,"ndvi_mean":0.513,"green_share_pct":92.8,"hot_share_pct":42.4,"coverage_pct":97.1,"valid_pixels":264},"geometry":{"type":"Polygon","coordinates":[[[118.79554,32.060033],[118.800835,32.059958],[118.800923,32.064467],[118.795629,32.064542],[118.79554,32.060033]]]}},{"type":"Feature","id":"g24-16","properties":{"lst_mean_c":44.43,"ndvi_mean":0.608,"green_share_pct":94.9,"hot_share_pct":7.5,"coverage_pct":98.8,"valid_pixels":253},"geometry":{"type":"Polygon","coordinates":[[[118.800835,32.059958],[118.806129,32.059883],[118.806218,32.064391],[118.800923,32.064467],[118.800835,32.059958]]]}},{"type":"Feature","id":"g25-16","properties":{"lst_mean_c":42.68,"ndvi_mean":0.599,"green_share_pct":92.2,"hot_share_pct":0.0,"coverage_pct":93.8,"valid_pixels":255},"geometry":{"type":"Polygon","coordinates":[[[118.806129,32.059883],[118.811423,32.059807],[118.811512,32.064316],[118.806218,32.064391],[118.806129,32.059883]]]}},{"type":"Feature","id":"g26-16","properties":{"lst_mean_c":41.23,"ndvi_mean":0.713,"green_share_pct":100.0,"hot_share_pct":0.0,"coverage_pct":100.0,"valid_pixels":272},"geometry":{"type":"Polygon","coordinates":[[[118.811423,32.059807],[118.816718,32.059731],[118.816807,32.06424],[118.811512,32.064316],[118.811423,32.059807]]]}},{"type":"Feature","id":"g27-16","properties":{"lst_mean_c":38.33,"ndvi_mean":0.81,"green_share_pct":100.0,"hot_share_pct":0.0,"coverage_pct":99.6,"valid_pixels":255},"geometry":{"type":"Polygon","coordinates":[[[118.816718,32.059731],[118.822012,32.059655],[118.822101,32.064164],[118.816807,32.06424],[118.816718,32.059731]]]}},{"type":"Feature","id":"g28-16","properties":{"lst_mean_c":38.33,"ndvi_mean":0.836,"green_share_pct":100.0,"hot_share_pct":0.0,"coverage_pct":100.0,"valid_pixels":272},"geometry":{"type":"Polygon","coordinates":[[[118.822012,32.059655],[118.827306,32.059579],[118.827396,32.064088],[118.822101,32.064164],[118.822012,32.059655]]]}},{"type":"Feature","id":"g29-16","properties":{"lst_mean_c":38.98,"ndvi_mean":0.798,"green_share_pct":100.0,"hot_share_pct":0.0,"coverage_pct":100.0,"valid_pixels":272},"geometry":{"type":"Polygon","coordinates":[[[118.827306,32.059579],[118.8326,32.059503],[118.83269,32.064011],[118.827396,32.064088],[118.827306,32.059579]]]}},{"type":"Feature","id":"g30-16","properties":{"lst_mean_c":38.8,"ndvi_mean":0.823,"green_share_pct":100.0,"hot_share_pct":0.0,"coverage_pct":100.0,"valid_pixels":256},"geometry":{"type":"Polygon","coordinates":[[[118.8326,32.059503],[118.837895,32.059426],[118.837985,32.063934],[118.83269,32.064011],[118.8326,32.059503]]]}},{"type":"Feature","id":"g31-16","properties":{"lst_mean_c":41.03,"ndvi_mean":0.736,"green_share_pct":99.6,"hot_share_pct":0.0,"coverage_pct":100.0,"valid_pixels":272},"geometry":{"type":"Polygon","coordinates":[[[118.837895,32.059426],[118.843189,32.059349],[118.843279,32.063857],[118.837985,32.063934],[118.837895,32.059426]]]}},{"type":"Feature","id":"g32-16","properties":{"lst_mean_c":39.37,"ndvi_mean":0.805,"green_share_pct":100.0,"hot_share_pct":0.0,"coverage_pct":100.0,"valid_pixels":272},"geometry":{"type":"Polygon","coordinates":[[[118.843189,32.059349],[118.848483,32.059272],[118.848574,32.06378],[118.843279,32.063857],[118.843189,32.059349]]]}},{"type":"Feature","id":"g33-16","properties":{"lst_mean_c":39.26,"ndvi_mean":0.825,"green_share_pct":100.0,"hot_share_pct":0.0,"coverage_pct":100.0,"valid_pixels":256},"geometry":{"type":"Polygon","coordinates":[[[118.848483,32.059272],[118.853777,32.059194],[118.853868,32.063703],[118.848574,32.06378],[118.848483,32.059272]]]}},{"type":"Feature","id":"g34-16","properties":{"lst_mean_c":38.68,"ndvi_mean":0.827,"green_share_pct":100.0,"hot_share_pct":0.0,"coverage_pct":100.0,"valid_pixels":272},"geometry":{"type":"Polygon","coordinates":[[[118.853777,32.059194],[118.859071,32.059117],[118.859162,32.063625],[118.853868,32.063703],[118.853777,32.059194]]]}},{"type":"Feature","id":"g35-16","properties":{"lst_mean_c":38.09,"ndvi_mean":0.829,"green_share_pct":100.0,"hot_share_pct":0.0,"coverage_pct":100.0,"valid_pixels":272},"geometry":{"type":"Polygon","coordinates":[[[118.859071,32.059117],[118.864365,32.059039],[118.864457,32.063548],[118.859162,32.063625],[118.859071,32.059117]]]}},{"type":"Feature","id":"g36-16","properties":{"lst_mean_c":38.76,"ndvi_mean":0.833,"green_share_pct":100.0,"hot_share_pct":0.0,"coverage_pct":94.5,"valid_pixels":242},"geometry":{"type":"Polygon","coordinates":[[[118.864365,32.059039],[118.869659,32.058961],[118.869751,32.06347],[118.864457,32.063548],[118.864365,32.059039]]]}},{"type":"Feature","id":"g38-16","properties":{"lst_mean_c":39.46,"ndvi_mean":0.829,"green_share_pct":100.0,"hot_share_pct":0.0,"coverage_pct":100.0,"valid_pixels":272},"geometry":{"type":"Polygon","coordinates":[[[118.874953,32.058883],[118.880248,32.058804],[118.88034,32.063313],[118.875045,32.063391],[118.874953,32.058883]]]}},{"type":"Feature","id":"g39-16","properties":{"lst_mean_c":41.8,"ndvi_mean":0.731,"green_share_pct":98.0,"hot_share_pct":0.0,"coverage_pct":100.0,"valid_pixels":256},"geometry":{"type":"Polygon","coordinates":[[[118.880248,32.058804],[118.885542,32.058726],[118.885634,32.063234],[118.88034,32.063313],[118.880248,32.058804]]]}},{"type":"Feature","id":"g40-16","properties":{"lst_mean_c":45.23,"ndvi_mean":0.621,"green_share_pct":97.7,"hot_share_pct":13.0,"coverage_pct":79.4,"valid_pixels":216},"geometry":{"type":"Polygon","coordinates":[[[118.885542,32.058726],[118.890836,32.058647],[118.890928,32.063155],[118.885634,32.063234],[118.885542,32.058726]]]}},{"type":"Feature","id":"g41-16","properties":{"lst_mean_c":45.96,"ndvi_mean":0.598,"green_share_pct":90.7,"hot_share_pct":19.8,"coverage_pct":66.9,"valid_pixels":182},"geometry":{"type":"Polygon","coordinates":[[[118.890836,32.058647],[118.89613,32.058568],[118.896223,32.063076],[118.890928,32.063155],[118.890836,32.058647]]]}},{"type":"Feature","id":"g42-16","properties":{"lst_mean_c":48.98,"ndvi_mean":0.435,"green_share_pct":72.3,"hot_share_pct":46.9,"coverage_pct":100.0,"valid_pixels":256},"geometry":{"type":"Polygon","coordinates":[[[118.89613,32.058568],[118.901423,32.058488],[118.901517,32.062997],[118.896223,32.063076],[118.89613,32.058568]]]}},{"type":"Feature","id":"g43-16","properties":{"lst_mean_c":44.74,"ndvi_mean":0.555,"green_share_pct":97.6,"hot_share_pct":0.0,"coverage_pct":91.2,"valid_pixels":248},"geometry":{"type":"Polygon","coordinates":[[[118.901423,32.058488],[118.906717,32.058409],[118.906811,32.062917],[118.901517,32.062997],[118.901423,32.058488]]]}},{"type":"Feature","id":"g45-16","properties":{"lst_mean_c":47.06,"ndvi_mean":0.533,"green_share_pct":83.8,"hot_share_pct":39.0,"coverage_pct":60.2,"valid_pixels":154},"geometry":{"type":"Polygon","coordinates":[[[118.912011,32.058329],[118.917305,32.058249],[118.917399,32.062757],[118.912105,32.062837],[118.912011,32.058329]]]}},{"type":"Feature","id":"g46-16","properties":{"lst_mean_c":50.89,"ndvi_mean":0.399,"green_share_pct":73.3,"hot_share_pct":95.8,"coverage_pct":86.8,"valid_pixels":236},"geometry":{"type":"Polygon","coordinates":[[[118.917305,32.058249],[118.922599,32.058169],[118.922693,32.062677],[118.917399,32.062757],[118.917305,32.058249]]]}},{"type":"Feature","id":"g47-16","properties":{"lst_mean_c":48.7,"ndvi_mean":0.434,"green_share_pct":85.3,"hot_share_pct":58.1,"coverage_pct":100.0,"valid_pixels":272},"geometry":{"type":"Polygon","coordinates":[[[118.922599,32.058169],[118.927893,32.058088],[118.927988,32.062597],[118.922693,32.062677],[118.922599,32.058169]]]}},{"type":"Feature","id":"g48-16","properties":{"lst_mean_c":44.94,"ndvi_mean":0.482,"green_share_pct":89.5,"hot_share_pct":0.0,"coverage_pct":93.0,"valid_pixels":238},"geometry":{"type":"Polygon","coordinates":[[[118.927893,32.058088],[118.933187,32.058008],[118.933282,32.062516],[118.927988,32.062597],[118.927893,32.058088]]]}},{"type":"Feature","id":"g49-16","properties":{"lst_mean_c":43.81,"ndvi_mean":0.565,"green_share_pct":95.6,"hot_share_pct":0.7,"coverage_pct":100.0,"valid_pixels":272},"geometry":{"type":"Polygon","coordinates":[[[118.933187,32.058008],[118.938481,32.057927],[118.938576,32.062435],[118.933282,32.062516],[118.933187,32.058008]]]}},{"type":"Feature","id":"g50-16","properties":{"lst_mean_c":45.28,"ndvi_mean":0.542,"green_share_pct":94.1,"hot_share_pct":3.7,"coverage_pct":100.0,"valid_pixels":272},"geometry":{"type":"Polygon","coordinates":[[[118.938481,32.057927],[118.943774,32.057846],[118.94387,32.062354],[118.938576,32.062435],[118.938481,32.057927]]]}},{"type":"Feature","id":"g51-16","properties":{"lst_mean_c":44.84,"ndvi_mean":0.548,"green_share_pct":100.0,"hot_share_pct":0.0,"coverage_pct":100.0,"valid_pixels":256},"geometry":{"type":"Polygon","coordinates":[[[118.943774,32.057846],[118.949068,32.057765],[118.949164,32.062273],[118.94387,32.062354],[118.943774,32.057846]]]}},{"type":"Feature","id":"g52-16","properties":{"lst_mean_c":43.7,"ndvi_mean":0.596,"green_share_pct":91.4,"hot_share_pct":0.0,"coverage_pct":100.0,"valid_pixels":128},"geometry":{"type":"Polygon","coordinates":[[[118.949068,32.057765],[118.954362,32.057683],[118.954458,32.062191],[118.949164,32.062273],[118.949068,32.057765]]]}},{"type":"Feature","id":"g0-17","properties":{"lst_mean_c":44.35,"ndvi_mean":0.516,"green_share_pct":99.0,"hot_share_pct":0.0,"coverage_pct":100.0,"valid_pixels":102},"geometry":{"type":"Polygon","coordinates":[[[118.673847,32.066209],[118.679142,32.066139],[118.679225,32.070648],[118.67393,32.070718],[118.673847,32.066209]]]}},{"type":"Feature","id":"g1-17","properties":{"lst_mean_c":44.48,"ndvi_mean":0.464,"green_share_pct":85.4,"hot_share_pct":0.4,"coverage_pct":92.7,"valid_pixels":268},"geometry":{"type":"Polygon","coordinates":[[[118.679142,32.066139],[118.684437,32.066069],[118.68452,32.070578],[118.679225,32.070648],[118.679142,32.066139]]]}},{"type":"Feature","id":"g8-17","properties":{"lst_mean_c":37.03,"ndvi_mean":0.665,"green_share_pct":98.1,"hot_share_pct":0.0,"coverage_pct":74.7,"valid_pixels":216},"geometry":{"type":"Polygon","coordinates":[[[118.716207,32.065642],[118.721502,32.065571],[118.721587,32.070079],[118.716291,32.070151],[118.716207,32.065642]]]}},{"type":"Feature","id":"g10-17","properties":{"lst_mean_c":48.04,"ndvi_mean":0.329,"green_share_pct":53.9,"hot_share_pct":56.8,"coverage_pct":93.8,"valid_pixels":271},"geometry":{"type":"Polygon","coordinates":[[[118.726797,32.065499],[118.732092,32.065426],[118.732177,32.069935],[118.726882,32.070007],[118.726797,32.065499]]]}},{"type":"Feature","id":"g13-17","properties":{"lst_mean_c":45.11,"ndvi_mean":0.506,"green_share_pct":82.8,"hot_share_pct":6.1,"coverage_pct":68.5,"valid_pixels":198},"geometry":{"type":"Polygon","coordinates":[[[118.742681,32.065281],[118.747976,32.065208],[118.748062,32.069717],[118.742767,32.06979],[118.742681,32.065281]]]}},{"type":"Feature","id":"g14-17","properties":{"lst_mean_c":46.56,"ndvi_mean":0.454,"green_share_pct":74.4,"hot_share_pct":37.7,"coverage_pct":100.0,"valid_pixels":289},"geometry":{"type":"Polygon","coordinates":[[[118.747976,32.065208],[118.753271,32.065135],[118.753357,32.069644],[118.748062,32.069717],[118.747976,32.065208]]]}},{"type":"Feature","id":"g15-17","properties":{"lst_mean_c":47.67,"ndvi_mean":0.484,"green_share_pct":89.0,"hot_share_pct":47.4,"coverage_pct":100.0,"valid_pixels":272},"geometry":{"type":"Polygon","coordinates":[[[118.753271,32.065135],[118.758566,32.065062],[118.758652,32.06957],[118.753357,32.069644],[118.753271,32.065135]]]}},{"type":"Feature","id":"g16-17","properties":{"lst_mean_c":48.67,"ndvi_mean":0.49,"green_share_pct":86.2,"hot_share_pct":64.7,"coverage_pct":100.0,"valid_pixels":289},"geometry":{"type":"Polygon","coordinates":[[[118.758566,32.065062],[118.763861,32.064988],[118.763947,32.069497],[118.758652,32.06957],[118.758566,32.065062]]]}},{"type":"Feature","id":"g17-17","properties":{"lst_mean_c":49.37,"ndvi_mean":0.338,"green_share_pct":54.9,"hot_share_pct":73.6,"coverage_pct":99.7,"valid_pixels":288},"geometry":{"type":"Polygon","coordinates":[[[118.763861,32.064988],[118.769155,32.064914],[118.769242,32.069423],[118.763947,32.069497],[118.763861,32.064988]]]}},{"type":"Feature","id":"g18-17","properties":{"lst_mean_c":49.48,"ndvi_mean":0.317,"green_share_pct":45.6,"hot_share_pct":78.3,"coverage_pct":100.0,"valid_pixels":272},"geometry":{"type":"Polygon","coordinates":[[[118.769155,32.064914],[118.77445,32.06484],[118.774537,32.069349],[118.769242,32.069423],[118.769155,32.064914]]]}},{"type":"Feature","id":"g19-17","properties":{"lst_mean_c":48.58,"ndvi_mean":0.356,"green_share_pct":63.0,"hot_share_pct":67.5,"coverage_pct":100.0,"valid_pixels":289},"geometry":{"type":"Polygon","coordinates":[[[118.77445,32.06484],[118.779745,32.064766],[118.779832,32.069275],[118.774537,32.069349],[118.77445,32.06484]]]}},{"type":"Feature","id":"g20-17","properties":{"lst_mean_c":48.3,"ndvi_mean":0.37,"green_share_pct":60.3,"hot_share_pct":65.9,"coverage_pct":99.3,"valid_pixels":287},"geometry":{"type":"Polygon","coordinates":[[[118.779745,32.064766],[118.785039,32.064691],[118.785127,32.0692],[118.779832,32.069275],[118.779745,32.064766]]]}},{"type":"Feature","id":"g21-17","properties":{"lst_mean_c":46.78,"ndvi_mean":0.46,"green_share_pct":82.9,"hot_share_pct":44.5,"coverage_pct":77.6,"valid_pixels":211},"geometry":{"type":"Polygon","coordinates":[[[118.785039,32.064691],[118.790334,32.064617],[118.790422,32.069125],[118.785127,32.0692],[118.785039,32.064691]]]}},{"type":"Feature","id":"g26-17","properties":{"lst_mean_c":39.82,"ndvi_mean":0.745,"green_share_pct":100.0,"hot_share_pct":0.0,"coverage_pct":66.4,"valid_pixels":192},"geometry":{"type":"Polygon","coordinates":[[[118.811512,32.064316],[118.816807,32.06424],[118.816896,32.068748],[118.811601,32.068824],[118.811512,32.064316]]]}},{"type":"Feature","id":"g27-17","properties":{"lst_mean_c":37.3,"ndvi_mean":0.803,"green_share_pct":100.0,"hot_share_pct":0.0,"coverage_pct":100.0,"valid_pixels":272},"geometry":{"type":"Polygon","coordinates":[[[118.816807,32.06424],[118.822101,32.064164],[118.822191,32.068672],[118.816896,32.068748],[118.816807,32.06424]]]}},{"type":"Feature","id":"g28-17","properties":{"lst_mean_c":38.71,"ndvi_mean":0.793,"green_share_pct":100.0,"hot_share_pct":0.0,"coverage_pct":100.0,"valid_pixels":289},"geometry":{"type":"Polygon","coordinates":[[[118.822101,32.064164],[118.827396,32.064088],[118.827486,32.068596],[118.822191,32.068672],[118.822101,32.064164]]]}},{"type":"Feature","id":"g29-17","properties":{"lst_mean_c":38.74,"ndvi_mean":0.829,"green_share_pct":100.0,"hot_share_pct":0.0,"coverage_pct":100.0,"valid_pixels":289},"geometry":{"type":"Polygon","coordinates":[[[118.827396,32.064088],[118.83269,32.064011],[118.83278,32.06852],[118.827486,32.068596],[118.827396,32.064088]]]}},{"type":"Feature","id":"g30-17","properties":{"lst_mean_c":38.75,"ndvi_mean":0.832,"green_share_pct":100.0,"hot_share_pct":0.0,"coverage_pct":100.0,"valid_pixels":272},"geometry":{"type":"Polygon","coordinates":[[[118.83269,32.064011],[118.837985,32.063934],[118.838075,32.068443],[118.83278,32.06852],[118.83269,32.064011]]]}},{"type":"Feature","id":"g31-17","properties":{"lst_mean_c":39.3,"ndvi_mean":0.838,"green_share_pct":100.0,"hot_share_pct":0.0,"coverage_pct":100.0,"valid_pixels":289},"geometry":{"type":"Polygon","coordinates":[[[118.837985,32.063934],[118.843279,32.063857],[118.84337,32.068366],[118.838075,32.068443],[118.837985,32.063934]]]}},{"type":"Feature","id":"g32-17","properties":{"lst_mean_c":38.64,"ndvi_mean":0.823,"green_share_pct":100.0,"hot_share_pct":0.0,"coverage_pct":100.0,"valid_pixels":289},"geometry":{"type":"Polygon","coordinates":[[[118.843279,32.063857],[118.848574,32.06378],[118.848664,32.068289],[118.84337,32.068366],[118.843279,32.063857]]]}},{"type":"Feature","id":"g33-17","properties":{"lst_mean_c":38.53,"ndvi_mean":0.828,"green_share_pct":100.0,"hot_share_pct":0.0,"coverage_pct":100.0,"valid_pixels":272},"geometry":{"type":"Polygon","coordinates":[[[118.848574,32.06378],[118.853868,32.063703],[118.853959,32.068211],[118.848664,32.068289],[118.848574,32.06378]]]}},{"type":"Feature","id":"g34-17","properties":{"lst_mean_c":38.9,"ndvi_mean":0.816,"green_share_pct":100.0,"hot_share_pct":0.0,"coverage_pct":100.0,"valid_pixels":289},"geometry":{"type":"Polygon","coordinates":[[[118.853868,32.063703],[118.859162,32.063625],[118.859254,32.068134],[118.853959,32.068211],[118.853868,32.063703]]]}},{"type":"Feature","id":"g35-17","properties":{"lst_mean_c":38.98,"ndvi_mean":0.811,"green_share_pct":100.0,"hot_share_pct":0.0,"coverage_pct":100.0,"valid_pixels":289},"geometry":{"type":"Polygon","coordinates":[[[118.859162,32.063625],[118.864457,32.063548],[118.864548,32.068056],[118.859254,32.068134],[118.859162,32.063625]]]}},{"type":"Feature","id":"g36-17","properties":{"lst_mean_c":38.19,"ndvi_mean":0.826,"green_share_pct":100.0,"hot_share_pct":0.0,"coverage_pct":100.0,"valid_pixels":272},"geometry":{"type":"Polygon","coordinates":[[[118.864457,32.063548],[118.869751,32.06347],[118.869843,32.067978],[118.864548,32.068056],[118.864457,32.063548]]]}},{"type":"Feature","id":"g38-17","properties":{"lst_mean_c":39.12,"ndvi_mean":0.822,"green_share_pct":100.0,"hot_share_pct":0.0,"coverage_pct":100.0,"valid_pixels":289},"geometry":{"type":"Polygon","coordinates":[[[118.875045,32.063391],[118.88034,32.063313],[118.880432,32.067821],[118.875138,32.0679],[118.875045,32.063391]]]}},{"type":"Feature","id":"g39-17","properties":{"lst_mean_c":43.95,"ndvi_mean":0.603,"green_share_pct":90.4,"hot_share_pct":5.9,"coverage_pct":100.0,"valid_pixels":272},"geometry":{"type":"Polygon","coordinates":[[[118.88034,32.063313],[118.885634,32.063234],[118.885727,32.067743],[118.880432,32.067821],[118.88034,32.063313]]]}},{"type":"Feature","id":"g40-17","properties":{"lst_mean_c":47.7,"ndvi_mean":0.557,"green_share_pct":95.2,"hot_share_pct":30.4,"coverage_pct":100.0,"valid_pixels":289},"geometry":{"type":"Polygon","coordinates":[[[118.885634,32.063234],[118.890928,32.063155],[118.891021,32.067664],[118.885727,32.067743],[118.885634,32.063234]]]}},{"type":"Feature","id":"g41-17","properties":{"lst_mean_c":46.73,"ndvi_mean":0.606,"green_share_pct":97.8,"hot_share_pct":21.9,"coverage_pct":61.6,"valid_pixels":178},"geometry":{"type":"Polygon","coordinates":[[[118.890928,32.063155],[118.896223,32.063076],[118.896316,32.067585],[118.891021,32.067664],[118.890928,32.063155]]]}},{"type":"Feature","id":"g42-17","properties":{"lst_mean_c":46.7,"ndvi_mean":0.531,"green_share_pct":89.3,"hot_share_pct":15.6,"coverage_pct":82.4,"valid_pixels":224},"geometry":{"type":"Polygon","coordinates":[[[118.896223,32.063076],[118.901517,32.062997],[118.90161,32.067505],[118.896316,32.067585],[118.896223,32.063076]]]}},{"type":"Feature","id":"g43-17","properties":{"lst_mean_c":47.85,"ndvi_mean":0.475,"green_share_pct":82.4,"hot_share_pct":36.4,"coverage_pct":94.1,"valid_pixels":272},"geometry":{"type":"Polygon","coordinates":[[[118.901517,32.062997],[118.906811,32.062917],[118.906905,32.067426],[118.90161,32.067505],[118.901517,32.062997]]]}},{"type":"Feature","id":"g46-17","properties":{"lst_mean_c":46.43,"ndvi_mean":0.55,"green_share_pct":92.4,"hot_share_pct":29.4,"coverage_pct":100.0,"valid_pixels":289},"geometry":{"type":"Polygon","coordinates":[[[118.917399,32.062757],[118.922693,32.062677],[118.922788,32.067186],[118.917493,32.067266],[118.917399,32.062757]]]}},{"type":"Feature","id":"g47-17","properties":{"lst_mean_c":47.69,"ndvi_mean":0.48,"green_share_pct":85.8,"hot_share_pct":43.3,"coverage_pct":100.0,"valid_pixels":289},"geometry":{"type":"Polygon","coordinates":[[[118.922693,32.062677],[118.927988,32.062597],[118.928082,32.067105],[118.922788,32.067186],[118.922693,32.062677]]]}},{"type":"Feature","id":"g48-17","properties":{"lst_mean_c":43.05,"ndvi_mean":0.651,"green_share_pct":99.3,"hot_share_pct":0.0,"coverage_pct":99.6,"valid_pixels":271},"geometry":{"type":"Polygon","coordinates":[[[118.927988,32.062597],[118.933282,32.062516],[118.933376,32.067024],[118.928082,32.067105],[118.927988,32.062597]]]}},{"type":"Feature","id":"g49-17","properties":{"lst_mean_c":44.04,"ndvi_mean":0.615,"green_share_pct":99.7,"hot_share_pct":0.0,"coverage_pct":100.0,"valid_pixels":289},"geometry":{"type":"Polygon","coordinates":[[[118.933282,32.062516],[118.938576,32.062435],[118.938671,32.066943],[118.933376,32.067024],[118.933282,32.062516]]]}},{"type":"Feature","id":"g50-17","properties":{"lst_mean_c":47.0,"ndvi_mean":0.474,"green_share_pct":89.3,"hot_share_pct":22.8,"coverage_pct":100.0,"valid_pixels":289},"geometry":{"type":"Polygon","coordinates":[[[118.938576,32.062435],[118.94387,32.062354],[118.943965,32.066862],[118.938671,32.066943],[118.938576,32.062435]]]}},{"type":"Feature","id":"g51-17","properties":{"lst_mean_c":44.75,"ndvi_mean":0.505,"green_share_pct":87.8,"hot_share_pct":3.0,"coverage_pct":99.6,"valid_pixels":271},"geometry":{"type":"Polygon","coordinates":[[[118.94387,32.062354],[118.949164,32.062273],[118.949259,32.066781],[118.943965,32.066862],[118.94387,32.062354]]]}},{"type":"Feature","id":"g52-17","properties":{"lst_mean_c":42.21,"ndvi_mean":0.722,"green_share_pct":98.5,"hot_share_pct":0.0,"coverage_pct":100.0,"valid_pixels":136},"geometry":{"type":"Polygon","coordinates":[[[118.949164,32.062273],[118.954458,32.062191],[118.954554,32.066699],[118.949259,32.066781],[118.949164,32.062273]]]}},{"type":"Feature","id":"g0-18","properties":{"lst_mean_c":43.58,"ndvi_mean":0.46,"green_share_pct":75.5,"hot_share_pct":0.0,"coverage_pct":100.0,"valid_pixels":102},"geometry":{"type":"Polygon","coordinates":[[[118.67393,32.070718],[118.679225,32.070648],[118.679307,32.075157],[118.674012,32.075227],[118.67393,32.070718]]]}},{"type":"Feature","id":"g1-18","properties":{"lst_mean_c":44.39,"ndvi_mean":0.538,"green_share_pct":90.3,"hot_share_pct":4.2,"coverage_pct":100.0,"valid_pixels":289},"geometry":{"type":"Polygon","coordinates":[[[118.679225,32.070648],[118.68452,32.070578],[118.684603,32.075087],[118.679307,32.075157],[118.679225,32.070648]]]}},{"type":"Feature","id":"g2-18","properties":{"lst_mean_c":42.01,"ndvi_mean":0.411,"green_share_pct":68.5,"hot_share_pct":0.4,"coverage_pct":80.3,"valid_pixels":232},"geometry":{"type":"Polygon","coordinates":[[[118.68452,32.070578],[118.689815,32.070507],[118.689898,32.075016],[118.684603,32.075087],[118.68452,32.070578]]]}},{"type":"Feature","id":"g10-18","properties":{"lst_mean_c":45.65,"ndvi_mean":0.408,"green_share_pct":76.5,"hot_share_pct":11.4,"coverage_pct":100.0,"valid_pixels":289},"geometry":{"type":"Polygon","coordinates":[[[118.726882,32.070007],[118.732177,32.069935],[118.732262,32.074444],[118.726967,32.074516],[118.726882,32.070007]]]}},{"type":"Feature","id":"g11-18","properties":{"lst_mean_c":43.82,"ndvi_mean":0.443,"green_share_pct":81.9,"hot_share_pct":1.2,"coverage_pct":84.1,"valid_pixels":243},"geometry":{"type":"Polygon","coordinates":[[[118.732177,32.069935],[118.737472,32.069863],[118.737557,32.074371],[118.732262,32.074444],[118.732177,32.069935]]]}},{"type":"Feature","id":"g12-18","properties":{"lst_mean_c":43.87,"ndvi_mean":0.542,"green_share_pct":90.2,"hot_share_pct":13.1,"coverage_pct":89.7,"valid_pixels":244},"geometry":{"type":"Polygon","coordinates":[[[118.737472,32.069863],[118.742767,32.06979],[118.742853,32.074299],[118.737557,32.074371],[118.737472,32.069863]]]}},{"type":"Feature","id":"g13-18","properties":{"lst_mean_c":47.88,"ndvi_mean":0.427,"green_share_pct":77.5,"hot_share_pct":47.8,"coverage_pct":100.0,"valid_pixels":289},"geometry":{"type":"Polygon","coordinates":[[[118.742767,32.06979],[118.748062,32.069717],[118.748148,32.074226],[118.742853,32.074299],[118.742767,32.06979]]]}},{"type":"Feature","id":"g14-18","properties":{"lst_mean_c":48.73,"ndvi_mean":0.377,"green_share_pct":65.1,"hot_share_pct":72.7,"coverage_pct":100.0,"valid_pixels":289},"geometry":{"type":"Polygon","coordinates":[[[118.748062,32.069717],[118.753357,32.069644],[118.753443,32.074152],[118.748148,32.074226],[118.748062,32.069717]]]}},{"type":"Feature","id":"g15-18","properties":{"lst_mean_c":47.54,"ndvi_mean":0.387,"green_share_pct":68.4,"hot_share_pct":28.7,"coverage_pct":100.0,"valid_pixels":272},"geometry":{"type":"Polygon","coordinates":[[[118.753357,32.069644],[118.758652,32.06957],[118.758738,32.074079],[118.753443,32.074152],[118.753357,32.069644]]]}},{"type":"Feature","id":"g16-18","properties":{"lst_mean_c":48.84,"ndvi_mean":0.333,"green_share_pct":46.4,"hot_share_pct":65.4,"coverage_pct":100.0,"valid_pixels":289},"geometry":{"type":"Polygon","coordinates":[[[118.758652,32.06957],[118.763947,32.069497],[118.764034,32.074005],[118.758738,32.074079],[118.758652,32.06957]]]}},{"type":"Feature","id":"g17-18","properties":{"lst_mean_c":48.67,"ndvi_mean":0.269,"green_share_pct":34.8,"hot_share_pct":63.1,"coverage_pct":99.3,"valid_pixels":287},"geometry":{"type":"Polygon","coordinates":[[[118.763947,32.069497],[118.769242,32.069423],[118.769329,32.073932],[118.764034,32.074005],[118.763947,32.069497]]]}},{"type":"Feature","id":"g18-18","properties":{"lst_mean_c":50.03,"ndvi_mean":0.229,"green_share_pct":18.8,"hot_share_pct":93.4,"coverage_pct":100.0,"valid_pixels":272},"geometry":{"type":"Polygon","coordinates":[[[118.769242,32.069423],[118.774537,32.069349],[118.774624,32.073858],[118.769329,32.073932],[118.769242,32.069423]]]}},{"type":"Feature","id":"g19-18","properties":{"lst_mean_c":49.46,"ndvi_mean":0.316,"green_share_pct":44.8,"hot_share_pct":80.2,"coverage_pct":99.7,"valid_pixels":288},"geometry":{"type":"Polygon","coordinates":[[[118.774537,32.069349],[118.779832,32.069275],[118.779919,32.073783],[118.774624,32.073858],[118.774537,32.069349]]]}},{"type":"Feature","id":"g20-18","properties":{"lst_mean_c":45.27,"ndvi_mean":0.407,"green_share_pct":65.8,"hot_share_pct":19.4,"coverage_pct":76.8,"valid_pixels":222},"geometry":{"type":"Polygon","coordinates":[[[118.779832,32.069275],[118.785127,32.0692],[118.785215,32.073709],[118.779919,32.073783],[118.779832,32.069275]]]}},{"type":"Feature","id":"g22-18","properties":{"lst_mean_c":40.34,"ndvi_mean":0.577,"green_share_pct":93.4,"hot_share_pct":0.0,"coverage_pct":68.5,"valid_pixels":198},"geometry":{"type":"Polygon","coordinates":[[[118.790422,32.069125],[118.795717,32.06905],[118.795805,32.073559],[118.79051,32.073634],[118.790422,32.069125]]]}},{"type":"Feature","id":"g24-18","properties":{"lst_mean_c":43.87,"ndvi_mean":0.584,"green_share_pct":94.9,"hot_share_pct":12.6,"coverage_pct":64.3,"valid_pixels":175},"geometry":{"type":"Polygon","coordinates":[[[118.801012,32.068975],[118.806306,32.0689],[118.806395,32.073408],[118.8011,32.073484],[118.801012,32.068975]]]}},{"type":"Feature","id":"g25-18","properties":{"lst_mean_c":48.0,"ndvi_mean":0.463,"green_share_pct":90.3,"hot_share_pct":42.3,"coverage_pct":67.8,"valid_pixels":196},"geometry":{"type":"Polygon","coordinates":[[[118.806306,32.0689],[118.811601,32.068824],[118.81169,32.073333],[118.806395,32.073408],[118.806306,32.0689]]]}},{"type":"Feature","id":"g26-18","properties":{"lst_mean_c":48.72,"ndvi_mean":0.435,"green_share_pct":75.2,"hot_share_pct":64.1,"coverage_pct":81.0,"valid_pixels":234},"geometry":{"type":"Polygon","coordinates":[[[118.811601,32.068824],[118.816896,32.068748],[118.816985,32.073257],[118.81169,32.073333],[118.811601,32.068824]]]}},{"type":"Feature","id":"g27-18","properties":{"lst_mean_c":40.23,"ndvi_mean":0.728,"green_share_pct":96.7,"hot_share_pct":5.9,"coverage_pct":100.0,"valid_pixels":272},"geometry":{"type":"Polygon","coordinates":[[[118.816896,32.068748],[118.822191,32.068672],[118.82228,32.073181],[118.816985,32.073257],[118.816896,32.068748]]]}},{"type":"Feature","id":"g28-18","properties":{"lst_mean_c":36.92,"ndvi_mean":0.822,"green_share_pct":100.0,"hot_share_pct":0.0,"coverage_pct":100.0,"valid_pixels":289},"geometry":{"type":"Polygon","coordinates":[[[118.822191,32.068672],[118.827486,32.068596],[118.827575,32.073105],[118.82228,32.073181],[118.822191,32.068672]]]}},{"type":"Feature","id":"g29-18","properties":{"lst_mean_c":35.53,"ndvi_mean":0.829,"green_share_pct":100.0,"hot_share_pct":0.0,"coverage_pct":100.0,"valid_pixels":289},"geometry":{"type":"Polygon","coordinates":[[[118.827486,32.068596],[118.83278,32.06852],[118.83287,32.073028],[118.827575,32.073105],[118.827486,32.068596]]]}},{"type":"Feature","id":"g30-18","properties":{"lst_mean_c":37.01,"ndvi_mean":0.821,"green_share_pct":100.0,"hot_share_pct":0.0,"coverage_pct":100.0,"valid_pixels":272},"geometry":{"type":"Polygon","coordinates":[[[118.83278,32.06852],[118.838075,32.068443],[118.838165,32.072951],[118.83287,32.073028],[118.83278,32.06852]]]}},{"type":"Feature","id":"g31-18","properties":{"lst_mean_c":38.34,"ndvi_mean":0.815,"green_share_pct":100.0,"hot_share_pct":0.0,"coverage_pct":100.0,"valid_pixels":289},"geometry":{"type":"Polygon","coordinates":[[[118.838075,32.068443],[118.84337,32.068366],[118.84346,32.072875],[118.838165,32.072951],[118.838075,32.068443]]]}},{"type":"Feature","id":"g32-18","properties":{"lst_mean_c":37.11,"ndvi_mean":0.824,"green_share_pct":100.0,"hot_share_pct":0.0,"coverage_pct":100.0,"valid_pixels":289},"geometry":{"type":"Polygon","coordinates":[[[118.84337,32.068366],[118.848664,32.068289],[118.848755,32.072797],[118.84346,32.072875],[118.84337,32.068366]]]}},{"type":"Feature","id":"g33-18","properties":{"lst_mean_c":36.36,"ndvi_mean":0.819,"green_share_pct":100.0,"hot_share_pct":0.0,"coverage_pct":100.0,"valid_pixels":272},"geometry":{"type":"Polygon","coordinates":[[[118.848664,32.068289],[118.853959,32.068211],[118.85405,32.07272],[118.848755,32.072797],[118.848664,32.068289]]]}},{"type":"Feature","id":"g34-18","properties":{"lst_mean_c":36.88,"ndvi_mean":0.82,"green_share_pct":100.0,"hot_share_pct":0.0,"coverage_pct":100.0,"valid_pixels":289},"geometry":{"type":"Polygon","coordinates":[[[118.853959,32.068211],[118.859254,32.068134],[118.859345,32.072642],[118.85405,32.07272],[118.853959,32.068211]]]}},{"type":"Feature","id":"g35-18","properties":{"lst_mean_c":37.51,"ndvi_mean":0.827,"green_share_pct":100.0,"hot_share_pct":0.0,"coverage_pct":100.0,"valid_pixels":289},"geometry":{"type":"Polygon","coordinates":[[[118.859254,32.068134],[118.864548,32.068056],[118.86464,32.072565],[118.859345,32.072642],[118.859254,32.068134]]]}},{"type":"Feature","id":"g36-18","properties":{"lst_mean_c":37.22,"ndvi_mean":0.836,"green_share_pct":100.0,"hot_share_pct":0.0,"coverage_pct":100.0,"valid_pixels":272},"geometry":{"type":"Polygon","coordinates":[[[118.864548,32.068056],[118.869843,32.067978],[118.869935,32.072486],[118.86464,32.072565],[118.864548,32.068056]]]}},{"type":"Feature","id":"g38-18","properties":{"lst_mean_c":40.81,"ndvi_mean":0.769,"green_share_pct":98.8,"hot_share_pct":1.2,"coverage_pct":83.4,"valid_pixels":241},"geometry":{"type":"Polygon","coordinates":[[[118.875138,32.0679],[118.880432,32.067821],[118.880524,32.07233],[118.87523,32.072408],[118.875138,32.0679]]]}},{"type":"Feature","id":"g39-18","properties":{"lst_mean_c":43.79,"ndvi_mean":0.633,"green_share_pct":96.3,"hot_share_pct":0.0,"coverage_pct":100.0,"valid_pixels":272},"geometry":{"type":"Polygon","coordinates":[[[118.880432,32.067821],[118.885727,32.067743],[118.885819,32.072251],[118.880524,32.07233],[118.880432,32.067821]]]}},{"type":"Feature","id":"g40-18","properties":{"lst_mean_c":47.38,"ndvi_mean":0.51,"green_share_pct":91.3,"hot_share_pct":37.5,"coverage_pct":91.3,"valid_pixels":264},"geometry":{"type":"Polygon","coordinates":[[[118.885727,32.067743],[118.891021,32.067664],[118.891114,32.072172],[118.885819,32.072251],[118.885727,32.067743]]]}},{"type":"Feature","id":"g42-18","properties":{"lst_mean_c":47.94,"ndvi_mean":0.412,"green_share_pct":69.6,"hot_share_pct":47.6,"coverage_pct":61.8,"valid_pixels":168},"geometry":{"type":"Polygon","coordinates":[[[118.896316,32.067585],[118.90161,32.067505],[118.901703,32.072014],[118.896409,32.072093],[118.896316,32.067585]]]}},{"type":"Feature","id":"g43-18","properties":{"lst_mean_c":47.11,"ndvi_mean":0.488,"green_share_pct":90.0,"hot_share_pct":28.0,"coverage_pct":100.0,"valid_pixels":289},"geometry":{"type":"Polygon","coordinates":[[[118.90161,32.067505],[118.906905,32.067426],[118.906998,32.071934],[118.901703,32.072014],[118.90161,32.067505]]]}},{"type":"Feature","id":"g44-18","properties":{"lst_mean_c":45.24,"ndvi_mean":0.582,"green_share_pct":92.7,"hot_share_pct":11.5,"coverage_pct":99.0,"valid_pixels":286},"geometry":{"type":"Polygon","coordinates":[[[118.906905,32.067426],[118.912199,32.067346],[118.912293,32.071854],[118.906998,32.071934],[118.906905,32.067426]]]}},{"type":"Feature","id":"g45-18","properties":{"lst_mean_c":42.65,"ndvi_mean":0.662,"green_share_pct":96.7,"hot_share_pct":0.0,"coverage_pct":89.7,"valid_pixels":244},"geometry":{"type":"Polygon","coordinates":[[[118.912199,32.067346],[118.917493,32.067266],[118.917587,32.071774],[118.912293,32.071854],[118.912199,32.067346]]]}},{"type":"Feature","id":"g46-18","properties":{"lst_mean_c":43.39,"ndvi_mean":0.616,"green_share_pct":96.9,"hot_share_pct":0.0,"coverage_pct":99.0,"valid_pixels":286},"geometry":{"type":"Polygon","coordinates":[[[118.917493,32.067266],[118.922788,32.067186],[118.922882,32.071694],[118.917587,32.071774],[118.917493,32.067266]]]}},{"type":"Feature","id":"g47-18","properties":{"lst_mean_c":45.65,"ndvi_mean":0.552,"green_share_pct":86.5,"hot_share_pct":8.3,"coverage_pct":100.0,"valid_pixels":289},"geometry":{"type":"Polygon","coordinates":[[[118.922788,32.067186],[118.928082,32.067105],[118.928177,32.071613],[118.922882,32.071694],[118.922788,32.067186]]]}},{"type":"Feature","id":"g48-18","properties":{"lst_mean_c":45.21,"ndvi_mean":0.582,"green_share_pct":91.5,"hot_share_pct":3.7,"coverage_pct":100.0,"valid_pixels":272},"geometry":{"type":"Polygon","coordinates":[[[118.928082,32.067105],[118.933376,32.067024],[118.933471,32.071533],[118.928177,32.071613],[118.928082,32.067105]]]}},{"type":"Feature","id":"g49-18","properties":{"lst_mean_c":44.64,"ndvi_mean":0.6,"green_share_pct":98.6,"hot_share_pct":0.0,"coverage_pct":100.0,"valid_pixels":289},"geometry":{"type":"Polygon","coordinates":[[[118.933376,32.067024],[118.938671,32.066943],[118.938766,32.071452],[118.933471,32.071533],[118.933376,32.067024]]]}},{"type":"Feature","id":"g50-18","properties":{"lst_mean_c":44.22,"ndvi_mean":0.605,"green_share_pct":99.0,"hot_share_pct":0.0,"coverage_pct":100.0,"valid_pixels":289},"geometry":{"type":"Polygon","coordinates":[[[118.938671,32.066943],[118.943965,32.066862],[118.944061,32.071371],[118.938766,32.071452],[118.938671,32.066943]]]}},{"type":"Feature","id":"g51-18","properties":{"lst_mean_c":43.26,"ndvi_mean":0.663,"green_share_pct":99.6,"hot_share_pct":0.0,"coverage_pct":100.0,"valid_pixels":272},"geometry":{"type":"Polygon","coordinates":[[[118.943965,32.066862],[118.949259,32.066781],[118.949355,32.071289],[118.944061,32.071371],[118.943965,32.066862]]]}},{"type":"Feature","id":"g52-18","properties":{"lst_mean_c":41.5,"ndvi_mean":0.733,"green_share_pct":100.0,"hot_share_pct":0.0,"coverage_pct":100.0,"valid_pixels":136},"geometry":{"type":"Polygon","coordinates":[[[118.949259,32.066781],[118.954554,32.066699],[118.95465,32.071208],[118.949355,32.071289],[118.949259,32.066781]]]}},{"type":"Feature","id":"g0-19","properties":{"lst_mean_c":43.58,"ndvi_mean":0.55,"green_share_pct":89.6,"hot_share_pct":0.0,"coverage_pct":100.0,"valid_pixels":96},"geometry":{"type":"Polygon","coordinates":[[[118.674012,32.075227],[118.679307,32.075157],[118.67939,32.079666],[118.674094,32.079736],[118.674012,32.075227]]]}},{"type":"Feature","id":"g1-19","properties":{"lst_mean_c":44.93,"ndvi_mean":0.38,"green_share_pct":75.4,"hot_share_pct":0.0,"coverage_pct":100.0,"valid_pixels":272},"geometry":{"type":"Polygon","coordinates":[[[118.679307,32.075157],[118.684603,32.075087],[118.684686,32.079595],[118.67939,32.079666],[118.679307,32.075157]]]}},{"type":"Feature","id":"g2-19","properties":{"lst_mean_c":44.25,"ndvi_mean":0.347,"green_share_pct":45.2,"hot_share_pct":0.7,"coverage_pct":100.0,"valid_pixels":272},"geometry":{"type":"Polygon","coordinates":[[[118.684603,32.075087],[118.689898,32.075016],[118.689981,32.079525],[118.684686,32.079595],[118.684603,32.075087]]]}},{"type":"Feature","id":"g3-19","properties":{"lst_mean_c":41.23,"ndvi_mean":0.565,"green_share_pct":91.6,"hot_share_pct":0.0,"coverage_pct":92.6,"valid_pixels":237},"geometry":{"type":"Polygon","coordinates":[[[118.689898,32.075016],[118.695194,32.074945],[118.695277,32.079454],[118.689981,32.079525],[118.689898,32.075016]]]}},{"type":"Feature","id":"g10-19","properties":{"lst_mean_c":44.1,"ndvi_mean":0.44,"green_share_pct":79.6,"hot_share_pct":2.2,"coverage_pct":84.6,"valid_pixels":230},"geometry":{"type":"Polygon","coordinates":[[[118.726967,32.074516],[118.732262,32.074444],[118.732347,32.078953],[118.727051,32.079025],[118.726967,32.074516]]]}},{"type":"Feature","id":"g11-19","properties":{"lst_mean_c":48.19,"ndvi_mean":0.3,"green_share_pct":41.3,"hot_share_pct":55.0,"coverage_pct":98.9,"valid_pixels":269},"geometry":{"type":"Polygon","coordinates":[[[118.732262,32.074444],[118.737557,32.074371],[118.737643,32.07888],[118.732347,32.078953],[118.732262,32.074444]]]}},{"type":"Feature","id":"g12-19","properties":{"lst_mean_c":44.16,"ndvi_mean":0.565,"green_share_pct":94.9,"hot_share_pct":4.0,"coverage_pct":98.8,"valid_pixels":253},"geometry":{"type":"Polygon","coordinates":[[[118.737557,32.074371],[118.742853,32.074299],[118.742938,32.078807],[118.737643,32.07888],[118.737557,32.074371]]]}},{"type":"Feature","id":"g13-19","properties":{"lst_mean_c":46.64,"ndvi_mean":0.492,"green_share_pct":83.5,"hot_share_pct":22.4,"coverage_pct":100.0,"valid_pixels":272},"geometry":{"type":"Polygon","coordinates":[[[118.742853,32.074299],[118.748148,32.074226],[118.748234,32.078734],[118.742938,32.078807],[118.742853,32.074299]]]}},{"type":"Feature","id":"g14-19","properties":{"lst_mean_c":49.74,"ndvi_mean":0.267,"green_share_pct":30.9,"hot_share_pct":83.8,"coverage_pct":100.0,"valid_pixels":272},"geometry":{"type":"Polygon","coordinates":[[[118.748148,32.074226],[118.753443,32.074152],[118.753529,32.078661],[118.748234,32.078734],[118.748148,32.074226]]]}},{"type":"Feature","id":"g15-19","properties":{"lst_mean_c":47.91,"ndvi_mean":0.366,"green_share_pct":59.4,"hot_share_pct":37.5,"coverage_pct":100.0,"valid_pixels":256},"geometry":{"type":"Polygon","coordinates":[[[118.753443,32.074152],[118.758738,32.074079],[118.758825,32.078588],[118.753529,32.078661],[118.753443,32.074152]]]}},{"type":"Feature","id":"g16-19","properties":{"lst_mean_c":49.41,"ndvi_mean":0.38,"green_share_pct":68.0,"hot_share_pct":72.1,"coverage_pct":100.0,"valid_pixels":272},"geometry":{"type":"Polygon","coordinates":[[[118.758738,32.074079],[118.764034,32.074005],[118.76412,32.078514],[118.758825,32.078588],[118.758738,32.074079]]]}},{"type":"Feature","id":"g17-19","properties":{"lst_mean_c":49.76,"ndvi_mean":0.308,"green_share_pct":47.4,"hot_share_pct":83.5,"coverage_pct":100.0,"valid_pixels":272},"geometry":{"type":"Polygon","coordinates":[[[118.764034,32.074005],[118.769329,32.073932],[118.769416,32.07844],[118.76412,32.078514],[118.764034,32.074005]]]}},{"type":"Feature","id":"g18-19","properties":{"lst_mean_c":48.89,"ndvi_mean":0.395,"green_share_pct":73.8,"hot_share_pct":68.4,"coverage_pct":100.0,"valid_pixels":256},"geometry":{"type":"Polygon","coordinates":[[[118.769329,32.073932],[118.774624,32.073858],[118.774711,32.078366],[118.769416,32.07844],[118.769329,32.073932]]]}},{"type":"Feature","id":"g19-19","properties":{"lst_mean_c":48.51,"ndvi_mean":0.305,"green_share_pct":45.6,"hot_share_pct":58.1,"coverage_pct":100.0,"valid_pixels":272},"geometry":{"type":"Polygon","coordinates":[[[118.774624,32.073858],[118.779919,32.073783],[118.780007,32.078292],[118.774711,32.078366],[118.774624,32.073858]]]}},{"type":"Feature","id":"g21-19","properties":{"lst_mean_c":40.55,"ndvi_mean":0.588,"green_share_pct":92.2,"hot_share_pct":0.0,"coverage_pct":69.9,"valid_pixels":179},"geometry":{"type":"Polygon","coordinates":[[[118.785215,32.073709],[118.79051,32.073634],[118.790598,32.078143],[118.785302,32.078217],[118.785215,32.073709]]]}},{"type":"Feature","id":"g24-19","properties":{"lst_mean_c":48.33,"ndvi_mean":0.416,"green_share_pct":58.4,"hot_share_pct":53.1,"coverage_pct":81.6,"valid_pixels":209},"geometry":{"type":"Polygon","coordinates":[[[118.8011,32.073484],[118.806395,32.073408],[118.806484,32.077917],[118.801188,32.077992],[118.8011,32.073484]]]}},{"type":"Feature","id":"g25-19","properties":{"lst_mean_c":49.27,"ndvi_mean":0.38,"green_share_pct":66.0,"hot_share_pct":59.4,"coverage_pct":89.7,"valid_pixels":244},"geometry":{"type":"Polygon","coordinates":[[[118.806395,32.073408],[118.81169,32.073333],[118.811779,32.077841],[118.806484,32.077917],[118.806395,32.073408]]]}},{"type":"Feature","id":"g26-19","properties":{"lst_mean_c":49.39,"ndvi_mean":0.447,"green_share_pct":82.0,"hot_share_pct":65.8,"coverage_pct":100.0,"valid_pixels":272},"geometry":{"type":"Polygon","coordinates":[[[118.81169,32.073333],[118.816985,32.073257],[118.817074,32.077766],[118.811779,32.077841],[118.81169,32.073333]]]}},{"type":"Feature","id":"g27-19","properties":{"lst_mean_c":48.23,"ndvi_mean":0.474,"green_share_pct":92.9,"hot_share_pct":55.5,"coverage_pct":82.4,"valid_pixels":211},"geometry":{"type":"Polygon","coordinates":[[[118.816985,32.073257],[118.82228,32.073181],[118.82237,32.07769],[118.817074,32.077766],[118.816985,32.073257]]]}},{"type":"Feature","id":"g28-19","properties":{"lst_mean_c":40.95,"ndvi_mean":0.748,"green_share_pct":99.5,"hot_share_pct":0.0,"coverage_pct":73.5,"valid_pixels":200},"geometry":{"type":"Polygon","coordinates":[[[118.82228,32.073181],[118.827575,32.073105],[118.827665,32.077613],[118.82237,32.07769],[118.82228,32.073181]]]}},{"type":"Feature","id":"g29-19","properties":{"lst_mean_c":36.73,"ndvi_mean":0.834,"green_share_pct":100.0,"hot_share_pct":0.0,"coverage_pct":100.0,"valid_pixels":272},"geometry":{"type":"Polygon","coordinates":[[[118.827575,32.073105],[118.83287,32.073028],[118.83296,32.077537],[118.827665,32.077613],[118.827575,32.073105]]]}},{"type":"Feature","id":"g30-19","properties":{"lst_mean_c":34.81,"ndvi_mean":0.828,"green_share_pct":100.0,"hot_share_pct":0.0,"coverage_pct":100.0,"valid_pixels":256},"geometry":{"type":"Polygon","coordinates":[[[118.83287,32.073028],[118.838165,32.072951],[118.838255,32.07746],[118.83296,32.077537],[118.83287,32.073028]]]}},{"type":"Feature","id":"g31-19","properties":{"lst_mean_c":35.14,"ndvi_mean":0.831,"green_share_pct":100.0,"hot_share_pct":0.0,"coverage_pct":100.0,"valid_pixels":272},"geometry":{"type":"Polygon","coordinates":[[[118.838165,32.072951],[118.84346,32.072875],[118.843551,32.077383],[118.838255,32.07746],[118.838165,32.072951]]]}},{"type":"Feature","id":"g32-19","properties":{"lst_mean_c":35.57,"ndvi_mean":0.825,"green_share_pct":100.0,"hot_share_pct":0.0,"coverage_pct":100.0,"valid_pixels":272},"geometry":{"type":"Polygon","coordinates":[[[118.84346,32.072875],[118.848755,32.072797],[118.848846,32.077306],[118.843551,32.077383],[118.84346,32.072875]]]}},{"type":"Feature","id":"g33-19","properties":{"lst_mean_c":36.19,"ndvi_mean":0.831,"green_share_pct":100.0,"hot_share_pct":0.0,"coverage_pct":100.0,"valid_pixels":256},"geometry":{"type":"Polygon","coordinates":[[[118.848755,32.072797],[118.85405,32.07272],[118.854141,32.077228],[118.848846,32.077306],[118.848755,32.072797]]]}},{"type":"Feature","id":"g34-19","properties":{"lst_mean_c":37.75,"ndvi_mean":0.833,"green_share_pct":100.0,"hot_share_pct":0.0,"coverage_pct":100.0,"valid_pixels":272},"geometry":{"type":"Polygon","coordinates":[[[118.85405,32.07272],[118.859345,32.072642],[118.859436,32.077151],[118.854141,32.077228],[118.85405,32.07272]]]}},{"type":"Feature","id":"g35-19","properties":{"lst_mean_c":37.32,"ndvi_mean":0.837,"green_share_pct":100.0,"hot_share_pct":0.0,"coverage_pct":100.0,"valid_pixels":272},"geometry":{"type":"Polygon","coordinates":[[[118.859345,32.072642],[118.86464,32.072565],[118.864731,32.077073],[118.859436,32.077151],[118.859345,32.072642]]]}},{"type":"Feature","id":"g36-19","properties":{"lst_mean_c":37.48,"ndvi_mean":0.833,"green_share_pct":100.0,"hot_share_pct":0.0,"coverage_pct":100.0,"valid_pixels":256},"geometry":{"type":"Polygon","coordinates":[[[118.86464,32.072565],[118.869935,32.072486],[118.870027,32.076995],[118.864731,32.077073],[118.86464,32.072565]]]}},{"type":"Feature","id":"g38-19","properties":{"lst_mean_c":43.44,"ndvi_mean":0.626,"green_share_pct":96.8,"hot_share_pct":0.0,"coverage_pct":69.9,"valid_pixels":190},"geometry":{"type":"Polygon","coordinates":[[[118.87523,32.072408],[118.880524,32.07233],[118.880617,32.076838],[118.875322,32.076917],[118.87523,32.072408]]]}},{"type":"Feature","id":"g39-19","properties":{"lst_mean_c":45.66,"ndvi_mean":0.579,"green_share_pct":92.9,"hot_share_pct":16.5,"coverage_pct":99.6,"valid_pixels":255},"geometry":{"type":"Polygon","coordinates":[[[118.880524,32.07233],[118.885819,32.072251],[118.885912,32.076759],[118.880617,32.076838],[118.880524,32.07233]]]}},{"type":"Feature","id":"g40-19","properties":{"lst_mean_c":48.18,"ndvi_mean":0.516,"green_share_pct":89.3,"hot_share_pct":47.6,"coverage_pct":99.6,"valid_pixels":271},"geometry":{"type":"Polygon","coordinates":[[[118.885819,32.072251],[118.891114,32.072172],[118.891207,32.07668],[118.885912,32.076759],[118.885819,32.072251]]]}},{"type":"Feature","id":"g41-19","properties":{"lst_mean_c":50.41,"ndvi_mean":0.439,"green_share_pct":71.4,"hot_share_pct":70.5,"coverage_pct":82.4,"valid_pixels":224},"geometry":{"type":"Polygon","coordinates":[[[118.891114,32.072172],[118.896409,32.072093],[118.896502,32.076601],[118.891207,32.07668],[118.891114,32.072172]]]}},{"type":"Feature","id":"g42-19","properties":{"lst_mean_c":48.57,"ndvi_mean":0.398,"green_share_pct":69.1,"hot_share_pct":63.3,"coverage_pct":100.0,"valid_pixels":256},"geometry":{"type":"Polygon","coordinates":[[[118.896409,32.072093],[118.901703,32.072014],[118.901797,32.076522],[118.896502,32.076601],[118.896409,32.072093]]]}},{"type":"Feature","id":"g43-19","properties":{"lst_mean_c":49.29,"ndvi_mean":0.388,"green_share_pct":73.2,"hot_share_pct":80.5,"coverage_pct":100.0,"valid_pixels":272},"geometry":{"type":"Polygon","coordinates":[[[118.901703,32.072014],[118.906998,32.071934],[118.907092,32.076442],[118.901797,32.076522],[118.901703,32.072014]]]}},{"type":"Feature","id":"g44-19","properties":{"lst_mean_c":44.73,"ndvi_mean":0.546,"green_share_pct":92.3,"hot_share_pct":6.6,"coverage_pct":99.6,"valid_pixels":271},"geometry":{"type":"Polygon","coordinates":[[[118.906998,32.071934],[118.912293,32.071854],[118.912387,32.076362],[118.907092,32.076442],[118.906998,32.071934]]]}},{"type":"Feature","id":"g45-19","properties":{"lst_mean_c":42.23,"ndvi_mean":0.719,"green_share_pct":96.9,"hot_share_pct":1.6,"coverage_pct":100.0,"valid_pixels":256},"geometry":{"type":"Polygon","coordinates":[[[118.912293,32.071854],[118.917587,32.071774],[118.917682,32.076282],[118.912387,32.076362],[118.912293,32.071854]]]}},{"type":"Feature","id":"g46-19","properties":{"lst_mean_c":45.86,"ndvi_mean":0.442,"green_share_pct":90.4,"hot_share_pct":5.9,"coverage_pct":100.0,"valid_pixels":272},"geometry":{"type":"Polygon","coordinates":[[[118.917587,32.071774],[118.922882,32.071694],[118.922977,32.076202],[118.917682,32.076282],[118.917587,32.071774]]]}},{"type":"Feature","id":"g47-19","properties":{"lst_mean_c":46.12,"ndvi_mean":0.494,"green_share_pct":79.0,"hot_share_pct":24.6,"coverage_pct":100.0,"valid_pixels":272},"geometry":{"type":"Polygon","coordinates":[[[118.922882,32.071694],[118.928177,32.071613],[118.928271,32.076122],[118.922977,32.076202],[118.922882,32.071694]]]}},{"type":"Feature","id":"g48-19","properties":{"lst_mean_c":45.68,"ndvi_mean":0.558,"green_share_pct":96.5,"hot_share_pct":7.9,"coverage_pct":99.2,"valid_pixels":254},"geometry":{"type":"Polygon","coordinates":[[[118.928177,32.071613],[118.933471,32.071533],[118.933566,32.076041],[118.928271,32.076122],[118.928177,32.071613]]]}},{"type":"Feature","id":"g49-19","properties":{"lst_mean_c":44.21,"ndvi_mean":0.63,"green_share_pct":97.1,"hot_share_pct":0.0,"coverage_pct":100.0,"valid_pixels":272},"geometry":{"type":"Polygon","coordinates":[[[118.933471,32.071533],[118.938766,32.071452],[118.938861,32.07596],[118.933566,32.076041],[118.933471,32.071533]]]}},{"type":"Feature","id":"g50-19","properties":{"lst_mean_c":43.29,"ndvi_mean":0.627,"green_share_pct":98.9,"hot_share_pct":0.0,"coverage_pct":100.0,"valid_pixels":272},"geometry":{"type":"Polygon","coordinates":[[[118.938766,32.071452],[118.944061,32.071371],[118.944156,32.075879],[118.938861,32.07596],[118.938766,32.071452]]]}},{"type":"Feature","id":"g51-19","properties":{"lst_mean_c":43.2,"ndvi_mean":0.594,"green_share_pct":96.9,"hot_share_pct":0.0,"coverage_pct":100.0,"valid_pixels":256},"geometry":{"type":"Polygon","coordinates":[[[118.944061,32.071371],[118.949355,32.071289],[118.949451,32.075797],[118.944156,32.075879],[118.944061,32.071371]]]}},{"type":"Feature","id":"g52-19","properties":{"lst_mean_c":39.13,"ndvi_mean":0.74,"green_share_pct":100.0,"hot_share_pct":0.0,"coverage_pct":100.0,"valid_pixels":128},"geometry":{"type":"Polygon","coordinates":[[[118.949355,32.071289],[118.95465,32.071208],[118.954746,32.075716],[118.949451,32.075797],[118.949355,32.071289]]]}},{"type":"Feature","id":"g0-20","properties":{"lst_mean_c":45.98,"ndvi_mean":0.384,"green_share_pct":68.6,"hot_share_pct":5.9,"coverage_pct":100.0,"valid_pixels":102},"geometry":{"type":"Polygon","coordinates":[[[118.674094,32.079736],[118.67939,32.079666],[118.679472,32.084175],[118.674176,32.084245],[118.674094,32.079736]]]}},{"type":"Feature","id":"g1-20","properties":{"lst_mean_c":45.54,"ndvi_mean":0.372,"green_share_pct":60.6,"hot_share_pct":2.1,"coverage_pct":100.0,"valid_pixels":289},"geometry":{"type":"Polygon","coordinates":[[[118.67939,32.079666],[118.684686,32.079595],[118.684768,32.084104],[118.679472,32.084175],[118.67939,32.079666]]]}},{"type":"Feature","id":"g2-20","properties":{"lst_mean_c":44.79,"ndvi_mean":0.266,"green_share_pct":30.2,"hot_share_pct":0.0,"coverage_pct":99.7,"valid_pixels":288},"geometry":{"type":"Polygon","coordinates":[[[118.684686,32.079595],[118.689981,32.079525],[118.690064,32.084034],[118.684768,32.084104],[118.684686,32.079595]]]}},{"type":"Feature","id":"g3-20","properties":{"lst_mean_c":44.67,"ndvi_mean":0.35,"green_share_pct":48.9,"hot_share_pct":0.0,"coverage_pct":100.0,"valid_pixels":272},"geometry":{"type":"Polygon","coordinates":[[[118.689981,32.079525],[118.695277,32.079454],[118.69536,32.083963],[118.690064,32.084034],[118.689981,32.079525]]]}},{"type":"Feature","id":"g4-20","properties":{"lst_mean_c":45.28,"ndvi_mean":0.436,"green_share_pct":73.5,"hot_share_pct":1.1,"coverage_pct":64.0,"valid_pixels":185},"geometry":{"type":"Polygon","coordinates":[[[118.695277,32.079454],[118.700573,32.079383],[118.700656,32.083892],[118.69536,32.083963],[118.695277,32.079454]]]}},{"type":"Feature","id":"g10-20","properties":{"lst_mean_c":44.75,"ndvi_mean":0.467,"green_share_pct":82.4,"hot_share_pct":3.8,"coverage_pct":100.0,"valid_pixels":289},"geometry":{"type":"Polygon","coordinates":[[[118.727051,32.079025],[118.732347,32.078953],[118.732432,32.083461],[118.727136,32.083534],[118.727051,32.079025]]]}},{"type":"Feature","id":"g11-20","properties":{"lst_mean_c":48.86,"ndvi_mean":0.301,"green_share_pct":41.5,"hot_share_pct":68.2,"coverage_pct":100.0,"valid_pixels":289},"geometry":{"type":"Polygon","coordinates":[[[118.732347,32.078953],[118.737643,32.07888],[118.737728,32.083389],[118.732432,32.083461],[118.732347,32.078953]]]}},{"type":"Feature","id":"g12-20","properties":{"lst_mean_c":45.02,"ndvi_mean":0.421,"green_share_pct":66.4,"hot_share_pct":28.3,"coverage_pct":89.7,"valid_pixels":244},"geometry":{"type":"Polygon","coordinates":[[[118.737643,32.07888],[118.742938,32.078807],[118.743024,32.083316],[118.737728,32.083389],[118.737643,32.07888]]]}},{"type":"Feature","id":"g13-20","properties":{"lst_mean_c":46.8,"ndvi_mean":0.44,"green_share_pct":74.7,"hot_share_pct":19.7,"coverage_pct":100.0,"valid_pixels":289},"geometry":{"type":"Polygon","coordinates":[[[118.742938,32.078807],[118.748234,32.078734],[118.74832,32.083243],[118.743024,32.083316],[118.742938,32.078807]]]}},{"type":"Feature","id":"g14-20","properties":{"lst_mean_c":50.33,"ndvi_mean":0.344,"green_share_pct":57.8,"hot_share_pct":84.8,"coverage_pct":100.0,"valid_pixels":289},"geometry":{"type":"Polygon","coordinates":[[[118.748234,32.078734],[118.753529,32.078661],[118.753615,32.08317],[118.74832,32.083243],[118.748234,32.078734]]]}},{"type":"Feature","id":"g15-20","properties":{"lst_mean_c":49.33,"ndvi_mean":0.32,"green_share_pct":48.5,"hot_share_pct":79.8,"coverage_pct":100.0,"valid_pixels":272},"geometry":{"type":"Polygon","coordinates":[[[118.753529,32.078661],[118.758825,32.078588],[118.758911,32.083096],[118.753615,32.08317],[118.753529,32.078661]]]}},{"type":"Feature","id":"g16-20","properties":{"lst_mean_c":48.62,"ndvi_mean":0.316,"green_share_pct":46.5,"hot_share_pct":51.0,"coverage_pct":99.7,"valid_pixels":288},"geometry":{"type":"Polygon","coordinates":[[[118.758825,32.078588],[118.76412,32.078514],[118.764207,32.083023],[118.758911,32.083096],[118.758825,32.078588]]]}},{"type":"Feature","id":"g17-20","properties":{"lst_mean_c":49.11,"ndvi_mean":0.323,"green_share_pct":53.3,"hot_share_pct":81.0,"coverage_pct":100.0,"valid_pixels":289},"geometry":{"type":"Polygon","coordinates":[[[118.76412,32.078514],[118.769416,32.07844],[118.769503,32.082949],[118.764207,32.083023],[118.76412,32.078514]]]}},{"type":"Feature","id":"g18-20","properties":{"lst_mean_c":48.71,"ndvi_mean":0.36,"green_share_pct":70.2,"hot_share_pct":71.3,"coverage_pct":100.0,"valid_pixels":272},"geometry":{"type":"Polygon","coordinates":[[[118.769416,32.07844],[118.774711,32.078366],[118.774798,32.082875],[118.769503,32.082949],[118.769416,32.07844]]]}},{"type":"Feature","id":"g19-20","properties":{"lst_mean_c":46.5,"ndvi_mean":0.327,"green_share_pct":54.7,"hot_share_pct":22.1,"coverage_pct":100.0,"valid_pixels":289},"geometry":{"type":"Polygon","coordinates":[[[118.774711,32.078366],[118.780007,32.078292],[118.780094,32.082801],[118.774798,32.082875],[118.774711,32.078366]]]}},{"type":"Feature","id":"g23-20","properties":{"lst_mean_c":42.53,"ndvi_mean":0.627,"green_share_pct":93.9,"hot_share_pct":5.0,"coverage_pct":96.5,"valid_pixels":279},"geometry":{"type":"Polygon","coordinates":[[[118.795893,32.078068],[118.801188,32.077992],[118.801277,32.082501],[118.795981,32.082576],[118.795893,32.078068]]]}},{"type":"Feature","id":"g24-20","properties":{"lst_mean_c":48.56,"ndvi_mean":0.37,"green_share_pct":60.8,"hot_share_pct":52.0,"coverage_pct":75.0,"valid_pixels":204},"geometry":{"type":"Polygon","coordinates":[[[118.801188,32.077992],[118.806484,32.077917],[118.806572,32.082426],[118.801277,32.082501],[118.801188,32.077992]]]}},{"type":"Feature","id":"g26-20","properties":{"lst_mean_c":46.89,"ndvi_mean":0.521,"green_share_pct":92.8,"hot_share_pct":14.4,"coverage_pct":86.5,"valid_pixels":250},"geometry":{"type":"Polygon","coordinates":[[[118.811779,32.077841],[118.817074,32.077766],[118.817164,32.082274],[118.811868,32.08235],[118.811779,32.077841]]]}},{"type":"Feature","id":"g27-20","properties":{"lst_mean_c":49.23,"ndvi_mean":0.414,"green_share_pct":75.1,"hot_share_pct":79.2,"coverage_pct":72.4,"valid_pixels":197},"geometry":{"type":"Polygon","coordinates":[[[118.817074,32.077766],[118.82237,32.07769],[118.822459,32.082198],[118.817164,32.082274],[118.817074,32.077766]]]}},{"type":"Feature","id":"g28-20","properties":{"lst_mean_c":45.05,"ndvi_mean":0.59,"green_share_pct":97.6,"hot_share_pct":4.3,"coverage_pct":72.0,"valid_pixels":208},"geometry":{"type":"Polygon","coordinates":[[[118.82237,32.07769],[118.827665,32.077613],[118.827755,32.082122],[118.822459,32.082198],[118.82237,32.07769]]]}},{"type":"Feature","id":"g29-20","properties":{"lst_mean_c":38.64,"ndvi_mean":0.832,"green_share_pct":100.0,"hot_share_pct":0.0,"coverage_pct":100.0,"valid_pixels":289},"geometry":{"type":"Polygon","coordinates":[[[118.827665,32.077613],[118.83296,32.077537],[118.83305,32.082045],[118.827755,32.082122],[118.827665,32.077613]]]}},{"type":"Feature","id":"g30-20","properties":{"lst_mean_c":37.21,"ndvi_mean":0.827,"green_share_pct":100.0,"hot_share_pct":0.0,"coverage_pct":100.0,"valid_pixels":272},"geometry":{"type":"Polygon","coordinates":[[[118.83296,32.077537],[118.838255,32.07746],[118.838346,32.081968],[118.83305,32.082045],[118.83296,32.077537]]]}},{"type":"Feature","id":"g31-20","properties":{"lst_mean_c":35.57,"ndvi_mean":0.832,"green_share_pct":100.0,"hot_share_pct":0.0,"coverage_pct":100.0,"valid_pixels":289},"geometry":{"type":"Polygon","coordinates":[[[118.838255,32.07746],[118.843551,32.077383],[118.843641,32.081892],[118.838346,32.081968],[118.838255,32.07746]]]}},{"type":"Feature","id":"g32-20","properties":{"lst_mean_c":36.5,"ndvi_mean":0.836,"green_share_pct":100.0,"hot_share_pct":0.0,"coverage_pct":100.0,"valid_pixels":289},"geometry":{"type":"Polygon","coordinates":[[[118.843551,32.077383],[118.848846,32.077306],[118.848937,32.081814],[118.843641,32.081892],[118.843551,32.077383]]]}},{"type":"Feature","id":"g33-20","properties":{"lst_mean_c":37.74,"ndvi_mean":0.836,"green_share_pct":100.0,"hot_share_pct":0.0,"coverage_pct":100.0,"valid_pixels":272},"geometry":{"type":"Polygon","coordinates":[[[118.848846,32.077306],[118.854141,32.077228],[118.854232,32.081737],[118.848937,32.081814],[118.848846,32.077306]]]}},{"type":"Feature","id":"g34-20","properties":{"lst_mean_c":38.18,"ndvi_mean":0.839,"green_share_pct":100.0,"hot_share_pct":0.0,"coverage_pct":100.0,"valid_pixels":289},"geometry":{"type":"Polygon","coordinates":[[[118.854141,32.077228],[118.859436,32.077151],[118.859528,32.081659],[118.854232,32.081737],[118.854141,32.077228]]]}},{"type":"Feature","id":"g35-20","properties":{"lst_mean_c":39.12,"ndvi_mean":0.831,"green_share_pct":100.0,"hot_share_pct":0.0,"coverage_pct":100.0,"valid_pixels":289},"geometry":{"type":"Polygon","coordinates":[[[118.859436,32.077151],[118.864731,32.077073],[118.864823,32.081581],[118.859528,32.081659],[118.859436,32.077151]]]}},{"type":"Feature","id":"g36-20","properties":{"lst_mean_c":40.61,"ndvi_mean":0.739,"green_share_pct":95.2,"hot_share_pct":0.0,"coverage_pct":92.6,"valid_pixels":252},"geometry":{"type":"Polygon","coordinates":[[[118.864731,32.077073],[118.870027,32.076995],[118.870118,32.081503],[118.864823,32.081581],[118.864731,32.077073]]]}},{"type":"Feature","id":"g37-20","properties":{"lst_mean_c":44.08,"ndvi_mean":0.623,"green_share_pct":92.6,"hot_share_pct":0.0,"coverage_pct":93.8,"valid_pixels":271},"geometry":{"type":"Polygon","coordinates":[[[118.870027,32.076995],[118.875322,32.076917],[118.875414,32.081425],[118.870118,32.081503],[118.870027,32.076995]]]}},{"type":"Feature","id":"g39-20","properties":{"lst_mean_c":48.4,"ndvi_mean":0.458,"green_share_pct":77.2,"hot_share_pct":47.8,"coverage_pct":100.0,"valid_pixels":272},"geometry":{"type":"Polygon","coordinates":[[[118.880617,32.076838],[118.885912,32.076759],[118.886004,32.081268],[118.880709,32.081347],[118.880617,32.076838]]]}},{"type":"Feature","id":"g40-20","properties":{"lst_mean_c":47.46,"ndvi_mean":0.486,"green_share_pct":92.0,"hot_share_pct":17.6,"coverage_pct":100.0,"valid_pixels":289},"geometry":{"type":"Polygon","coordinates":[[[118.885912,32.076759],[118.891207,32.07668],[118.8913,32.081189],[118.886004,32.081268],[118.885912,32.076759]]]}},{"type":"Feature","id":"g41-20","properties":{"lst_mean_c":49.11,"ndvi_mean":0.445,"green_share_pct":84.4,"hot_share_pct":56.7,"coverage_pct":100.0,"valid_pixels":289},"geometry":{"type":"Polygon","coordinates":[[[118.891207,32.07668],[118.896502,32.076601],[118.896595,32.08111],[118.8913,32.081189],[118.891207,32.07668]]]}},{"type":"Feature","id":"g42-20","properties":{"lst_mean_c":46.72,"ndvi_mean":0.488,"green_share_pct":89.0,"hot_share_pct":19.1,"coverage_pct":100.0,"valid_pixels":272},"geometry":{"type":"Polygon","coordinates":[[[118.896502,32.076601],[118.901797,32.076522],[118.90189,32.08103],[118.896595,32.08111],[118.896502,32.076601]]]}},{"type":"Feature","id":"g43-20","properties":{"lst_mean_c":46.87,"ndvi_mean":0.5,"green_share_pct":92.7,"hot_share_pct":19.7,"coverage_pct":100.0,"valid_pixels":289},"geometry":{"type":"Polygon","coordinates":[[[118.901797,32.076522],[118.907092,32.076442],[118.907185,32.080951],[118.90189,32.08103],[118.901797,32.076522]]]}},{"type":"Feature","id":"g44-20","properties":{"lst_mean_c":47.23,"ndvi_mean":0.489,"green_share_pct":95.8,"hot_share_pct":35.3,"coverage_pct":100.0,"valid_pixels":289},"geometry":{"type":"Polygon","coordinates":[[[118.907092,32.076442],[118.912387,32.076362],[118.912481,32.080871],[118.907185,32.080951],[118.907092,32.076442]]]}},{"type":"Feature","id":"g45-20","properties":{"lst_mean_c":47.38,"ndvi_mean":0.476,"green_share_pct":77.6,"hot_share_pct":47.4,"coverage_pct":100.0,"valid_pixels":272},"geometry":{"type":"Polygon","coordinates":[[[118.912387,32.076362],[118.917682,32.076282],[118.917776,32.080791],[118.912481,32.080871],[118.912387,32.076362]]]}},{"type":"Feature","id":"g46-20","properties":{"lst_mean_c":47.12,"ndvi_mean":0.382,"green_share_pct":67.0,"hot_share_pct":28.7,"coverage_pct":97.6,"valid_pixels":282},"geometry":{"type":"Polygon","coordinates":[[[118.917682,32.076282],[118.922977,32.076202],[118.923071,32.08071],[118.917776,32.080791],[118.917682,32.076282]]]}},{"type":"Feature","id":"g47-20","properties":{"lst_mean_c":48.89,"ndvi_mean":0.357,"green_share_pct":63.7,"hot_share_pct":69.6,"coverage_pct":100.0,"valid_pixels":289},"geometry":{"type":"Polygon","coordinates":[[[118.922977,32.076202],[118.928271,32.076122],[118.928366,32.08063],[118.923071,32.08071],[118.922977,32.076202]]]}},{"type":"Feature","id":"g48-20","properties":{"lst_mean_c":47.28,"ndvi_mean":0.478,"green_share_pct":90.4,"hot_share_pct":29.8,"coverage_pct":100.0,"valid_pixels":272},"geometry":{"type":"Polygon","coordinates":[[[118.928271,32.076122],[118.933566,32.076041],[118.933661,32.080549],[118.928366,32.08063],[118.928271,32.076122]]]}},{"type":"Feature","id":"g49-20","properties":{"lst_mean_c":44.8,"ndvi_mean":0.582,"green_share_pct":91.0,"hot_share_pct":13.5,"coverage_pct":100.0,"valid_pixels":289},"geometry":{"type":"Polygon","coordinates":[[[118.933566,32.076041],[118.938861,32.07596],[118.938956,32.080468],[118.933661,32.080549],[118.933566,32.076041]]]}},{"type":"Feature","id":"g50-20","properties":{"lst_mean_c":44.26,"ndvi_mean":0.593,"green_share_pct":95.8,"hot_share_pct":1.7,"coverage_pct":100.0,"valid_pixels":289},"geometry":{"type":"Polygon","coordinates":[[[118.938861,32.07596],[118.944156,32.075879],[118.944251,32.080387],[118.938956,32.080468],[118.938861,32.07596]]]}},{"type":"Feature","id":"g51-20","properties":{"lst_mean_c":43.18,"ndvi_mean":0.61,"green_share_pct":98.9,"hot_share_pct":0.0,"coverage_pct":100.0,"valid_pixels":272},"geometry":{"type":"Polygon","coordinates":[[[118.944156,32.075879],[118.949451,32.075797],[118.949546,32.080306],[118.944251,32.080387],[118.944156,32.075879]]]}},{"type":"Feature","id":"g52-20","properties":{"lst_mean_c":44.1,"ndvi_mean":0.574,"green_share_pct":96.3,"hot_share_pct":0.0,"coverage_pct":99.3,"valid_pixels":135},"geometry":{"type":"Polygon","coordinates":[[[118.949451,32.075797],[118.954746,32.075716],[118.954842,32.080224],[118.949546,32.080306],[118.949451,32.075797]]]}},{"type":"Feature","id":"g0-21","properties":{"lst_mean_c":46.0,"ndvi_mean":0.526,"green_share_pct":88.2,"hot_share_pct":8.8,"coverage_pct":100.0,"valid_pixels":102},"geometry":{"type":"Polygon","coordinates":[[[118.674176,32.084245],[118.679472,32.084175],[118.679555,32.088684],[118.674258,32.088754],[118.674176,32.084245]]]}},{"type":"Feature","id":"g1-21","properties":{"lst_mean_c":44.97,"ndvi_mean":0.288,"green_share_pct":40.5,"hot_share_pct":0.3,"coverage_pct":100.0,"valid_pixels":289},"geometry":{"type":"Polygon","coordinates":[[[118.679472,32.084175],[118.684768,32.084104],[118.684851,32.088613],[118.679555,32.088684],[118.679472,32.084175]]]}},{"type":"Feature","id":"g2-21","properties":{"lst_mean_c":45.19,"ndvi_mean":0.334,"green_share_pct":49.5,"hot_share_pct":0.7,"coverage_pct":99.3,"valid_pixels":287},"geometry":{"type":"Polygon","coordinates":[[[118.684768,32.084104],[118.690064,32.084034],[118.690147,32.088543],[118.684851,32.088613],[118.684768,32.084104]]]}},{"type":"Feature","id":"g3-21","properties":{"lst_mean_c":45.97,"ndvi_mean":0.509,"green_share_pct":78.3,"hot_share_pct":12.1,"coverage_pct":100.0,"valid_pixels":272},"geometry":{"type":"Polygon","coordinates":[[[118.690064,32.084034],[118.69536,32.083963],[118.695444,32.088472],[118.690147,32.088543],[118.690064,32.084034]]]}},{"type":"Feature","id":"g4-21","properties":{"lst_mean_c":44.74,"ndvi_mean":0.515,"green_share_pct":84.2,"hot_share_pct":4.8,"coverage_pct":94.5,"valid_pixels":273},"geometry":{"type":"Polygon","coordinates":[[[118.69536,32.083963],[118.700656,32.083892],[118.70074,32.088401],[118.695444,32.088472],[118.69536,32.083963]]]}},{"type":"Feature","id":"g5-21","properties":{"lst_mean_c":41.87,"ndvi_mean":0.619,"green_share_pct":97.4,"hot_share_pct":0.4,"coverage_pct":93.1,"valid_pixels":269},"geometry":{"type":"Polygon","coordinates":[[[118.700656,32.083892],[118.705952,32.083821],[118.706036,32.08833],[118.70074,32.088401],[118.700656,32.083892]]]}},{"type":"Feature","id":"g10-21","properties":{"lst_mean_c":45.07,"ndvi_mean":0.39,"green_share_pct":74.0,"hot_share_pct":6.0,"coverage_pct":97.2,"valid_pixels":281},"geometry":{"type":"Polygon","coordinates":[[[118.727136,32.083534],[118.732432,32.083461],[118.732517,32.08797],[118.727221,32.088043],[118.727136,32.083534]]]}},{"type":"Feature","id":"g11-21","properties":{"lst_mean_c":47.92,"ndvi_mean":0.324,"green_share_pct":51.0,"hot_share_pct":36.1,"coverage_pct":99.7,"valid_pixels":288},"geometry":{"type":"Polygon","coordinates":[[[118.732432,32.083461],[118.737728,32.083389],[118.737813,32.087898],[118.732517,32.08797],[118.732432,32.083461]]]}},{"type":"Feature","id":"g12-21","properties":{"lst_mean_c":43.6,"ndvi_mean":0.515,"green_share_pct":86.2,"hot_share_pct":6.1,"coverage_pct":90.4,"valid_pixels":246},"geometry":{"type":"Polygon","coordinates":[[[118.737728,32.083389],[118.743024,32.083316],[118.743109,32.087825],[118.737813,32.087898],[118.737728,32.083389]]]}},{"type":"Feature","id":"g13-21","properties":{"lst_mean_c":48.22,"ndvi_mean":0.399,"green_share_pct":65.4,"hot_share_pct":56.7,"coverage_pct":100.0,"valid_pixels":289},"geometry":{"type":"Polygon","coordinates":[[[118.743024,32.083316],[118.74832,32.083243],[118.748405,32.087752],[118.743109,32.087825],[118.743024,32.083316]]]}},{"type":"Feature","id":"g14-21","properties":{"lst_mean_c":49.17,"ndvi_mean":0.359,"green_share_pct":65.1,"hot_share_pct":79.2,"coverage_pct":100.0,"valid_pixels":289},"geometry":{"type":"Polygon","coordinates":[[[118.74832,32.083243],[118.753615,32.08317],[118.753702,32.087679],[118.748405,32.087752],[118.74832,32.083243]]]}},{"type":"Feature","id":"g15-21","properties":{"lst_mean_c":49.18,"ndvi_mean":0.326,"green_share_pct":50.8,"hot_share_pct":74.4,"coverage_pct":93.4,"valid_pixels":254},"geometry":{"type":"Polygon","coordinates":[[[118.753615,32.08317],[118.758911,32.083096],[118.758998,32.087605],[118.753702,32.087679],[118.753615,32.08317]]]}},{"type":"Feature","id":"g16-21","properties":{"lst_mean_c":49.02,"ndvi_mean":0.357,"green_share_pct":61.9,"hot_share_pct":64.7,"coverage_pct":100.0,"valid_pixels":289},"geometry":{"type":"Polygon","coordinates":[[[118.758911,32.083096],[118.764207,32.083023],[118.764294,32.087532],[118.758998,32.087605],[118.758911,32.083096]]]}},{"type":"Feature","id":"g17-21","properties":{"lst_mean_c":48.21,"ndvi_mean":0.421,"green_share_pct":72.0,"hot_share_pct":38.1,"coverage_pct":100.0,"valid_pixels":289},"geometry":{"type":"Polygon","coordinates":[[[118.764207,32.083023],[118.769503,32.082949],[118.76959,32.087458],[118.764294,32.087532],[118.764207,32.083023]]]}},{"type":"Feature","id":"g18-21","properties":{"lst_mean_c":48.02,"ndvi_mean":0.397,"green_share_pct":74.3,"hot_share_pct":38.2,"coverage_pct":100.0,"valid_pixels":272},"geometry":{"type":"Polygon","coordinates":[[[118.769503,32.082949],[118.774798,32.082875],[118.774886,32.087384],[118.76959,32.087458],[118.769503,32.082949]]]}},{"type":"Feature","id":"g19-21","properties":{"lst_mean_c":46.8,"ndvi_mean":0.356,"green_share_pct":55.7,"hot_share_pct":11.4,"coverage_pct":100.0,"valid_pixels":289},"geometry":{"type":"Polygon","coordinates":[[[118.774798,32.082875],[118.780094,32.082801],[118.780182,32.087309],[118.774886,32.087384],[118.774798,32.082875]]]}},{"type":"Feature","id":"g20-21","properties":{"lst_mean_c":41.22,"ndvi_mean":0.638,"green_share_pct":88.8,"hot_share_pct":5.4,"coverage_pct":95.5,"valid_pixels":276},"geometry":{"type":"Polygon","coordinates":[[[118.780094,32.082801],[118.78539,32.082726],[118.785478,32.087235],[118.780182,32.087309],[118.780094,32.082801]]]}},{"type":"Feature","id":"g22-21","properties":{"lst_mean_c":46.02,"ndvi_mean":0.429,"green_share_pct":63.6,"hot_share_pct":43.4,"coverage_pct":68.5,"valid_pixels":198},"geometry":{"type":"Polygon","coordinates":[[[118.790686,32.082651],[118.795981,32.082576],[118.796069,32.087085],[118.790773,32.08716],[118.790686,32.082651]]]}},{"type":"Feature","id":"g23-21","properties":{"lst_mean_c":47.97,"ndvi_mean":0.45,"green_share_pct":74.7,"hot_share_pct":52.6,"coverage_pct":100.0,"valid_pixels":289},"geometry":{"type":"Polygon","coordinates":[[[118.795981,32.082576],[118.801277,32.082501],[118.801365,32.08701],[118.796069,32.087085],[118.795981,32.082576]]]}},{"type":"Feature","id":"g24-21","properties":{"lst_mean_c":48.41,"ndvi_mean":0.368,"green_share_pct":62.2,"hot_share_pct":45.7,"coverage_pct":93.4,"valid_pixels":254},"geometry":{"type":"Polygon","coordinates":[[[118.801277,32.082501],[118.806572,32.082426],[118.806661,32.086934],[118.801365,32.08701],[118.801277,32.082501]]]}},{"type":"Feature","id":"g26-21","properties":{"lst_mean_c":46.28,"ndvi_mean":0.498,"green_share_pct":72.8,"hot_share_pct":35.6,"coverage_pct":66.1,"valid_pixels":191},"geometry":{"type":"Polygon","coordinates":[[[118.811868,32.08235],[118.817164,32.082274],[118.817253,32.086783],[118.811957,32.086859],[118.811868,32.08235]]]}},{"type":"Feature","id":"g27-21","properties":{"lst_mean_c":47.64,"ndvi_mean":0.46,"green_share_pct":80.5,"hot_share_pct":35.7,"coverage_pct":100.0,"valid_pixels":272},"geometry":{"type":"Polygon","coordinates":[[[118.817164,32.082274],[118.822459,32.082198],[118.822549,32.086707],[118.817253,32.086783],[118.817164,32.082274]]]}},{"type":"Feature","id":"g28-21","properties":{"lst_mean_c":46.07,"ndvi_mean":0.521,"green_share_pct":97.3,"hot_share_pct":7.3,"coverage_pct":89.6,"valid_pixels":259},"geometry":{"type":"Polygon","coordinates":[[[118.822459,32.082198],[118.827755,32.082122],[118.827845,32.08663],[118.822549,32.086707],[118.822459,32.082198]]]}},{"type":"Feature","id":"g29-21","properties":{"lst_mean_c":38.87,"ndvi_mean":0.807,"green_share_pct":99.7,"hot_share_pct":0.0,"coverage_pct":100.0,"valid_pixels":289},"geometry":{"type":"Polygon","coordinates":[[[118.827755,32.082122],[118.83305,32.082045],[118.83314,32.086554],[118.827845,32.08663],[118.827755,32.082122]]]}},{"type":"Feature","id":"g30-21","properties":{"lst_mean_c":37.94,"ndvi_mean":0.827,"green_share_pct":100.0,"hot_share_pct":0.0,"coverage_pct":100.0,"valid_pixels":272},"geometry":{"type":"Polygon","coordinates":[[[118.83305,32.082045],[118.838346,32.081968],[118.838436,32.086477],[118.83314,32.086554],[118.83305,32.082045]]]}},{"type":"Feature","id":"g31-21","properties":{"lst_mean_c":36.79,"ndvi_mean":0.83,"green_share_pct":100.0,"hot_share_pct":0.0,"coverage_pct":100.0,"valid_pixels":289},"geometry":{"type":"Polygon","coordinates":[[[118.838346,32.081968],[118.843641,32.081892],[118.843732,32.0864],[118.838436,32.086477],[118.838346,32.081968]]]}},{"type":"Feature","id":"g32-21","properties":{"lst_mean_c":37.86,"ndvi_mean":0.821,"green_share_pct":100.0,"hot_share_pct":0.0,"coverage_pct":100.0,"valid_pixels":289},"geometry":{"type":"Polygon","coordinates":[[[118.843641,32.081892],[118.848937,32.081814],[118.849028,32.086323],[118.843732,32.0864],[118.843641,32.081892]]]}},{"type":"Feature","id":"g33-21","properties":{"lst_mean_c":41.1,"ndvi_mean":0.741,"green_share_pct":99.6,"hot_share_pct":0.0,"coverage_pct":100.0,"valid_pixels":272},"geometry":{"type":"Polygon","coordinates":[[[118.848937,32.081814],[118.854232,32.081737],[118.854323,32.086245],[118.849028,32.086323],[118.848937,32.081814]]]}},{"type":"Feature","id":"g34-21","properties":{"lst_mean_c":39.55,"ndvi_mean":0.688,"green_share_pct":90.4,"hot_share_pct":0.0,"coverage_pct":96.9,"valid_pixels":280},"geometry":{"type":"Polygon","coordinates":[[[118.854232,32.081737],[118.859528,32.081659],[118.859619,32.086168],[118.854323,32.086245],[118.854232,32.081737]]]}},{"type":"Feature","id":"g35-21","properties":{"lst_mean_c":41.33,"ndvi_mean":0.756,"green_share_pct":100.0,"hot_share_pct":0.0,"coverage_pct":100.0,"valid_pixels":289},"geometry":{"type":"Polygon","coordinates":[[[118.859528,32.081659],[118.864823,32.081581],[118.864915,32.08609],[118.859619,32.086168],[118.859528,32.081659]]]}},{"type":"Feature","id":"g36-21","properties":{"lst_mean_c":41.98,"ndvi_mean":0.707,"green_share_pct":99.6,"hot_share_pct":0.0,"coverage_pct":100.0,"valid_pixels":272},"geometry":{"type":"Polygon","coordinates":[[[118.864823,32.081581],[118.870118,32.081503],[118.87021,32.086012],[118.864915,32.08609],[118.864823,32.081581]]]}},{"type":"Feature","id":"g37-21","properties":{"lst_mean_c":44.08,"ndvi_mean":0.674,"green_share_pct":98.6,"hot_share_pct":0.4,"coverage_pct":97.9,"valid_pixels":283},"geometry":{"type":"Polygon","coordinates":[[[118.870118,32.081503],[118.875414,32.081425],[118.875506,32.085933],[118.87021,32.086012],[118.870118,32.081503]]]}},{"type":"Feature","id":"g39-21","properties":{"lst_mean_c":48.04,"ndvi_mean":0.512,"green_share_pct":93.0,"hot_share_pct":47.4,"coverage_pct":100.0,"valid_pixels":272},"geometry":{"type":"Polygon","coordinates":[[[118.880709,32.081347],[118.886004,32.081268],[118.886097,32.085776],[118.880801,32.085855],[118.880709,32.081347]]]}},{"type":"Feature","id":"g40-21","properties":{"lst_mean_c":46.88,"ndvi_mean":0.48,"green_share_pct":84.4,"hot_share_pct":12.8,"coverage_pct":100.0,"valid_pixels":289},"geometry":{"type":"Polygon","coordinates":[[[118.886004,32.081268],[118.8913,32.081189],[118.891393,32.085697],[118.886097,32.085776],[118.886004,32.081268]]]}},{"type":"Feature","id":"g41-21","properties":{"lst_mean_c":46.11,"ndvi_mean":0.538,"green_share_pct":95.2,"hot_share_pct":10.4,"coverage_pct":100.0,"valid_pixels":289},"geometry":{"type":"Polygon","coordinates":[[[118.8913,32.081189],[118.896595,32.08111],[118.896688,32.085618],[118.891393,32.085697],[118.8913,32.081189]]]}},{"type":"Feature","id":"g42-21","properties":{"lst_mean_c":44.85,"ndvi_mean":0.584,"green_share_pct":97.8,"hot_share_pct":0.0,"coverage_pct":100.0,"valid_pixels":272},"geometry":{"type":"Polygon","coordinates":[[[118.896595,32.08111],[118.90189,32.08103],[118.901984,32.085539],[118.896688,32.085618],[118.896595,32.08111]]]}},{"type":"Feature","id":"g43-21","properties":{"lst_mean_c":45.08,"ndvi_mean":0.508,"green_share_pct":94.4,"hot_share_pct":0.0,"coverage_pct":98.3,"valid_pixels":284},"geometry":{"type":"Polygon","coordinates":[[[118.90189,32.08103],[118.907185,32.080951],[118.907279,32.085459],[118.901984,32.085539],[118.90189,32.08103]]]}},{"type":"Feature","id":"g44-21","properties":{"lst_mean_c":45.03,"ndvi_mean":0.562,"green_share_pct":97.6,"hot_share_pct":0.0,"coverage_pct":100.0,"valid_pixels":289},"geometry":{"type":"Polygon","coordinates":[[[118.907185,32.080951],[118.912481,32.080871],[118.912575,32.085379],[118.907279,32.085459],[118.907185,32.080951]]]}},{"type":"Feature","id":"g45-21","properties":{"lst_mean_c":47.29,"ndvi_mean":0.484,"green_share_pct":91.9,"hot_share_pct":38.6,"coverage_pct":100.0,"valid_pixels":272},"geometry":{"type":"Polygon","coordinates":[[[118.912481,32.080871],[118.917776,32.080791],[118.91787,32.085299],[118.912575,32.085379],[118.912481,32.080871]]]}},{"type":"Feature","id":"g46-21","properties":{"lst_mean_c":44.67,"ndvi_mean":0.501,"green_share_pct":89.5,"hot_share_pct":1.1,"coverage_pct":92.4,"valid_pixels":267},"geometry":{"type":"Polygon","coordinates":[[[118.917776,32.080791],[118.923071,32.08071],[118.923165,32.085219],[118.91787,32.085299],[118.917776,32.080791]]]}},{"type":"Feature","id":"g47-21","properties":{"lst_mean_c":43.89,"ndvi_mean":0.59,"green_share_pct":91.0,"hot_share_pct":5.5,"coverage_pct":100.0,"valid_pixels":289},"geometry":{"type":"Polygon","coordinates":[[[118.923071,32.08071],[118.928366,32.08063],[118.928461,32.085138],[118.923165,32.085219],[118.923071,32.08071]]]}},{"type":"Feature","id":"g48-21","properties":{"lst_mean_c":46.38,"ndvi_mean":0.516,"green_share_pct":91.2,"hot_share_pct":25.0,"coverage_pct":100.0,"valid_pixels":272},"geometry":{"type":"Polygon","coordinates":[[[118.928366,32.08063],[118.933661,32.080549],[118.933756,32.085057],[118.928461,32.085138],[118.928366,32.08063]]]}},{"type":"Feature","id":"g49-21","properties":{"lst_mean_c":42.77,"ndvi_mean":0.692,"green_share_pct":97.9,"hot_share_pct":5.2,"coverage_pct":100.0,"valid_pixels":289},"geometry":{"type":"Polygon","coordinates":[[[118.933661,32.080549],[118.938956,32.080468],[118.939052,32.084977],[118.933756,32.085057],[118.933661,32.080549]]]}},{"type":"Feature","id":"g50-21","properties":{"lst_mean_c":43.09,"ndvi_mean":0.657,"green_share_pct":94.5,"hot_share_pct":6.6,"coverage_pct":100.0,"valid_pixels":289},"geometry":{"type":"Polygon","coordinates":[[[118.938956,32.080468],[118.944251,32.080387],[118.944347,32.084895],[118.939052,32.084977],[118.938956,32.080468]]]}},{"type":"Feature","id":"g51-21","properties":{"lst_mean_c":41.39,"ndvi_mean":0.674,"green_share_pct":98.9,"hot_share_pct":0.0,"coverage_pct":100.0,"valid_pixels":272},"geometry":{"type":"Polygon","coordinates":[[[118.944251,32.080387],[118.949546,32.080306],[118.949642,32.084814],[118.944347,32.084895],[118.944251,32.080387]]]}},{"type":"Feature","id":"g52-21","properties":{"lst_mean_c":43.9,"ndvi_mean":0.571,"green_share_pct":97.8,"hot_share_pct":0.0,"coverage_pct":99.3,"valid_pixels":135},"geometry":{"type":"Polygon","coordinates":[[[118.949546,32.080306],[118.954842,32.080224],[118.954938,32.084732],[118.949642,32.084814],[118.949546,32.080306]]]}},{"type":"Feature","id":"g0-22","properties":{"lst_mean_c":46.55,"ndvi_mean":0.381,"green_share_pct":54.2,"hot_share_pct":24.0,"coverage_pct":100.0,"valid_pixels":96},"geometry":{"type":"Polygon","coordinates":[[[118.674258,32.088754],[118.679555,32.088684],[118.679637,32.093193],[118.674341,32.093263],[118.674258,32.088754]]]}},{"type":"Feature","id":"g1-22","properties":{"lst_mean_c":46.44,"ndvi_mean":0.329,"green_share_pct":41.9,"hot_share_pct":6.2,"coverage_pct":100.0,"valid_pixels":272},"geometry":{"type":"Polygon","coordinates":[[[118.679555,32.088684],[118.684851,32.088613],[118.684934,32.093122],[118.679637,32.093193],[118.679555,32.088684]]]}},{"type":"Feature","id":"g2-22","properties":{"lst_mean_c":45.1,"ndvi_mean":0.411,"green_share_pct":64.0,"hot_share_pct":7.7,"coverage_pct":100.0,"valid_pixels":272},"geometry":{"type":"Polygon","coordinates":[[[118.684851,32.088613],[118.690147,32.088543],[118.69023,32.093052],[118.684934,32.093122],[118.684851,32.088613]]]}},{"type":"Feature","id":"g3-22","properties":{"lst_mean_c":45.91,"ndvi_mean":0.515,"green_share_pct":88.7,"hot_share_pct":28.1,"coverage_pct":100.0,"valid_pixels":256},"geometry":{"type":"Polygon","coordinates":[[[118.690147,32.088543],[118.695444,32.088472],[118.695527,32.092981],[118.69023,32.093052],[118.690147,32.088543]]]}},{"type":"Feature","id":"g4-22","properties":{"lst_mean_c":47.23,"ndvi_mean":0.469,"green_share_pct":79.8,"hot_share_pct":42.6,"coverage_pct":100.0,"valid_pixels":272},"geometry":{"type":"Polygon","coordinates":[[[118.695444,32.088472],[118.70074,32.088401],[118.700823,32.09291],[118.695527,32.092981],[118.695444,32.088472]]]}},{"type":"Feature","id":"g5-22","properties":{"lst_mean_c":43.77,"ndvi_mean":0.618,"green_share_pct":95.6,"hot_share_pct":0.4,"coverage_pct":100.0,"valid_pixels":272},"geometry":{"type":"Polygon","coordinates":[[[118.70074,32.088401],[118.706036,32.08833],[118.70612,32.092839],[118.700823,32.09291],[118.70074,32.088401]]]}},{"type":"Feature","id":"g6-22","properties":{"lst_mean_c":40.41,"ndvi_mean":0.614,"green_share_pct":91.4,"hot_share_pct":0.0,"coverage_pct":86.3,"valid_pixels":221},"geometry":{"type":"Polygon","coordinates":[[[118.706036,32.08833],[118.711332,32.088258],[118.711416,32.092767],[118.70612,32.092839],[118.706036,32.08833]]]}},{"type":"Feature","id":"g11-22","properties":{"lst_mean_c":47.28,"ndvi_mean":0.237,"green_share_pct":25.7,"hot_share_pct":30.3,"coverage_pct":64.3,"valid_pixels":175},"geometry":{"type":"Polygon","coordinates":[[[118.732517,32.08797],[118.737813,32.087898],[118.737899,32.092406],[118.732602,32.092479],[118.732517,32.08797]]]}},{"type":"Feature","id":"g12-22","properties":{"lst_mean_c":43.73,"ndvi_mean":0.501,"green_share_pct":78.8,"hot_share_pct":6.1,"coverage_pct":95.7,"valid_pixels":245},"geometry":{"type":"Polygon","coordinates":[[[118.737813,32.087898],[118.743109,32.087825],[118.743195,32.092334],[118.737899,32.092406],[118.737813,32.087898]]]}},{"type":"Feature","id":"g13-22","properties":{"lst_mean_c":49.44,"ndvi_mean":0.318,"green_share_pct":43.0,"hot_share_pct":79.0,"coverage_pct":100.0,"valid_pixels":272},"geometry":{"type":"Polygon","coordinates":[[[118.743109,32.087825],[118.748405,32.087752],[118.748491,32.092261],[118.743195,32.092334],[118.743109,32.087825]]]}},{"type":"Feature","id":"g14-22","properties":{"lst_mean_c":48.53,"ndvi_mean":0.302,"green_share_pct":43.8,"hot_share_pct":60.3,"coverage_pct":71.3,"valid_pixels":194},"geometry":{"type":"Polygon","coordinates":[[[118.748405,32.087752],[118.753702,32.087679],[118.753788,32.092187],[118.748491,32.092261],[118.748405,32.087752]]]}},{"type":"Feature","id":"g16-22","properties":{"lst_mean_c":46.62,"ndvi_mean":0.439,"green_share_pct":77.2,"hot_share_pct":17.6,"coverage_pct":100.0,"valid_pixels":272},"geometry":{"type":"Polygon","coordinates":[[[118.758998,32.087605],[118.764294,32.087532],[118.76438,32.09204],[118.759084,32.092114],[118.758998,32.087605]]]}},{"type":"Feature","id":"g17-22","properties":{"lst_mean_c":47.1,"ndvi_mean":0.424,"green_share_pct":79.4,"hot_share_pct":17.6,"coverage_pct":100.0,"valid_pixels":272},"geometry":{"type":"Polygon","coordinates":[[[118.764294,32.087532],[118.76959,32.087458],[118.769677,32.091966],[118.76438,32.09204],[118.764294,32.087532]]]}},{"type":"Feature","id":"g18-22","properties":{"lst_mean_c":45.75,"ndvi_mean":0.429,"green_share_pct":78.9,"hot_share_pct":13.3,"coverage_pct":100.0,"valid_pixels":256},"geometry":{"type":"Polygon","coordinates":[[[118.76959,32.087458],[118.774886,32.087384],[118.774973,32.091892],[118.769677,32.091966],[118.76959,32.087458]]]}},{"type":"Feature","id":"g19-22","properties":{"lst_mean_c":46.06,"ndvi_mean":0.419,"green_share_pct":76.5,"hot_share_pct":15.1,"coverage_pct":100.0,"valid_pixels":272},"geometry":{"type":"Polygon","coordinates":[[[118.774886,32.087384],[118.780182,32.087309],[118.780269,32.091818],[118.774973,32.091892],[118.774886,32.087384]]]}},{"type":"Feature","id":"g20-22","properties":{"lst_mean_c":44.72,"ndvi_mean":0.523,"green_share_pct":94.5,"hot_share_pct":5.1,"coverage_pct":100.0,"valid_pixels":272},"geometry":{"type":"Polygon","coordinates":[[[118.780182,32.087309],[118.785478,32.087235],[118.785565,32.091743],[118.780269,32.091818],[118.780182,32.087309]]]}},{"type":"Feature","id":"g21-22","properties":{"lst_mean_c":48.15,"ndvi_mean":0.347,"green_share_pct":46.6,"hot_share_pct":66.5,"coverage_pct":98.0,"valid_pixels":251},"geometry":{"type":"Polygon","coordinates":[[[118.785478,32.087235],[118.790773,32.08716],[118.790861,32.091669],[118.785565,32.091743],[118.785478,32.087235]]]}},{"type":"Feature","id":"g22-22","properties":{"lst_mean_c":50.05,"ndvi_mean":0.204,"green_share_pct":23.2,"hot_share_pct":90.8,"coverage_pct":100.0,"valid_pixels":272},"geometry":{"type":"Polygon","coordinates":[[[118.790773,32.08716],[118.796069,32.087085],[118.796158,32.091594],[118.790861,32.091669],[118.790773,32.08716]]]}},{"type":"Feature","id":"g23-22","properties":{"lst_mean_c":47.31,"ndvi_mean":0.484,"green_share_pct":76.8,"hot_share_pct":48.2,"coverage_pct":100.0,"valid_pixels":272},"geometry":{"type":"Polygon","coordinates":[[[118.796069,32.087085],[118.801365,32.08701],[118.801454,32.091518],[118.796158,32.091594],[118.796069,32.087085]]]}},{"type":"Feature","id":"g24-22","properties":{"lst_mean_c":52.15,"ndvi_mean":0.28,"green_share_pct":42.5,"hot_share_pct":98.2,"coverage_pct":88.3,"valid_pixels":226},"geometry":{"type":"Polygon","coordinates":[[[118.801365,32.08701],[118.806661,32.086934],[118.80675,32.091443],[118.801454,32.091518],[118.801365,32.08701]]]}},{"type":"Feature","id":"g26-22","properties":{"lst_mean_c":48.09,"ndvi_mean":0.292,"green_share_pct":41.5,"hot_share_pct":44.1,"coverage_pct":100.0,"valid_pixels":272},"geometry":{"type":"Polygon","coordinates":[[[118.811957,32.086859],[118.817253,32.086783],[118.817342,32.091291],[118.812046,32.091367],[118.811957,32.086859]]]}},{"type":"Feature","id":"g27-22","properties":{"lst_mean_c":48.21,"ndvi_mean":0.38,"green_share_pct":63.5,"hot_share_pct":53.8,"coverage_pct":97.3,"valid_pixels":249},"geometry":{"type":"Polygon","coordinates":[[[118.817253,32.086783],[118.822549,32.086707],[118.822638,32.091215],[118.817342,32.091291],[118.817253,32.086783]]]}},{"type":"Feature","id":"g29-22","properties":{"lst_mean_c":46.53,"ndvi_mean":0.46,"green_share_pct":83.2,"hot_share_pct":32.8,"coverage_pct":89.7,"valid_pixels":244},"geometry":{"type":"Polygon","coordinates":[[[118.827845,32.08663],[118.83314,32.086554],[118.83323,32.091062],[118.827934,32.091139],[118.827845,32.08663]]]}},{"type":"Feature","id":"g30-22","properties":{"lst_mean_c":42.62,"ndvi_mean":0.64,"green_share_pct":98.4,"hot_share_pct":0.0,"coverage_pct":95.3,"valid_pixels":244},"geometry":{"type":"Polygon","coordinates":[[[118.83314,32.086554],[118.838436,32.086477],[118.838526,32.090986],[118.83323,32.091062],[118.83314,32.086554]]]}},{"type":"Feature","id":"g31-22","properties":{"lst_mean_c":38.93,"ndvi_mean":0.776,"green_share_pct":99.2,"hot_share_pct":0.0,"coverage_pct":94.5,"valid_pixels":257},"geometry":{"type":"Polygon","coordinates":[[[118.838436,32.086477],[118.843732,32.0864],[118.843822,32.090909],[118.838526,32.090986],[118.838436,32.086477]]]}},{"type":"Feature","id":"g32-22","properties":{"lst_mean_c":38.92,"ndvi_mean":0.788,"green_share_pct":100.0,"hot_share_pct":0.0,"coverage_pct":100.0,"valid_pixels":272},"geometry":{"type":"Polygon","coordinates":[[[118.843732,32.0864],[118.849028,32.086323],[118.849118,32.090831],[118.843822,32.090909],[118.843732,32.0864]]]}},{"type":"Feature","id":"g33-22","properties":{"lst_mean_c":40.19,"ndvi_mean":0.774,"green_share_pct":100.0,"hot_share_pct":0.0,"coverage_pct":100.0,"valid_pixels":256},"geometry":{"type":"Polygon","coordinates":[[[118.849028,32.086323],[118.854323,32.086245],[118.854414,32.090754],[118.849118,32.090831],[118.849028,32.086323]]]}},{"type":"Feature","id":"g34-22","properties":{"lst_mean_c":38.89,"ndvi_mean":0.809,"green_share_pct":100.0,"hot_share_pct":0.0,"coverage_pct":100.0,"valid_pixels":272},"geometry":{"type":"Polygon","coordinates":[[[118.854323,32.086245],[118.859619,32.086168],[118.85971,32.090676],[118.854414,32.090754],[118.854323,32.086245]]]}},{"type":"Feature","id":"g35-22","properties":{"lst_mean_c":41.31,"ndvi_mean":0.724,"green_share_pct":100.0,"hot_share_pct":0.0,"coverage_pct":92.6,"valid_pixels":252},"geometry":{"type":"Polygon","coordinates":[[[118.859619,32.086168],[118.864915,32.08609],[118.865006,32.090598],[118.85971,32.090676],[118.859619,32.086168]]]}},{"type":"Feature","id":"g36-22","properties":{"lst_mean_c":41.55,"ndvi_mean":0.63,"green_share_pct":95.3,"hot_share_pct":0.0,"coverage_pct":90.6,"valid_pixels":232},"geometry":{"type":"Polygon","coordinates":[[[118.864915,32.08609],[118.87021,32.086012],[118.870302,32.09052],[118.865006,32.090598],[118.864915,32.08609]]]}},{"type":"Feature","id":"g37-22","properties":{"lst_mean_c":43.52,"ndvi_mean":0.568,"green_share_pct":90.8,"hot_share_pct":2.6,"coverage_pct":99.6,"valid_pixels":271},"geometry":{"type":"Polygon","coordinates":[[[118.87021,32.086012],[118.875506,32.085933],[118.875598,32.090442],[118.870302,32.09052],[118.87021,32.086012]]]}},{"type":"Feature","id":"g39-22","properties":{"lst_mean_c":48.74,"ndvi_mean":0.449,"green_share_pct":81.2,"hot_share_pct":66.4,"coverage_pct":100.0,"valid_pixels":256},"geometry":{"type":"Polygon","coordinates":[[[118.880801,32.085855],[118.886097,32.085776],[118.88619,32.090285],[118.880894,32.090363],[118.880801,32.085855]]]}},{"type":"Feature","id":"g40-22","properties":{"lst_mean_c":45.95,"ndvi_mean":0.477,"green_share_pct":84.9,"hot_share_pct":5.5,"coverage_pct":100.0,"valid_pixels":272},"geometry":{"type":"Polygon","coordinates":[[[118.886097,32.085776],[118.891393,32.085697],[118.891485,32.090206],[118.88619,32.090285],[118.886097,32.085776]]]}},{"type":"Feature","id":"g41-22","properties":{"lst_mean_c":47.47,"ndvi_mean":0.442,"green_share_pct":83.5,"hot_share_pct":33.5,"coverage_pct":100.0,"valid_pixels":272},"geometry":{"type":"Polygon","coordinates":[[[118.891393,32.085697],[118.896688,32.085618],[118.896781,32.090126],[118.891485,32.090206],[118.891393,32.085697]]]}},{"type":"Feature","id":"g42-22","properties":{"lst_mean_c":48.38,"ndvi_mean":0.367,"green_share_pct":59.4,"hot_share_pct":61.7,"coverage_pct":100.0,"valid_pixels":256},"geometry":{"type":"Polygon","coordinates":[[[118.896688,32.085618],[118.901984,32.085539],[118.902077,32.090047],[118.896781,32.090126],[118.896688,32.085618]]]}},{"type":"Feature","id":"g43-22","properties":{"lst_mean_c":45.02,"ndvi_mean":0.564,"green_share_pct":98.9,"hot_share_pct":1.1,"coverage_pct":100.0,"valid_pixels":272},"geometry":{"type":"Polygon","coordinates":[[[118.901984,32.085539],[118.907279,32.085459],[118.907373,32.089967],[118.902077,32.090047],[118.901984,32.085539]]]}},{"type":"Feature","id":"g44-22","properties":{"lst_mean_c":46.16,"ndvi_mean":0.503,"green_share_pct":93.8,"hot_share_pct":0.7,"coverage_pct":100.0,"valid_pixels":272},"geometry":{"type":"Polygon","coordinates":[[[118.907279,32.085459],[118.912575,32.085379],[118.912668,32.089887],[118.907373,32.089967],[118.907279,32.085459]]]}},{"type":"Feature","id":"g45-22","properties":{"lst_mean_c":47.26,"ndvi_mean":0.508,"green_share_pct":94.1,"hot_share_pct":35.5,"coverage_pct":100.0,"valid_pixels":256},"geometry":{"type":"Polygon","coordinates":[[[118.912575,32.085379],[118.91787,32.085299],[118.917964,32.089807],[118.912668,32.089887],[118.912575,32.085379]]]}},{"type":"Feature","id":"g46-22","properties":{"lst_mean_c":44.65,"ndvi_mean":0.528,"green_share_pct":93.7,"hot_share_pct":3.2,"coverage_pct":93.0,"valid_pixels":253},"geometry":{"type":"Polygon","coordinates":[[[118.91787,32.085299],[118.923165,32.085219],[118.92326,32.089727],[118.917964,32.089807],[118.91787,32.085299]]]}},{"type":"Feature","id":"g47-22","properties":{"lst_mean_c":42.42,"ndvi_mean":0.646,"green_share_pct":100.0,"hot_share_pct":0.0,"coverage_pct":100.0,"valid_pixels":272},"geometry":{"type":"Polygon","coordinates":[[[118.923165,32.085219],[118.928461,32.085138],[118.928556,32.089647],[118.92326,32.089727],[118.923165,32.085219]]]}},{"type":"Feature","id":"g48-22","properties":{"lst_mean_c":41.28,"ndvi_mean":0.752,"green_share_pct":99.6,"hot_share_pct":0.0,"coverage_pct":100.0,"valid_pixels":256},"geometry":{"type":"Polygon","coordinates":[[[118.928461,32.085138],[118.933756,32.085057],[118.933851,32.089566],[118.928556,32.089647],[118.928461,32.085138]]]}},{"type":"Feature","id":"g49-22","properties":{"lst_mean_c":41.6,"ndvi_mean":0.732,"green_share_pct":100.0,"hot_share_pct":0.0,"coverage_pct":100.0,"valid_pixels":272},"geometry":{"type":"Polygon","coordinates":[[[118.933756,32.085057],[118.939052,32.084977],[118.939147,32.089485],[118.933851,32.089566],[118.933756,32.085057]]]}},{"type":"Feature","id":"g50-22","properties":{"lst_mean_c":42.63,"ndvi_mean":0.698,"green_share_pct":100.0,"hot_share_pct":0.0,"coverage_pct":100.0,"valid_pixels":272},"geometry":{"type":"Polygon","coordinates":[[[118.939052,32.084977],[118.944347,32.084895],[118.944442,32.089404],[118.939147,32.089485],[118.939052,32.084977]]]}},{"type":"Feature","id":"g51-22","properties":{"lst_mean_c":41.33,"ndvi_mean":0.692,"green_share_pct":99.6,"hot_share_pct":0.0,"coverage_pct":100.0,"valid_pixels":256},"geometry":{"type":"Polygon","coordinates":[[[118.944347,32.084895],[118.949642,32.084814],[118.949738,32.089322],[118.944442,32.089404],[118.944347,32.084895]]]}},{"type":"Feature","id":"g52-22","properties":{"lst_mean_c":40.34,"ndvi_mean":0.701,"green_share_pct":99.2,"hot_share_pct":0.0,"coverage_pct":100.0,"valid_pixels":128},"geometry":{"type":"Polygon","coordinates":[[[118.949642,32.084814],[118.954938,32.084732],[118.955034,32.089241],[118.949738,32.089322],[118.949642,32.084814]]]}},{"type":"Feature","id":"g0-23","properties":{"lst_mean_c":46.53,"ndvi_mean":0.247,"green_share_pct":27.5,"hot_share_pct":11.8,"coverage_pct":100.0,"valid_pixels":102},"geometry":{"type":"Polygon","coordinates":[[[118.674341,32.093263],[118.679637,32.093193],[118.67972,32.097701],[118.674423,32.097772],[118.674341,32.093263]]]}},{"type":"Feature","id":"g1-23","properties":{"lst_mean_c":47.14,"ndvi_mean":0.418,"green_share_pct":67.8,"hot_share_pct":23.2,"coverage_pct":100.0,"valid_pixels":289},"geometry":{"type":"Polygon","coordinates":[[[118.679637,32.093193],[118.684934,32.093122],[118.685017,32.097631],[118.67972,32.097701],[118.679637,32.093193]]]}},{"type":"Feature","id":"g2-23","properties":{"lst_mean_c":47.49,"ndvi_mean":0.495,"green_share_pct":82.4,"hot_share_pct":45.7,"coverage_pct":100.0,"valid_pixels":289},"geometry":{"type":"Polygon","coordinates":[[[118.684934,32.093122],[118.69023,32.093052],[118.690313,32.09756],[118.685017,32.097631],[118.684934,32.093122]]]}},{"type":"Feature","id":"g3-23","properties":{"lst_mean_c":50.22,"ndvi_mean":0.351,"green_share_pct":69.5,"hot_share_pct":81.2,"coverage_pct":100.0,"valid_pixels":272},"geometry":{"type":"Polygon","coordinates":[[[118.69023,32.093052],[118.695527,32.092981],[118.69561,32.09749],[118.690313,32.09756],[118.69023,32.093052]]]}},{"type":"Feature","id":"g4-23","properties":{"lst_mean_c":50.55,"ndvi_mean":0.412,"green_share_pct":74.4,"hot_share_pct":74.4,"coverage_pct":100.0,"valid_pixels":289},"geometry":{"type":"Polygon","coordinates":[[[118.695527,32.092981],[118.700823,32.09291],[118.700907,32.097419],[118.69561,32.09749],[118.695527,32.092981]]]}},{"type":"Feature","id":"g5-23","properties":{"lst_mean_c":45.09,"ndvi_mean":0.594,"green_share_pct":90.3,"hot_share_pct":12.8,"coverage_pct":100.0,"valid_pixels":289},"geometry":{"type":"Polygon","coordinates":[[[118.700823,32.09291],[118.70612,32.092839],[118.706204,32.097347],[118.700907,32.097419],[118.700823,32.09291]]]}},{"type":"Feature","id":"g6-23","properties":{"lst_mean_c":41.2,"ndvi_mean":0.592,"green_share_pct":89.7,"hot_share_pct":3.3,"coverage_pct":100.0,"valid_pixels":272},"geometry":{"type":"Polygon","coordinates":[[[118.70612,32.092839],[118.711416,32.092767],[118.711501,32.097276],[118.706204,32.097347],[118.70612,32.092839]]]}},{"type":"Feature","id":"g7-23","properties":{"lst_mean_c":42.28,"ndvi_mean":0.437,"green_share_pct":64.3,"hot_share_pct":0.0,"coverage_pct":64.0,"valid_pixels":185},"geometry":{"type":"Polygon","coordinates":[[[118.711416,32.092767],[118.716713,32.092695],[118.716797,32.097204],[118.711501,32.097276],[118.711416,32.092767]]]}},{"type":"Feature","id":"g12-23","properties":{"lst_mean_c":43.4,"ndvi_mean":0.471,"green_share_pct":69.6,"hot_share_pct":18.3,"coverage_pct":96.7,"valid_pixels":263},"geometry":{"type":"Polygon","coordinates":[[[118.737899,32.092406],[118.743195,32.092334],[118.743281,32.096842],[118.737984,32.096915],[118.737899,32.092406]]]}},{"type":"Feature","id":"g13-23","properties":{"lst_mean_c":47.64,"ndvi_mean":0.32,"green_share_pct":43.6,"hot_share_pct":43.6,"coverage_pct":97.6,"valid_pixels":282},"geometry":{"type":"Polygon","coordinates":[[[118.743195,32.092334],[118.748491,32.092261],[118.748577,32.096769],[118.743281,32.096842],[118.743195,32.092334]]]}},{"type":"Feature","id":"g14-23","properties":{"lst_mean_c":47.56,"ndvi_mean":0.242,"green_share_pct":24.2,"hot_share_pct":38.1,"coverage_pct":97.2,"valid_pixels":281},"geometry":{"type":"Polygon","coordinates":[[[118.748491,32.092261],[118.753788,32.092187],[118.753874,32.096696],[118.748577,32.096769],[118.748491,32.092261]]]}},{"type":"Feature","id":"g15-23","properties":{"lst_mean_c":48.64,"ndvi_mean":0.324,"green_share_pct":49.4,"hot_share_pct":60.7,"coverage_pct":94.5,"valid_pixels":257},"geometry":{"type":"Polygon","coordinates":[[[118.753788,32.092187],[118.759084,32.092114],[118.75917,32.096623],[118.753874,32.096696],[118.753788,32.092187]]]}},{"type":"Feature","id":"g16-23","properties":{"lst_mean_c":50.11,"ndvi_mean":0.366,"green_share_pct":65.1,"hot_share_pct":75.4,"coverage_pct":100.0,"valid_pixels":289},"geometry":{"type":"Polygon","coordinates":[[[118.759084,32.092114],[118.76438,32.09204],[118.764467,32.096549],[118.75917,32.096623],[118.759084,32.092114]]]}},{"type":"Feature","id":"g17-23","properties":{"lst_mean_c":49.58,"ndvi_mean":0.25,"green_share_pct":24.6,"hot_share_pct":74.7,"coverage_pct":100.0,"valid_pixels":289},"geometry":{"type":"Polygon","coordinates":[[[118.76438,32.09204],[118.769677,32.091966],[118.769763,32.096475],[118.764467,32.096549],[118.76438,32.09204]]]}},{"type":"Feature","id":"g18-23","properties":{"lst_mean_c":49.72,"ndvi_mean":0.231,"green_share_pct":26.5,"hot_share_pct":68.4,"coverage_pct":100.0,"valid_pixels":272},"geometry":{"type":"Polygon","coordinates":[[[118.769677,32.091966],[118.774973,32.091892],[118.77506,32.096401],[118.769763,32.096475],[118.769677,32.091966]]]}},{"type":"Feature","id":"g19-23","properties":{"lst_mean_c":50.42,"ndvi_mean":0.238,"green_share_pct":24.7,"hot_share_pct":91.0,"coverage_pct":99.7,"valid_pixels":288},"geometry":{"type":"Polygon","coordinates":[[[118.774973,32.091892],[118.780269,32.091818],[118.780357,32.096327],[118.77506,32.096401],[118.774973,32.091892]]]}},{"type":"Feature","id":"g20-23","properties":{"lst_mean_c":49.66,"ndvi_mean":0.367,"green_share_pct":65.1,"hot_share_pct":70.6,"coverage_pct":100.0,"valid_pixels":289},"geometry":{"type":"Polygon","coordinates":[[[118.780269,32.091818],[118.785565,32.091743],[118.785653,32.096252],[118.780357,32.096327],[118.780269,32.091818]]]}},{"type":"Feature","id":"g21-23","properties":{"lst_mean_c":48.35,"ndvi_mean":0.402,"green_share_pct":74.6,"hot_share_pct":49.3,"coverage_pct":100.0,"valid_pixels":272},"geometry":{"type":"Polygon","coordinates":[[[118.785565,32.091743],[118.790861,32.091669],[118.790949,32.096177],[118.785653,32.096252],[118.785565,32.091743]]]}},{"type":"Feature","id":"g22-23","properties":{"lst_mean_c":44.94,"ndvi_mean":0.591,"green_share_pct":91.0,"hot_share_pct":17.3,"coverage_pct":100.0,"valid_pixels":289},"geometry":{"type":"Polygon","coordinates":[[[118.790861,32.091669],[118.796158,32.091594],[118.796246,32.096102],[118.790949,32.096177],[118.790861,32.091669]]]}},{"type":"Feature","id":"g23-23","properties":{"lst_mean_c":42.3,"ndvi_mean":0.689,"green_share_pct":98.2,"hot_share_pct":0.0,"coverage_pct":97.2,"valid_pixels":281},"geometry":{"type":"Polygon","coordinates":[[[118.796158,32.091594],[118.801454,32.091518],[118.801542,32.096027],[118.796246,32.096102],[118.796158,32.091594]]]}},{"type":"Feature","id":"g25-23","properties":{"lst_mean_c":47.08,"ndvi_mean":0.384,"green_share_pct":68.5,"hot_share_pct":22.7,"coverage_pct":82.4,"valid_pixels":238},"geometry":{"type":"Polygon","coordinates":[[[118.80675,32.091443],[118.812046,32.091367],[118.812135,32.095876],[118.806839,32.095951],[118.80675,32.091443]]]}},{"type":"Feature","id":"g26-23","properties":{"lst_mean_c":46.53,"ndvi_mean":0.3,"green_share_pct":37.0,"hot_share_pct":2.4,"coverage_pct":100.0,"valid_pixels":289},"geometry":{"type":"Polygon","coordinates":[[[118.812046,32.091367],[118.817342,32.091291],[118.817431,32.0958],[118.812135,32.095876],[118.812046,32.091367]]]}},{"type":"Feature","id":"g27-23","properties":{"lst_mean_c":48.04,"ndvi_mean":0.201,"green_share_pct":11.4,"hot_share_pct":48.9,"coverage_pct":100.0,"valid_pixels":272},"geometry":{"type":"Polygon","coordinates":[[[118.817342,32.091291],[118.822638,32.091215],[118.822728,32.095724],[118.817431,32.0958],[118.817342,32.091291]]]}},{"type":"Feature","id":"g28-23","properties":{"lst_mean_c":46.9,"ndvi_mean":0.358,"green_share_pct":52.6,"hot_share_pct":16.3,"coverage_pct":100.0,"valid_pixels":289},"geometry":{"type":"Polygon","coordinates":[[[118.822638,32.091215],[118.827934,32.091139],[118.828024,32.095647],[118.822728,32.095724],[118.822638,32.091215]]]}},{"type":"Feature","id":"g29-23","properties":{"lst_mean_c":46.18,"ndvi_mean":0.524,"green_share_pct":90.7,"hot_share_pct":19.4,"coverage_pct":100.0,"valid_pixels":289},"geometry":{"type":"Polygon","coordinates":[[[118.827934,32.091139],[118.83323,32.091062],[118.83332,32.095571],[118.828024,32.095647],[118.827934,32.091139]]]}},{"type":"Feature","id":"g32-23","properties":{"lst_mean_c":39.03,"ndvi_mean":0.764,"green_share_pct":100.0,"hot_share_pct":0.0,"coverage_pct":100.0,"valid_pixels":289},"geometry":{"type":"Polygon","coordinates":[[[118.843822,32.090909],[118.849118,32.090831],[118.849209,32.09534],[118.843913,32.095417],[118.843822,32.090909]]]}},{"type":"Feature","id":"g33-23","properties":{"lst_mean_c":42.39,"ndvi_mean":0.658,"green_share_pct":98.9,"hot_share_pct":0.0,"coverage_pct":100.0,"valid_pixels":272},"geometry":{"type":"Polygon","coordinates":[[[118.849118,32.090831],[118.854414,32.090754],[118.854505,32.095262],[118.849209,32.09534],[118.849118,32.090831]]]}},{"type":"Feature","id":"g34-23","properties":{"lst_mean_c":40.35,"ndvi_mean":0.783,"green_share_pct":100.0,"hot_share_pct":0.0,"coverage_pct":99.3,"valid_pixels":287},"geometry":{"type":"Polygon","coordinates":[[[118.854414,32.090754],[118.85971,32.090676],[118.859802,32.095185],[118.854505,32.095262],[118.854414,32.090754]]]}},{"type":"Feature","id":"g37-23","properties":{"lst_mean_c":44.4,"ndvi_mean":0.644,"green_share_pct":96.8,"hot_share_pct":8.1,"coverage_pct":64.4,"valid_pixels":186},"geometry":{"type":"Polygon","coordinates":[[[118.870302,32.09052],[118.875598,32.090442],[118.87569,32.09495],[118.870394,32.095029],[118.870302,32.09052]]]}},{"type":"Feature","id":"g39-23","properties":{"lst_mean_c":45.96,"ndvi_mean":0.475,"green_share_pct":81.1,"hot_share_pct":0.0,"coverage_pct":83.5,"valid_pixels":227},"geometry":{"type":"Polygon","coordinates":[[[118.880894,32.090363],[118.88619,32.090285],[118.886282,32.094793],[118.880986,32.094872],[118.880894,32.090363]]]}},{"type":"Feature","id":"g40-23","properties":{"lst_mean_c":47.45,"ndvi_mean":0.464,"green_share_pct":76.8,"hot_share_pct":21.5,"coverage_pct":100.0,"valid_pixels":289},"geometry":{"type":"Polygon","coordinates":[[[118.88619,32.090285],[118.891485,32.090206],[118.891578,32.094714],[118.886282,32.094793],[118.88619,32.090285]]]}},{"type":"Feature","id":"g41-23","properties":{"lst_mean_c":46.39,"ndvi_mean":0.463,"green_share_pct":92.0,"hot_share_pct":4.8,"coverage_pct":100.0,"valid_pixels":289},"geometry":{"type":"Polygon","coordinates":[[[118.891485,32.090206],[118.896781,32.090126],[118.896874,32.094635],[118.891578,32.094714],[118.891485,32.090206]]]}},{"type":"Feature","id":"g42-23","properties":{"lst_mean_c":46.34,"ndvi_mean":0.524,"green_share_pct":98.1,"hot_share_pct":6.0,"coverage_pct":97.8,"valid_pixels":266},"geometry":{"type":"Polygon","coordinates":[[[118.896781,32.090126],[118.902077,32.090047],[118.90217,32.094555],[118.896874,32.094635],[118.896781,32.090126]]]}},{"type":"Feature","id":"g43-23","properties":{"lst_mean_c":45.02,"ndvi_mean":0.54,"green_share_pct":94.5,"hot_share_pct":1.0,"coverage_pct":100.0,"valid_pixels":289},"geometry":{"type":"Polygon","coordinates":[[[118.902077,32.090047],[118.907373,32.089967],[118.907466,32.094476],[118.90217,32.094555],[118.902077,32.090047]]]}},{"type":"Feature","id":"g44-23","properties":{"lst_mean_c":44.93,"ndvi_mean":0.538,"green_share_pct":89.3,"hot_share_pct":3.5,"coverage_pct":100.0,"valid_pixels":289},"geometry":{"type":"Polygon","coordinates":[[[118.907373,32.089967],[118.912668,32.089887],[118.912762,32.094396],[118.907466,32.094476],[118.907373,32.089967]]]}},{"type":"Feature","id":"g45-23","properties":{"lst_mean_c":46.29,"ndvi_mean":0.476,"green_share_pct":91.5,"hot_share_pct":7.7,"coverage_pct":99.6,"valid_pixels":271},"geometry":{"type":"Polygon","coordinates":[[[118.912668,32.089887],[118.917964,32.089807],[118.918058,32.094316],[118.912762,32.094396],[118.912668,32.089887]]]}},{"type":"Feature","id":"g46-23","properties":{"lst_mean_c":45.51,"ndvi_mean":0.506,"green_share_pct":97.6,"hot_share_pct":0.0,"coverage_pct":100.0,"valid_pixels":289},"geometry":{"type":"Polygon","coordinates":[[[118.917964,32.089807],[118.92326,32.089727],[118.923354,32.094235],[118.918058,32.094316],[118.917964,32.089807]]]}},{"type":"Feature","id":"g47-23","properties":{"lst_mean_c":44.77,"ndvi_mean":0.562,"green_share_pct":98.3,"hot_share_pct":0.0,"coverage_pct":100.0,"valid_pixels":289},"geometry":{"type":"Polygon","coordinates":[[[118.92326,32.089727],[118.928556,32.089647],[118.92865,32.094155],[118.923354,32.094235],[118.92326,32.089727]]]}},{"type":"Feature","id":"g48-23","properties":{"lst_mean_c":44.12,"ndvi_mean":0.565,"green_share_pct":83.8,"hot_share_pct":0.0,"coverage_pct":100.0,"valid_pixels":272},"geometry":{"type":"Polygon","coordinates":[[[118.928556,32.089647],[118.933851,32.089566],[118.933946,32.094074],[118.92865,32.094155],[118.928556,32.089647]]]}},{"type":"Feature","id":"g49-23","properties":{"lst_mean_c":44.51,"ndvi_mean":0.607,"green_share_pct":98.3,"hot_share_pct":19.7,"coverage_pct":100.0,"valid_pixels":289},"geometry":{"type":"Polygon","coordinates":[[[118.933851,32.089566],[118.939147,32.089485],[118.939242,32.093993],[118.933946,32.094074],[118.933851,32.089566]]]}},{"type":"Feature","id":"g50-23","properties":{"lst_mean_c":41.88,"ndvi_mean":0.725,"green_share_pct":100.0,"hot_share_pct":0.0,"coverage_pct":100.0,"valid_pixels":289},"geometry":{"type":"Polygon","coordinates":[[[118.939147,32.089485],[118.944442,32.089404],[118.944538,32.093912],[118.939242,32.093993],[118.939147,32.089485]]]}},{"type":"Feature","id":"g51-23","properties":{"lst_mean_c":41.74,"ndvi_mean":0.717,"green_share_pct":99.6,"hot_share_pct":0.0,"coverage_pct":100.0,"valid_pixels":272},"geometry":{"type":"Polygon","coordinates":[[[118.944442,32.089404],[118.949738,32.089322],[118.949834,32.09383],[118.944538,32.093912],[118.944442,32.089404]]]}},{"type":"Feature","id":"g52-23","properties":{"lst_mean_c":42.28,"ndvi_mean":0.657,"green_share_pct":97.8,"hot_share_pct":0.0,"coverage_pct":100.0,"valid_pixels":136},"geometry":{"type":"Polygon","coordinates":[[[118.949738,32.089322],[118.955034,32.089241],[118.95513,32.093749],[118.949834,32.09383],[118.949738,32.089322]]]}},{"type":"Feature","id":"g0-24","properties":{"lst_mean_c":51.14,"ndvi_mean":0.411,"green_share_pct":74.5,"hot_share_pct":81.4,"coverage_pct":100.0,"valid_pixels":102},"geometry":{"type":"Polygon","coordinates":[[[118.674423,32.097772],[118.67972,32.097701],[118.679802,32.10221],[118.674505,32.10228],[118.674423,32.097772]]]}},{"type":"Feature","id":"g1-24","properties":{"lst_mean_c":46.71,"ndvi_mean":0.523,"green_share_pct":83.0,"hot_share_pct":30.1,"coverage_pct":100.0,"valid_pixels":289},"geometry":{"type":"Polygon","coordinates":[[[118.67972,32.097701],[118.685017,32.097631],[118.685099,32.10214],[118.679802,32.10221],[118.67972,32.097701]]]}},{"type":"Feature","id":"g2-24","properties":{"lst_mean_c":45.72,"ndvi_mean":0.552,"green_share_pct":94.5,"hot_share_pct":13.5,"coverage_pct":100.0,"valid_pixels":289},"geometry":{"type":"Polygon","coordinates":[[[118.685017,32.097631],[118.690313,32.09756],[118.690397,32.102069],[118.685099,32.10214],[118.685017,32.097631]]]}},{"type":"Feature","id":"g3-24","properties":{"lst_mean_c":50.69,"ndvi_mean":0.38,"green_share_pct":64.7,"hot_share_pct":95.2,"coverage_pct":100.0,"valid_pixels":272},"geometry":{"type":"Polygon","coordinates":[[[118.690313,32.09756],[118.69561,32.09749],[118.695694,32.101998],[118.690397,32.102069],[118.690313,32.09756]]]}},{"type":"Feature","id":"g4-24","properties":{"lst_mean_c":47.96,"ndvi_mean":0.448,"green_share_pct":90.0,"hot_share_pct":36.3,"coverage_pct":100.0,"valid_pixels":289},"geometry":{"type":"Polygon","coordinates":[[[118.69561,32.09749],[118.700907,32.097419],[118.700991,32.101927],[118.695694,32.101998],[118.69561,32.09749]]]}},{"type":"Feature","id":"g5-24","properties":{"lst_mean_c":50.57,"ndvi_mean":0.319,"green_share_pct":50.9,"hot_share_pct":80.6,"coverage_pct":100.0,"valid_pixels":289},"geometry":{"type":"Polygon","coordinates":[[[118.700907,32.097419],[118.706204,32.097347],[118.706288,32.101856],[118.700991,32.101927],[118.700907,32.097419]]]}},{"type":"Feature","id":"g6-24","properties":{"lst_mean_c":49.96,"ndvi_mean":0.309,"green_share_pct":46.7,"hot_share_pct":84.9,"coverage_pct":100.0,"valid_pixels":272},"geometry":{"type":"Polygon","coordinates":[[[118.706204,32.097347],[118.711501,32.097276],[118.711585,32.101785],[118.706288,32.101856],[118.706204,32.097347]]]}},{"type":"Feature","id":"g7-24","properties":{"lst_mean_c":46.51,"ndvi_mean":0.438,"green_share_pct":79.4,"hot_share_pct":26.6,"coverage_pct":99.0,"valid_pixels":286},"geometry":{"type":"Polygon","coordinates":[[[118.711501,32.097276],[118.716797,32.097204],[118.716882,32.101713],[118.711585,32.101785],[118.711501,32.097276]]]}},{"type":"Feature","id":"g12-24","properties":{"lst_mean_c":44.81,"ndvi_mean":0.379,"green_share_pct":55.5,"hot_share_pct":16.5,"coverage_pct":80.1,"valid_pixels":218},"geometry":{"type":"Polygon","coordinates":[[[118.737984,32.096915],[118.743281,32.096842],[118.743366,32.101351],[118.738069,32.101424],[118.737984,32.096915]]]}},{"type":"Feature","id":"g13-24","properties":{"lst_mean_c":46.8,"ndvi_mean":0.371,"green_share_pct":53.5,"hot_share_pct":46.9,"coverage_pct":93.8,"valid_pixels":271},"geometry":{"type":"Polygon","coordinates":[[[118.743281,32.096842],[118.748577,32.096769],[118.748663,32.101278],[118.743366,32.101351],[118.743281,32.096842]]]}},{"type":"Feature","id":"g14-24","properties":{"lst_mean_c":47.45,"ndvi_mean":0.339,"green_share_pct":55.0,"hot_share_pct":35.6,"coverage_pct":100.0,"valid_pixels":289},"geometry":{"type":"Polygon","coordinates":[[[118.748577,32.096769],[118.753874,32.096696],[118.75396,32.101205],[118.748663,32.101278],[118.748577,32.096769]]]}},{"type":"Feature","id":"g15-24","properties":{"lst_mean_c":49.82,"ndvi_mean":0.289,"green_share_pct":44.9,"hot_share_pct":67.6,"coverage_pct":100.0,"valid_pixels":272},"geometry":{"type":"Polygon","coordinates":[[[118.753874,32.096696],[118.75917,32.096623],[118.759257,32.101131],[118.75396,32.101205],[118.753874,32.096696]]]}},{"type":"Feature","id":"g16-24","properties":{"lst_mean_c":49.43,"ndvi_mean":0.277,"green_share_pct":42.2,"hot_share_pct":62.3,"coverage_pct":100.0,"valid_pixels":289},"geometry":{"type":"Polygon","coordinates":[[[118.75917,32.096623],[118.764467,32.096549],[118.764554,32.101058],[118.759257,32.101131],[118.75917,32.096623]]]}},{"type":"Feature","id":"g17-24","properties":{"lst_mean_c":48.38,"ndvi_mean":0.278,"green_share_pct":38.1,"hot_share_pct":40.5,"coverage_pct":100.0,"valid_pixels":289},"geometry":{"type":"Polygon","coordinates":[[[118.764467,32.096549],[118.769763,32.096475],[118.76985,32.100984],[118.764554,32.101058],[118.764467,32.096549]]]}},{"type":"Feature","id":"g18-24","properties":{"lst_mean_c":48.4,"ndvi_mean":0.319,"green_share_pct":51.1,"hot_share_pct":52.2,"coverage_pct":100.0,"valid_pixels":272},"geometry":{"type":"Polygon","coordinates":[[[118.769763,32.096475],[118.77506,32.096401],[118.775147,32.10091],[118.76985,32.100984],[118.769763,32.096475]]]}},{"type":"Feature","id":"g19-24","properties":{"lst_mean_c":50.29,"ndvi_mean":0.332,"green_share_pct":54.7,"hot_share_pct":90.7,"coverage_pct":100.0,"valid_pixels":289},"geometry":{"type":"Polygon","coordinates":[[[118.77506,32.096401],[118.780357,32.096327],[118.780444,32.100835],[118.775147,32.10091],[118.77506,32.096401]]]}},{"type":"Feature","id":"g20-24","properties":{"lst_mean_c":49.86,"ndvi_mean":0.333,"green_share_pct":53.6,"hot_share_pct":74.0,"coverage_pct":100.0,"valid_pixels":289},"geometry":{"type":"Polygon","coordinates":[[[118.780357,32.096327],[118.785653,32.096252],[118.785741,32.100761],[118.780444,32.100835],[118.780357,32.096327]]]}},{"type":"Feature","id":"g21-24","properties":{"lst_mean_c":48.19,"ndvi_mean":0.349,"green_share_pct":61.0,"hot_share_pct":50.0,"coverage_pct":100.0,"valid_pixels":272},"geometry":{"type":"Polygon","coordinates":[[[118.785653,32.096252],[118.790949,32.096177],[118.791037,32.100686],[118.785741,32.100761],[118.785653,32.096252]]]}},{"type":"Feature","id":"g22-24","properties":{"lst_mean_c":48.83,"ndvi_mean":0.399,"green_share_pct":77.2,"hot_share_pct":73.7,"coverage_pct":100.0,"valid_pixels":289},"geometry":{"type":"Polygon","coordinates":[[[118.790949,32.096177],[118.796246,32.096102],[118.796334,32.100611],[118.791037,32.100686],[118.790949,32.096177]]]}},{"type":"Feature","id":"g23-24","properties":{"lst_mean_c":45.79,"ndvi_mean":0.549,"green_share_pct":86.9,"hot_share_pct":21.8,"coverage_pct":100.0,"valid_pixels":289},"geometry":{"type":"Polygon","coordinates":[[[118.796246,32.096102],[118.801542,32.096027],[118.801631,32.100535],[118.796334,32.100611],[118.796246,32.096102]]]}},{"type":"Feature","id":"g24-24","properties":{"lst_mean_c":47.94,"ndvi_mean":0.374,"green_share_pct":63.6,"hot_share_pct":52.9,"coverage_pct":100.0,"valid_pixels":272},"geometry":{"type":"Polygon","coordinates":[[[118.801542,32.096027],[118.806839,32.095951],[118.806927,32.10046],[118.801631,32.100535],[118.801542,32.096027]]]}},{"type":"Feature","id":"g25-24","properties":{"lst_mean_c":45.21,"ndvi_mean":0.601,"green_share_pct":96.5,"hot_share_pct":9.3,"coverage_pct":100.0,"valid_pixels":289},"geometry":{"type":"Polygon","coordinates":[[[118.806839,32.095951],[118.812135,32.095876],[118.812224,32.100384],[118.806927,32.10046],[118.806839,32.095951]]]}},{"type":"Feature","id":"g28-24","properties":{"lst_mean_c":47.32,"ndvi_mean":0.352,"green_share_pct":58.8,"hot_share_pct":27.0,"coverage_pct":100.0,"valid_pixels":289},"geometry":{"type":"Polygon","coordinates":[[[118.822728,32.095724],[118.828024,32.095647],[118.828114,32.100156],[118.822817,32.100232],[118.822728,32.095724]]]}},{"type":"Feature","id":"g29-24","properties":{"lst_mean_c":44.15,"ndvi_mean":0.525,"green_share_pct":87.5,"hot_share_pct":5.9,"coverage_pct":100.0,"valid_pixels":289},"geometry":{"type":"Polygon","coordinates":[[[118.828024,32.095647],[118.83332,32.095571],[118.83341,32.100079],[118.828114,32.100156],[118.828024,32.095647]]]}},{"type":"Feature","id":"g30-24","properties":{"lst_mean_c":40.12,"ndvi_mean":0.702,"green_share_pct":100.0,"hot_share_pct":0.0,"coverage_pct":96.3,"valid_pixels":262},"geometry":{"type":"Polygon","coordinates":[[[118.83332,32.095571],[118.838617,32.095494],[118.838707,32.100003],[118.83341,32.100079],[118.83332,32.095571]]]}},{"type":"Feature","id":"g31-24","properties":{"lst_mean_c":39.24,"ndvi_mean":0.74,"green_share_pct":99.6,"hot_share_pct":0.0,"coverage_pct":92.4,"valid_pixels":267},"geometry":{"type":"Polygon","coordinates":[[[118.838617,32.095494],[118.843913,32.095417],[118.844004,32.099926],[118.838707,32.100003],[118.838617,32.095494]]]}},{"type":"Feature","id":"g32-24","properties":{"lst_mean_c":38.95,"ndvi_mean":0.764,"green_share_pct":100.0,"hot_share_pct":0.0,"coverage_pct":100.0,"valid_pixels":289},"geometry":{"type":"Polygon","coordinates":[[[118.843913,32.095417],[118.849209,32.09534],[118.8493,32.099848],[118.844004,32.099926],[118.843913,32.095417]]]}},{"type":"Feature","id":"g33-24","properties":{"lst_mean_c":42.01,"ndvi_mean":0.679,"green_share_pct":96.0,"hot_share_pct":0.0,"coverage_pct":100.0,"valid_pixels":272},"geometry":{"type":"Polygon","coordinates":[[[118.849209,32.09534],[118.854505,32.095262],[118.854597,32.099771],[118.8493,32.099848],[118.849209,32.09534]]]}},{"type":"Feature","id":"g34-24","properties":{"lst_mean_c":43.7,"ndvi_mean":0.587,"green_share_pct":98.2,"hot_share_pct":0.0,"coverage_pct":97.9,"valid_pixels":283},"geometry":{"type":"Polygon","coordinates":[[[118.854505,32.095262],[118.859802,32.095185],[118.859893,32.099693],[118.854597,32.099771],[118.854505,32.095262]]]}},{"type":"Feature","id":"g36-24","properties":{"lst_mean_c":45.21,"ndvi_mean":0.614,"green_share_pct":99.0,"hot_share_pct":0.0,"coverage_pct":74.6,"valid_pixels":203},"geometry":{"type":"Polygon","coordinates":[[[118.865098,32.095107],[118.870394,32.095029],[118.870486,32.099537],[118.865189,32.099615],[118.865098,32.095107]]]}},{"type":"Feature","id":"g39-24","properties":{"lst_mean_c":46.75,"ndvi_mean":0.502,"green_share_pct":82.2,"hot_share_pct":13.1,"coverage_pct":78.7,"valid_pixels":214},"geometry":{"type":"Polygon","coordinates":[[[118.880986,32.094872],[118.886282,32.094793],[118.886375,32.099301],[118.881079,32.09938],[118.880986,32.094872]]]}},{"type":"Feature","id":"g40-24","properties":{"lst_mean_c":47.36,"ndvi_mean":0.447,"green_share_pct":75.6,"hot_share_pct":32.0,"coverage_pct":92.0,"valid_pixels":266},"geometry":{"type":"Polygon","coordinates":[[[118.886282,32.094793],[118.891578,32.094714],[118.891671,32.099222],[118.886375,32.099301],[118.886282,32.094793]]]}},{"type":"Feature","id":"g44-24","properties":{"lst_mean_c":46.85,"ndvi_mean":0.447,"green_share_pct":80.5,"hot_share_pct":26.1,"coverage_pct":88.9,"valid_pixels":257},"geometry":{"type":"Polygon","coordinates":[[[118.907466,32.094476],[118.912762,32.094396],[118.912856,32.098904],[118.90756,32.098984],[118.907466,32.094476]]]}},{"type":"Feature","id":"g45-24","properties":{"lst_mean_c":49.08,"ndvi_mean":0.437,"green_share_pct":79.0,"hot_share_pct":58.5,"coverage_pct":100.0,"valid_pixels":272},"geometry":{"type":"Polygon","coordinates":[[[118.912762,32.094396],[118.918058,32.094316],[118.918153,32.098824],[118.912856,32.098904],[118.912762,32.094396]]]}},{"type":"Feature","id":"g46-24","properties":{"lst_mean_c":46.98,"ndvi_mean":0.495,"green_share_pct":92.7,"hot_share_pct":9.0,"coverage_pct":100.0,"valid_pixels":289},"geometry":{"type":"Polygon","coordinates":[[[118.918058,32.094316],[118.923354,32.094235],[118.923449,32.098744],[118.918153,32.098824],[118.918058,32.094316]]]}},{"type":"Feature","id":"g47-24","properties":{"lst_mean_c":47.11,"ndvi_mean":0.495,"green_share_pct":92.7,"hot_share_pct":18.3,"coverage_pct":100.0,"valid_pixels":289},"geometry":{"type":"Polygon","coordinates":[[[118.923354,32.094235],[118.92865,32.094155],[118.928745,32.098663],[118.923449,32.098744],[118.923354,32.094235]]]}},{"type":"Feature","id":"g48-24","properties":{"lst_mean_c":46.16,"ndvi_mean":0.542,"green_share_pct":91.1,"hot_share_pct":18.9,"coverage_pct":99.3,"valid_pixels":270},"geometry":{"type":"Polygon","coordinates":[[[118.92865,32.094155],[118.933946,32.094074],[118.934041,32.098582],[118.928745,32.098663],[118.92865,32.094155]]]}},{"type":"Feature","id":"g49-24","properties":{"lst_mean_c":45.4,"ndvi_mean":0.628,"green_share_pct":96.9,"hot_share_pct":15.6,"coverage_pct":100.0,"valid_pixels":289},"geometry":{"type":"Polygon","coordinates":[[[118.933946,32.094074],[118.939242,32.093993],[118.939337,32.098501],[118.934041,32.098582],[118.933946,32.094074]]]}},{"type":"Feature","id":"g50-24","properties":{"lst_mean_c":43.51,"ndvi_mean":0.661,"green_share_pct":100.0,"hot_share_pct":4.2,"coverage_pct":100.0,"valid_pixels":289},"geometry":{"type":"Polygon","coordinates":[[[118.939242,32.093993],[118.944538,32.093912],[118.944633,32.09842],[118.939337,32.098501],[118.939242,32.093993]]]}},{"type":"Feature","id":"g51-24","properties":{"lst_mean_c":42.8,"ndvi_mean":0.685,"green_share_pct":98.9,"hot_share_pct":0.0,"coverage_pct":100.0,"valid_pixels":272},"geometry":{"type":"Polygon","coordinates":[[[118.944538,32.093912],[118.949834,32.09383],[118.94993,32.098339],[118.944633,32.09842],[118.944538,32.093912]]]}},{"type":"Feature","id":"g52-24","properties":{"lst_mean_c":43.64,"ndvi_mean":0.513,"green_share_pct":91.1,"hot_share_pct":0.0,"coverage_pct":99.3,"valid_pixels":135},"geometry":{"type":"Polygon","coordinates":[[[118.949834,32.09383],[118.95513,32.093749],[118.955226,32.098257],[118.94993,32.098339],[118.949834,32.09383]]]}},{"type":"Feature","id":"g0-25","properties":{"lst_mean_c":48.15,"ndvi_mean":0.445,"green_share_pct":92.7,"hot_share_pct":54.2,"coverage_pct":100.0,"valid_pixels":96},"geometry":{"type":"Polygon","coordinates":[[[118.674505,32.10228],[118.679802,32.10221],[118.679885,32.106719],[118.674588,32.106789],[118.674505,32.10228]]]}},{"type":"Feature","id":"g1-25","properties":{"lst_mean_c":46.69,"ndvi_mean":0.422,"green_share_pct":80.9,"hot_share_pct":16.5,"coverage_pct":100.0,"valid_pixels":272},"geometry":{"type":"Polygon","coordinates":[[[118.679802,32.10221],[118.685099,32.10214],[118.685182,32.106649],[118.679885,32.106719],[118.679802,32.10221]]]}},{"type":"Feature","id":"g2-25","properties":{"lst_mean_c":47.88,"ndvi_mean":0.51,"green_share_pct":83.8,"hot_share_pct":44.9,"coverage_pct":100.0,"valid_pixels":272},"geometry":{"type":"Polygon","coordinates":[[[118.685099,32.10214],[118.690397,32.102069],[118.69048,32.106578],[118.685182,32.106649],[118.685099,32.10214]]]}},{"type":"Feature","id":"g3-25","properties":{"lst_mean_c":50.5,"ndvi_mean":0.406,"green_share_pct":75.4,"hot_share_pct":84.8,"coverage_pct":100.0,"valid_pixels":256},"geometry":{"type":"Polygon","coordinates":[[[118.690397,32.102069],[118.695694,32.101998],[118.695777,32.106507],[118.69048,32.106578],[118.690397,32.102069]]]}},{"type":"Feature","id":"g4-25","properties":{"lst_mean_c":48.23,"ndvi_mean":0.435,"green_share_pct":65.1,"hot_share_pct":52.6,"coverage_pct":100.0,"valid_pixels":272},"geometry":{"type":"Polygon","coordinates":[[[118.695694,32.101998],[118.700991,32.101927],[118.701074,32.106436],[118.695777,32.106507],[118.695694,32.101998]]]}},{"type":"Feature","id":"g5-25","properties":{"lst_mean_c":52.48,"ndvi_mean":0.321,"green_share_pct":44.8,"hot_share_pct":94.1,"coverage_pct":99.3,"valid_pixels":270},"geometry":{"type":"Polygon","coordinates":[[[118.700991,32.101927],[118.706288,32.101856],[118.706372,32.106365],[118.701074,32.106436],[118.700991,32.101927]]]}},{"type":"Feature","id":"g6-25","properties":{"lst_mean_c":50.32,"ndvi_mean":0.414,"green_share_pct":70.2,"hot_share_pct":71.8,"coverage_pct":99.6,"valid_pixels":255},"geometry":{"type":"Polygon","coordinates":[[[118.706288,32.101856],[118.711585,32.101785],[118.711669,32.106293],[118.706372,32.106365],[118.706288,32.101856]]]}},{"type":"Feature","id":"g7-25","properties":{"lst_mean_c":44.81,"ndvi_mean":0.578,"green_share_pct":94.0,"hot_share_pct":19.2,"coverage_pct":97.8,"valid_pixels":266},"geometry":{"type":"Polygon","coordinates":[[[118.711585,32.101785],[118.716882,32.101713],[118.716966,32.106222],[118.711669,32.106293],[118.711585,32.101785]]]}},{"type":"Feature","id":"g8-25","properties":{"lst_mean_c":42.12,"ndvi_mean":0.521,"green_share_pct":90.8,"hot_share_pct":0.0,"coverage_pct":91.9,"valid_pixels":250},"geometry":{"type":"Polygon","coordinates":[[[118.716882,32.101713],[118.722179,32.101641],[118.722263,32.10615],[118.716966,32.106222],[118.716882,32.101713]]]}},{"type":"Feature","id":"g12-25","properties":{"lst_mean_c":48.46,"ndvi_mean":0.298,"green_share_pct":46.4,"hot_share_pct":57.0,"coverage_pct":91.8,"valid_pixels":235},"geometry":{"type":"Polygon","coordinates":[[[118.738069,32.101424],[118.743366,32.101351],[118.743452,32.10586],[118.738155,32.105933],[118.738069,32.101424]]]}},{"type":"Feature","id":"g13-25","properties":{"lst_mean_c":48.82,"ndvi_mean":0.287,"green_share_pct":44.9,"hot_share_pct":66.9,"coverage_pct":86.8,"valid_pixels":236},"geometry":{"type":"Polygon","coordinates":[[[118.743366,32.101351],[118.748663,32.101278],[118.748749,32.105787],[118.743452,32.10586],[118.743366,32.101351]]]}},{"type":"Feature","id":"g14-25","properties":{"lst_mean_c":45.74,"ndvi_mean":0.372,"green_share_pct":67.9,"hot_share_pct":9.6,"coverage_pct":99.6,"valid_pixels":271},"geometry":{"type":"Polygon","coordinates":[[[118.748663,32.101278],[118.75396,32.101205],[118.754046,32.105714],[118.748749,32.105787],[118.748663,32.101278]]]}},{"type":"Feature","id":"g15-25","properties":{"lst_mean_c":46.4,"ndvi_mean":0.408,"green_share_pct":68.8,"hot_share_pct":24.6,"coverage_pct":100.0,"valid_pixels":256},"geometry":{"type":"Polygon","coordinates":[[[118.75396,32.101205],[118.759257,32.101131],[118.759343,32.10564],[118.754046,32.105714],[118.75396,32.101205]]]}},{"type":"Feature","id":"g16-25","properties":{"lst_mean_c":46.01,"ndvi_mean":0.425,"green_share_pct":75.0,"hot_share_pct":12.5,"coverage_pct":100.0,"valid_pixels":272},"geometry":{"type":"Polygon","coordinates":[[[118.759257,32.101131],[118.764554,32.101058],[118.76464,32.105566],[118.759343,32.10564],[118.759257,32.101131]]]}},{"type":"Feature","id":"g17-25","properties":{"lst_mean_c":46.32,"ndvi_mean":0.42,"green_share_pct":86.0,"hot_share_pct":21.4,"coverage_pct":94.5,"valid_pixels":257},"geometry":{"type":"Polygon","coordinates":[[[118.764554,32.101058],[118.76985,32.100984],[118.769937,32.105492],[118.76464,32.105566],[118.764554,32.101058]]]}},{"type":"Feature","id":"g18-25","properties":{"lst_mean_c":49.92,"ndvi_mean":0.355,"green_share_pct":62.6,"hot_share_pct":69.3,"coverage_pct":63.7,"valid_pixels":163},"geometry":{"type":"Polygon","coordinates":[[[118.76985,32.100984],[118.775147,32.10091],[118.775234,32.105418],[118.769937,32.105492],[118.76985,32.100984]]]}},{"type":"Feature","id":"g19-25","properties":{"lst_mean_c":49.93,"ndvi_mean":0.404,"green_share_pct":71.3,"hot_share_pct":80.1,"coverage_pct":100.0,"valid_pixels":272},"geometry":{"type":"Polygon","coordinates":[[[118.775147,32.10091],[118.780444,32.100835],[118.780532,32.105344],[118.775234,32.105418],[118.775147,32.10091]]]}},{"type":"Feature","id":"g20-25","properties":{"lst_mean_c":54.87,"ndvi_mean":0.355,"green_share_pct":61.8,"hot_share_pct":98.5,"coverage_pct":100.0,"valid_pixels":272},"geometry":{"type":"Polygon","coordinates":[[[118.780444,32.100835],[118.785741,32.100761],[118.785828,32.105269],[118.780532,32.105344],[118.780444,32.100835]]]}},{"type":"Feature","id":"g21-25","properties":{"lst_mean_c":47.34,"ndvi_mean":0.401,"green_share_pct":80.1,"hot_share_pct":30.5,"coverage_pct":100.0,"valid_pixels":256},"geometry":{"type":"Polygon","coordinates":[[[118.785741,32.100761],[118.791037,32.100686],[118.791125,32.105194],[118.785828,32.105269],[118.785741,32.100761]]]}},{"type":"Feature","id":"g22-25","properties":{"lst_mean_c":46.66,"ndvi_mean":0.468,"green_share_pct":84.9,"hot_share_pct":41.2,"coverage_pct":100.0,"valid_pixels":272},"geometry":{"type":"Polygon","coordinates":[[[118.791037,32.100686],[118.796334,32.100611],[118.796422,32.105119],[118.791125,32.105194],[118.791037,32.100686]]]}},{"type":"Feature","id":"g23-25","properties":{"lst_mean_c":50.13,"ndvi_mean":0.354,"green_share_pct":65.4,"hot_share_pct":90.8,"coverage_pct":100.0,"valid_pixels":272},"geometry":{"type":"Polygon","coordinates":[[[118.796334,32.100611],[118.801631,32.100535],[118.801719,32.105044],[118.796422,32.105119],[118.796334,32.100611]]]}},{"type":"Feature","id":"g24-25","properties":{"lst_mean_c":48.27,"ndvi_mean":0.361,"green_share_pct":59.8,"hot_share_pct":58.3,"coverage_pct":77.7,"valid_pixels":199},"geometry":{"type":"Polygon","coordinates":[[[118.801631,32.100535],[118.806927,32.10046],[118.807016,32.104969],[118.801719,32.105044],[118.801631,32.100535]]]}},{"type":"Feature","id":"g25-25","properties":{"lst_mean_c":47.73,"ndvi_mean":0.432,"green_share_pct":79.0,"hot_share_pct":36.0,"coverage_pct":100.0,"valid_pixels":272},"geometry":{"type":"Polygon","coordinates":[[[118.806927,32.10046],[118.812224,32.100384],[118.812313,32.104893],[118.807016,32.104969],[118.806927,32.10046]]]}},{"type":"Feature","id":"g26-25","properties":{"lst_mean_c":47.75,"ndvi_mean":0.459,"green_share_pct":88.2,"hot_share_pct":38.2,"coverage_pct":68.4,"valid_pixels":186},"geometry":{"type":"Polygon","coordinates":[[[118.812224,32.100384],[118.817521,32.100308],[118.81761,32.104817],[118.812313,32.104893],[118.812224,32.100384]]]}},{"type":"Feature","id":"g28-25","properties":{"lst_mean_c":48.93,"ndvi_mean":0.331,"green_share_pct":59.5,"hot_share_pct":76.1,"coverage_pct":97.1,"valid_pixels":264},"geometry":{"type":"Polygon","coordinates":[[[118.822817,32.100232],[118.828114,32.100156],[118.828204,32.104664],[118.822907,32.104741],[118.822817,32.100232]]]}},{"type":"Feature","id":"g29-25","properties":{"lst_mean_c":45.45,"ndvi_mean":0.48,"green_share_pct":94.9,"hot_share_pct":0.4,"coverage_pct":100.0,"valid_pixels":272},"geometry":{"type":"Polygon","coordinates":[[[118.828114,32.100156],[118.83341,32.100079],[118.833501,32.104588],[118.828204,32.104664],[118.828114,32.100156]]]}},{"type":"Feature","id":"g30-25","properties":{"lst_mean_c":43.84,"ndvi_mean":0.55,"green_share_pct":92.2,"hot_share_pct":0.4,"coverage_pct":100.0,"valid_pixels":256},"geometry":{"type":"Polygon","coordinates":[[[118.83341,32.100079],[118.838707,32.100003],[118.838797,32.104511],[118.833501,32.104588],[118.83341,32.100079]]]}},{"type":"Feature","id":"g31-25","properties":{"lst_mean_c":41.38,"ndvi_mean":0.633,"green_share_pct":93.8,"hot_share_pct":1.8,"coverage_pct":100.0,"valid_pixels":272},"geometry":{"type":"Polygon","coordinates":[[[118.838707,32.100003],[118.844004,32.099926],[118.844094,32.104434],[118.838797,32.104511],[118.838707,32.100003]]]}},{"type":"Feature","id":"g32-25","properties":{"lst_mean_c":40.01,"ndvi_mean":0.76,"green_share_pct":97.8,"hot_share_pct":0.0,"coverage_pct":100.0,"valid_pixels":272},"geometry":{"type":"Polygon","coordinates":[[[118.844004,32.099926],[118.8493,32.099848],[118.849391,32.104357],[118.844094,32.104434],[118.844004,32.099926]]]}},{"type":"Feature","id":"g33-25","properties":{"lst_mean_c":43.68,"ndvi_mean":0.575,"green_share_pct":86.3,"hot_share_pct":0.0,"coverage_pct":100.0,"valid_pixels":256},"geometry":{"type":"Polygon","coordinates":[[[118.8493,32.099848],[118.854597,32.099771],[118.854688,32.104279],[118.849391,32.104357],[118.8493,32.099848]]]}},{"type":"Feature","id":"g34-25","properties":{"lst_mean_c":42.22,"ndvi_mean":0.67,"green_share_pct":98.5,"hot_share_pct":0.0,"coverage_pct":100.0,"valid_pixels":272},"geometry":{"type":"Polygon","coordinates":[[[118.854597,32.099771],[118.859893,32.099693],[118.859984,32.104202],[118.854688,32.104279],[118.854597,32.099771]]]}},{"type":"Feature","id":"g35-25","properties":{"lst_mean_c":41.53,"ndvi_mean":0.778,"green_share_pct":100.0,"hot_share_pct":0.0,"coverage_pct":94.1,"valid_pixels":256},"geometry":{"type":"Polygon","coordinates":[[[118.859893,32.099693],[118.865189,32.099615],[118.865281,32.104124],[118.859984,32.104202],[118.859893,32.099693]]]}},{"type":"Feature","id":"g36-25","properties":{"lst_mean_c":43.13,"ndvi_mean":0.708,"green_share_pct":98.8,"hot_share_pct":0.0,"coverage_pct":98.0,"valid_pixels":251},"geometry":{"type":"Polygon","coordinates":[[[118.865189,32.099615],[118.870486,32.099537],[118.870578,32.104046],[118.865281,32.104124],[118.865189,32.099615]]]}},{"type":"Feature","id":"g37-25","properties":{"lst_mean_c":42.34,"ndvi_mean":0.737,"green_share_pct":100.0,"hot_share_pct":0.0,"coverage_pct":62.5,"valid_pixels":170},"geometry":{"type":"Polygon","coordinates":[[[118.870486,32.099537],[118.875782,32.099459],[118.875874,32.103967],[118.870578,32.104046],[118.870486,32.099537]]]}},{"type":"Feature","id":"g45-25","properties":{"lst_mean_c":45.65,"ndvi_mean":0.517,"green_share_pct":89.8,"hot_share_pct":7.4,"coverage_pct":100.0,"valid_pixels":256},"geometry":{"type":"Polygon","coordinates":[[[118.912856,32.098904],[118.918153,32.098824],[118.918247,32.103332],[118.91295,32.103412],[118.912856,32.098904]]]}},{"type":"Feature","id":"g46-25","properties":{"lst_mean_c":46.92,"ndvi_mean":0.368,"green_share_pct":54.5,"hot_share_pct":14.8,"coverage_pct":97.1,"valid_pixels":264},"geometry":{"type":"Polygon","coordinates":[[[118.918153,32.098824],[118.923449,32.098744],[118.923543,32.103252],[118.918247,32.103332],[118.918153,32.098824]]]}},{"type":"Feature","id":"g47-25","properties":{"lst_mean_c":46.66,"ndvi_mean":0.481,"green_share_pct":84.1,"hot_share_pct":12.9,"coverage_pct":99.6,"valid_pixels":271},"geometry":{"type":"Polygon","coordinates":[[[118.923449,32.098744],[118.928745,32.098663],[118.92884,32.103171],[118.923543,32.103252],[118.923449,32.098744]]]}},{"type":"Feature","id":"g48-25","properties":{"lst_mean_c":48.2,"ndvi_mean":0.463,"green_share_pct":86.3,"hot_share_pct":39.5,"coverage_pct":100.0,"valid_pixels":256},"geometry":{"type":"Polygon","coordinates":[[[118.928745,32.098663],[118.934041,32.098582],[118.934136,32.103091],[118.92884,32.103171],[118.928745,32.098663]]]}},{"type":"Feature","id":"g49-25","properties":{"lst_mean_c":49.25,"ndvi_mean":0.485,"green_share_pct":90.8,"hot_share_pct":61.8,"coverage_pct":100.0,"valid_pixels":272},"geometry":{"type":"Polygon","coordinates":[[[118.934041,32.098582],[118.939337,32.098501],[118.939433,32.10301],[118.934136,32.103091],[118.934041,32.098582]]]}},{"type":"Feature","id":"g50-25","properties":{"lst_mean_c":41.0,"ndvi_mean":0.716,"green_share_pct":99.6,"hot_share_pct":0.0,"coverage_pct":100.0,"valid_pixels":272},"geometry":{"type":"Polygon","coordinates":[[[118.939337,32.098501],[118.944633,32.09842],[118.944729,32.102928],[118.939433,32.10301],[118.939337,32.098501]]]}},{"type":"Feature","id":"g51-25","properties":{"lst_mean_c":41.38,"ndvi_mean":0.691,"green_share_pct":100.0,"hot_share_pct":0.0,"coverage_pct":100.0,"valid_pixels":256},"geometry":{"type":"Polygon","coordinates":[[[118.944633,32.09842],[118.94993,32.098339],[118.950025,32.102847],[118.944729,32.102928],[118.944633,32.09842]]]}},{"type":"Feature","id":"g52-25","properties":{"lst_mean_c":43.39,"ndvi_mean":0.559,"green_share_pct":99.2,"hot_share_pct":0.0,"coverage_pct":100.0,"valid_pixels":128},"geometry":{"type":"Polygon","coordinates":[[[118.94993,32.098339],[118.955226,32.098257],[118.955322,32.102765],[118.950025,32.102847],[118.94993,32.098339]]]}},{"type":"Feature","id":"g0-26","properties":{"lst_mean_c":46.24,"ndvi_mean":0.548,"green_share_pct":86.3,"hot_share_pct":14.7,"coverage_pct":100.0,"valid_pixels":102},"geometry":{"type":"Polygon","coordinates":[[[118.674588,32.106789],[118.679885,32.106719],[118.679967,32.111228],[118.67467,32.111298],[118.674588,32.106789]]]}},{"type":"Feature","id":"g1-26","properties":{"lst_mean_c":46.99,"ndvi_mean":0.454,"green_share_pct":85.8,"hot_share_pct":21.5,"coverage_pct":100.0,"valid_pixels":289},"geometry":{"type":"Polygon","coordinates":[[[118.679885,32.106719],[118.685182,32.106649],[118.685265,32.111158],[118.679967,32.111228],[118.679885,32.106719]]]}},{"type":"Feature","id":"g2-26","properties":{"lst_mean_c":46.89,"ndvi_mean":0.443,"green_share_pct":81.3,"hot_share_pct":26.0,"coverage_pct":100.0,"valid_pixels":289},"geometry":{"type":"Polygon","coordinates":[[[118.685182,32.106649],[118.69048,32.106578],[118.690563,32.111087],[118.685265,32.111158],[118.685182,32.106649]]]}},{"type":"Feature","id":"g3-26","properties":{"lst_mean_c":46.95,"ndvi_mean":0.379,"green_share_pct":62.1,"hot_share_pct":21.0,"coverage_pct":100.0,"valid_pixels":272},"geometry":{"type":"Polygon","coordinates":[[[118.69048,32.106578],[118.695777,32.106507],[118.69586,32.111016],[118.690563,32.111087],[118.69048,32.106578]]]}},{"type":"Feature","id":"g4-26","properties":{"lst_mean_c":48.66,"ndvi_mean":0.413,"green_share_pct":81.7,"hot_share_pct":56.1,"coverage_pct":100.0,"valid_pixels":289},"geometry":{"type":"Polygon","coordinates":[[[118.695777,32.106507],[118.701074,32.106436],[118.701158,32.110945],[118.69586,32.111016],[118.695777,32.106507]]]}},{"type":"Feature","id":"g5-26","properties":{"lst_mean_c":50.89,"ndvi_mean":0.376,"green_share_pct":68.2,"hot_share_pct":93.8,"coverage_pct":100.0,"valid_pixels":289},"geometry":{"type":"Polygon","coordinates":[[[118.701074,32.106436],[118.706372,32.106365],[118.706455,32.110874],[118.701158,32.110945],[118.701074,32.106436]]]}},{"type":"Feature","id":"g6-26","properties":{"lst_mean_c":52.67,"ndvi_mean":0.356,"green_share_pct":61.4,"hot_share_pct":99.3,"coverage_pct":100.0,"valid_pixels":272},"geometry":{"type":"Polygon","coordinates":[[[118.706372,32.106365],[118.711669,32.106293],[118.711753,32.110802],[118.706455,32.110874],[118.706372,32.106365]]]}},{"type":"Feature","id":"g7-26","properties":{"lst_mean_c":50.58,"ndvi_mean":0.371,"green_share_pct":62.3,"hot_share_pct":84.4,"coverage_pct":100.0,"valid_pixels":289},"geometry":{"type":"Polygon","coordinates":[[[118.711669,32.106293],[118.716966,32.106222],[118.71705,32.110731],[118.711753,32.110802],[118.711669,32.106293]]]}},{"type":"Feature","id":"g8-26","properties":{"lst_mean_c":46.39,"ndvi_mean":0.458,"green_share_pct":81.0,"hot_share_pct":32.3,"coverage_pct":96.5,"valid_pixels":279},"geometry":{"type":"Polygon","coordinates":[[[118.716966,32.106222],[118.722263,32.10615],[118.722348,32.110659],[118.71705,32.110731],[118.716966,32.106222]]]}},{"type":"Feature","id":"g14-26","properties":{"lst_mean_c":48.24,"ndvi_mean":0.372,"green_share_pct":71.2,"hot_share_pct":61.3,"coverage_pct":93.8,"valid_pixels":271},"geometry":{"type":"Polygon","coordinates":[[[118.748749,32.105787],[118.754046,32.105714],[118.754132,32.110222],[118.748835,32.110296],[118.748749,32.105787]]]}},{"type":"Feature","id":"g15-26","properties":{"lst_mean_c":48.1,"ndvi_mean":0.373,"green_share_pct":68.4,"hot_share_pct":47.8,"coverage_pct":100.0,"valid_pixels":272},"geometry":{"type":"Polygon","coordinates":[[[118.754046,32.105714],[118.759343,32.10564],[118.75943,32.110149],[118.754132,32.110222],[118.754046,32.105714]]]}},{"type":"Feature","id":"g16-26","properties":{"lst_mean_c":44.98,"ndvi_mean":0.454,"green_share_pct":87.2,"hot_share_pct":6.2,"coverage_pct":100.0,"valid_pixels":289},"geometry":{"type":"Polygon","coordinates":[[[118.759343,32.10564],[118.76464,32.105566],[118.764727,32.110075],[118.75943,32.110149],[118.759343,32.10564]]]}},{"type":"Feature","id":"g17-26","properties":{"lst_mean_c":44.77,"ndvi_mean":0.422,"green_share_pct":74.3,"hot_share_pct":4.8,"coverage_pct":72.7,"valid_pixels":210},"geometry":{"type":"Polygon","coordinates":[[[118.76464,32.105566],[118.769937,32.105492],[118.770024,32.110001],[118.764727,32.110075],[118.76464,32.105566]]]}},{"type":"Feature","id":"g19-26","properties":{"lst_mean_c":47.35,"ndvi_mean":0.381,"green_share_pct":66.1,"hot_share_pct":37.0,"coverage_pct":100.0,"valid_pixels":289},"geometry":{"type":"Polygon","coordinates":[[[118.775234,32.105418],[118.780532,32.105344],[118.780619,32.109852],[118.775322,32.109927],[118.775234,32.105418]]]}},{"type":"Feature","id":"g20-26","properties":{"lst_mean_c":44.26,"ndvi_mean":0.532,"green_share_pct":91.0,"hot_share_pct":9.3,"coverage_pct":100.0,"valid_pixels":289},"geometry":{"type":"Polygon","coordinates":[[[118.780532,32.105344],[118.785828,32.105269],[118.785916,32.109778],[118.780619,32.109852],[118.780532,32.105344]]]}},{"type":"Feature","id":"g21-26","properties":{"lst_mean_c":47.22,"ndvi_mean":0.43,"green_share_pct":78.7,"hot_share_pct":27.2,"coverage_pct":100.0,"valid_pixels":272},"geometry":{"type":"Polygon","coordinates":[[[118.785828,32.105269],[118.791125,32.105194],[118.791214,32.109703],[118.785916,32.109778],[118.785828,32.105269]]]}},{"type":"Feature","id":"g22-26","properties":{"lst_mean_c":45.81,"ndvi_mean":0.491,"green_share_pct":88.6,"hot_share_pct":12.5,"coverage_pct":100.0,"valid_pixels":289},"geometry":{"type":"Polygon","coordinates":[[[118.791125,32.105194],[118.796422,32.105119],[118.796511,32.109628],[118.791214,32.109703],[118.791125,32.105194]]]}},{"type":"Feature","id":"g23-26","properties":{"lst_mean_c":47.66,"ndvi_mean":0.426,"green_share_pct":73.1,"hot_share_pct":47.8,"coverage_pct":86.2,"valid_pixels":249},"geometry":{"type":"Polygon","coordinates":[[[118.796422,32.105119],[118.801719,32.105044],[118.801808,32.109553],[118.796511,32.109628],[118.796422,32.105119]]]}},{"type":"Feature","id":"g25-26","properties":{"lst_mean_c":47.41,"ndvi_mean":0.409,"green_share_pct":73.0,"hot_share_pct":38.4,"coverage_pct":100.0,"valid_pixels":289},"geometry":{"type":"Polygon","coordinates":[[[118.807016,32.104969],[118.812313,32.104893],[118.812402,32.109401],[118.807105,32.109477],[118.807016,32.104969]]]}},{"type":"Feature","id":"g26-26","properties":{"lst_mean_c":47.67,"ndvi_mean":0.442,"green_share_pct":78.3,"hot_share_pct":39.1,"coverage_pct":71.6,"valid_pixels":207},"geometry":{"type":"Polygon","coordinates":[[[118.812313,32.104893],[118.81761,32.104817],[118.817699,32.109326],[118.812402,32.109401],[118.812313,32.104893]]]}},{"type":"Feature","id":"g28-26","properties":{"lst_mean_c":48.1,"ndvi_mean":0.412,"green_share_pct":66.7,"hot_share_pct":44.7,"coverage_pct":82.0,"valid_pixels":237},"geometry":{"type":"Polygon","coordinates":[[[118.822907,32.104741],[118.828204,32.104664],[118.828294,32.109173],[118.822997,32.109249],[118.822907,32.104741]]]}},{"type":"Feature","id":"g29-26","properties":{"lst_mean_c":48.26,"ndvi_mean":0.418,"green_share_pct":77.5,"hot_share_pct":42.6,"coverage_pct":100.0,"valid_pixels":289},"geometry":{"type":"Polygon","coordinates":[[[118.828204,32.104664],[118.833501,32.104588],[118.833591,32.109096],[118.828294,32.109173],[118.828204,32.104664]]]}},{"type":"Feature","id":"g30-26","properties":{"lst_mean_c":47.71,"ndvi_mean":0.421,"green_share_pct":87.5,"hot_share_pct":22.1,"coverage_pct":100.0,"valid_pixels":272},"geometry":{"type":"Polygon","coordinates":[[[118.833501,32.104588],[118.838797,32.104511],[118.838888,32.10902],[118.833591,32.109096],[118.833501,32.104588]]]}},{"type":"Feature","id":"g31-26","properties":{"lst_mean_c":46.49,"ndvi_mean":0.447,"green_share_pct":89.6,"hot_share_pct":13.5,"coverage_pct":100.0,"valid_pixels":289},"geometry":{"type":"Polygon","coordinates":[[[118.838797,32.104511],[118.844094,32.104434],[118.844185,32.108942],[118.838888,32.10902],[118.838797,32.104511]]]}},{"type":"Feature","id":"g32-26","properties":{"lst_mean_c":46.25,"ndvi_mean":0.517,"green_share_pct":79.6,"hot_share_pct":27.0,"coverage_pct":100.0,"valid_pixels":289},"geometry":{"type":"Polygon","coordinates":[[[118.844094,32.104434],[118.849391,32.104357],[118.849482,32.108865],[118.844185,32.108942],[118.844094,32.104434]]]}},{"type":"Feature","id":"g33-26","properties":{"lst_mean_c":47.4,"ndvi_mean":0.452,"green_share_pct":71.1,"hot_share_pct":38.7,"coverage_pct":97.8,"valid_pixels":266},"geometry":{"type":"Polygon","coordinates":[[[118.849391,32.104357],[118.854688,32.104279],[118.854779,32.108788],[118.849482,32.108865],[118.849391,32.104357]]]}},{"type":"Feature","id":"g34-26","properties":{"lst_mean_c":44.23,"ndvi_mean":0.595,"green_share_pct":94.4,"hot_share_pct":0.0,"coverage_pct":61.6,"valid_pixels":178},"geometry":{"type":"Polygon","coordinates":[[[118.854688,32.104279],[118.859984,32.104202],[118.860076,32.10871],[118.854779,32.108788],[118.854688,32.104279]]]}},{"type":"Feature","id":"g35-26","properties":{"lst_mean_c":44.82,"ndvi_mean":0.585,"green_share_pct":94.5,"hot_share_pct":2.1,"coverage_pct":100.0,"valid_pixels":289},"geometry":{"type":"Polygon","coordinates":[[[118.859984,32.104202],[118.865281,32.104124],[118.865373,32.108632],[118.860076,32.10871],[118.859984,32.104202]]]}},{"type":"Feature","id":"g36-26","properties":{"lst_mean_c":44.54,"ndvi_mean":0.636,"green_share_pct":94.5,"hot_share_pct":9.2,"coverage_pct":100.0,"valid_pixels":272},"geometry":{"type":"Polygon","coordinates":[[[118.865281,32.104124],[118.870578,32.104046],[118.87067,32.108554],[118.865373,32.108632],[118.865281,32.104124]]]}},{"type":"Feature","id":"g37-26","properties":{"lst_mean_c":46.99,"ndvi_mean":0.569,"green_share_pct":91.3,"hot_share_pct":47.6,"coverage_pct":99.7,"valid_pixels":288},"geometry":{"type":"Polygon","coordinates":[[[118.870578,32.104046],[118.875874,32.103967],[118.875967,32.108476],[118.87067,32.108554],[118.870578,32.104046]]]}},{"type":"Feature","id":"g38-26","properties":{"lst_mean_c":48.71,"ndvi_mean":0.442,"green_share_pct":76.1,"hot_share_pct":68.5,"coverage_pct":95.5,"valid_pixels":276},"geometry":{"type":"Polygon","coordinates":[[[118.875874,32.103967],[118.881171,32.103889],[118.881264,32.108397],[118.875967,32.108476],[118.875874,32.103967]]]}},{"type":"Feature","id":"g41-26","properties":{"lst_mean_c":41.6,"ndvi_mean":0.726,"green_share_pct":100.0,"hot_share_pct":0.0,"coverage_pct":67.1,"valid_pixels":194},"geometry":{"type":"Polygon","coordinates":[[[118.891764,32.103731],[118.897061,32.103651],[118.897154,32.10816],[118.891857,32.108239],[118.891764,32.103731]]]}},{"type":"Feature","id":"g45-26","properties":{"lst_mean_c":46.65,"ndvi_mean":0.518,"green_share_pct":84.8,"hot_share_pct":28.7,"coverage_pct":89.7,"valid_pixels":244},"geometry":{"type":"Polygon","coordinates":[[[118.91295,32.103412],[118.918247,32.103332],[118.918341,32.107841],[118.913044,32.107921],[118.91295,32.103412]]]}},{"type":"Feature","id":"g46-26","properties":{"lst_mean_c":47.18,"ndvi_mean":0.414,"green_share_pct":67.0,"hot_share_pct":39.8,"coverage_pct":66.1,"valid_pixels":191},"geometry":{"type":"Polygon","coordinates":[[[118.918247,32.103332],[118.923543,32.103252],[118.923638,32.10776],[118.918341,32.107841],[118.918247,32.103332]]]}},{"type":"Feature","id":"g47-26","properties":{"lst_mean_c":46.64,"ndvi_mean":0.439,"green_share_pct":86.4,"hot_share_pct":10.1,"coverage_pct":89.3,"valid_pixels":258},"geometry":{"type":"Polygon","coordinates":[[[118.923543,32.103252],[118.92884,32.103171],[118.928935,32.10768],[118.923638,32.10776],[118.923543,32.103252]]]}},{"type":"Feature","id":"g48-26","properties":{"lst_mean_c":45.98,"ndvi_mean":0.484,"green_share_pct":86.4,"hot_share_pct":6.6,"coverage_pct":100.0,"valid_pixels":272},"geometry":{"type":"Polygon","coordinates":[[[118.92884,32.103171],[118.934136,32.103091],[118.934231,32.107599],[118.928935,32.10768],[118.92884,32.103171]]]}},{"type":"Feature","id":"g49-26","properties":{"lst_mean_c":46.12,"ndvi_mean":0.497,"green_share_pct":82.9,"hot_share_pct":10.0,"coverage_pct":97.2,"valid_pixels":281},"geometry":{"type":"Polygon","coordinates":[[[118.934136,32.103091],[118.939433,32.10301],[118.939528,32.107518],[118.934231,32.107599],[118.934136,32.103091]]]}},{"type":"Feature","id":"g50-26","properties":{"lst_mean_c":47.14,"ndvi_mean":0.444,"green_share_pct":81.3,"hot_share_pct":20.1,"coverage_pct":100.0,"valid_pixels":289},"geometry":{"type":"Polygon","coordinates":[[[118.939433,32.10301],[118.944729,32.102928],[118.944825,32.107436],[118.939528,32.107518],[118.939433,32.10301]]]}},{"type":"Feature","id":"g51-26","properties":{"lst_mean_c":43.06,"ndvi_mean":0.567,"green_share_pct":95.6,"hot_share_pct":5.2,"coverage_pct":99.6,"valid_pixels":271},"geometry":{"type":"Polygon","coordinates":[[[118.944729,32.102928],[118.950025,32.102847],[118.950121,32.107355],[118.944825,32.107436],[118.944729,32.102928]]]}},{"type":"Feature","id":"g52-26","properties":{"lst_mean_c":43.94,"ndvi_mean":0.609,"green_share_pct":99.3,"hot_share_pct":0.0,"coverage_pct":100.0,"valid_pixels":136},"geometry":{"type":"Polygon","coordinates":[[[118.950025,32.102847],[118.955322,32.102765],[118.955418,32.107273],[118.950121,32.107355],[118.950025,32.102847]]]}},{"type":"Feature","id":"g0-27","properties":{"lst_mean_c":48.32,"ndvi_mean":0.464,"green_share_pct":87.3,"hot_share_pct":62.7,"coverage_pct":100.0,"valid_pixels":102},"geometry":{"type":"Polygon","coordinates":[[[118.67467,32.111298],[118.679967,32.111228],[118.68005,32.115737],[118.674752,32.115807],[118.67467,32.111298]]]}},{"type":"Feature","id":"g1-27","properties":{"lst_mean_c":48.67,"ndvi_mean":0.374,"green_share_pct":56.7,"hot_share_pct":46.4,"coverage_pct":100.0,"valid_pixels":289},"geometry":{"type":"Polygon","coordinates":[[[118.679967,32.111228],[118.685265,32.111158],[118.685348,32.115667],[118.68005,32.115737],[118.679967,32.111228]]]}},{"type":"Feature","id":"g2-27","properties":{"lst_mean_c":50.17,"ndvi_mean":0.381,"green_share_pct":70.2,"hot_share_pct":80.6,"coverage_pct":100.0,"valid_pixels":289},"geometry":{"type":"Polygon","coordinates":[[[118.685265,32.111158],[118.690563,32.111087],[118.690646,32.115596],[118.685348,32.115667],[118.685265,32.111158]]]}},{"type":"Feature","id":"g5-27","properties":{"lst_mean_c":49.48,"ndvi_mean":0.395,"green_share_pct":73.7,"hot_share_pct":76.8,"coverage_pct":100.0,"valid_pixels":289},"geometry":{"type":"Polygon","coordinates":[[[118.701158,32.110945],[118.706455,32.110874],[118.706539,32.115383],[118.701241,32.115454],[118.701158,32.110945]]]}},{"type":"Feature","id":"g6-27","properties":{"lst_mean_c":47.8,"ndvi_mean":0.48,"green_share_pct":85.7,"hot_share_pct":37.1,"coverage_pct":100.0,"valid_pixels":272},"geometry":{"type":"Polygon","coordinates":[[[118.706455,32.110874],[118.711753,32.110802],[118.711837,32.115311],[118.706539,32.115383],[118.706455,32.110874]]]}},{"type":"Feature","id":"g7-27","properties":{"lst_mean_c":47.26,"ndvi_mean":0.5,"green_share_pct":96.2,"hot_share_pct":23.9,"coverage_pct":100.0,"valid_pixels":289},"geometry":{"type":"Polygon","coordinates":[[[118.711753,32.110802],[118.71705,32.110731],[118.717135,32.115239],[118.711837,32.115311],[118.711753,32.110802]]]}},{"type":"Feature","id":"g8-27","properties":{"lst_mean_c":46.67,"ndvi_mean":0.432,"green_share_pct":78.7,"hot_share_pct":17.1,"coverage_pct":99.3,"valid_pixels":287},"geometry":{"type":"Polygon","coordinates":[[[118.71705,32.110731],[118.722348,32.110659],[118.722433,32.115167],[118.717135,32.115239],[118.71705,32.110731]]]}},{"type":"Feature","id":"g9-27","properties":{"lst_mean_c":46.45,"ndvi_mean":0.452,"green_share_pct":82.8,"hot_share_pct":33.3,"coverage_pct":96.0,"valid_pixels":261},"geometry":{"type":"Polygon","coordinates":[[[118.722348,32.110659],[118.727645,32.110586],[118.72773,32.115095],[118.722433,32.115167],[118.722348,32.110659]]]}},{"type":"Feature","id":"g13-27","properties":{"lst_mean_c":42.92,"ndvi_mean":0.499,"green_share_pct":84.3,"hot_share_pct":0.0,"coverage_pct":70.6,"valid_pixels":204},"geometry":{"type":"Polygon","coordinates":[[[118.743538,32.110369],[118.748835,32.110296],[118.748921,32.114804],[118.743623,32.114877],[118.743538,32.110369]]]}},{"type":"Feature","id":"g14-27","properties":{"lst_mean_c":47.99,"ndvi_mean":0.348,"green_share_pct":62.6,"hot_share_pct":24.2,"coverage_pct":100.0,"valid_pixels":289},"geometry":{"type":"Polygon","coordinates":[[[118.748835,32.110296],[118.754132,32.110222],[118.754219,32.114731],[118.748921,32.114804],[118.748835,32.110296]]]}},{"type":"Feature","id":"g15-27","properties":{"lst_mean_c":47.5,"ndvi_mean":0.305,"green_share_pct":50.4,"hot_share_pct":21.0,"coverage_pct":100.0,"valid_pixels":272},"geometry":{"type":"Polygon","coordinates":[[[118.754132,32.110222],[118.75943,32.110149],[118.759516,32.114657],[118.754219,32.114731],[118.754132,32.110222]]]}},{"type":"Feature","id":"g16-27","properties":{"lst_mean_c":43.48,"ndvi_mean":0.46,"green_share_pct":79.2,"hot_share_pct":0.0,"coverage_pct":100.0,"valid_pixels":289},"geometry":{"type":"Polygon","coordinates":[[[118.75943,32.110149],[118.764727,32.110075],[118.764814,32.114584],[118.759516,32.114657],[118.75943,32.110149]]]}},{"type":"Feature","id":"g19-27","properties":{"lst_mean_c":46.42,"ndvi_mean":0.389,"green_share_pct":70.2,"hot_share_pct":10.4,"coverage_pct":100.0,"valid_pixels":289},"geometry":{"type":"Polygon","coordinates":[[[118.775322,32.109927],[118.780619,32.109852],[118.780707,32.114361],[118.775409,32.114436],[118.775322,32.109927]]]}},{"type":"Feature","id":"g20-27","properties":{"lst_mean_c":44.97,"ndvi_mean":0.488,"green_share_pct":83.7,"hot_share_pct":3.8,"coverage_pct":100.0,"valid_pixels":289},"geometry":{"type":"Polygon","coordinates":[[[118.780619,32.109852],[118.785916,32.109778],[118.786004,32.114286],[118.780707,32.114361],[118.780619,32.109852]]]}},{"type":"Feature","id":"g21-27","properties":{"lst_mean_c":47.96,"ndvi_mean":0.33,"green_share_pct":48.5,"hot_share_pct":28.7,"coverage_pct":100.0,"valid_pixels":272},"geometry":{"type":"Polygon","coordinates":[[[118.785916,32.109778],[118.791214,32.109703],[118.791302,32.114212],[118.786004,32.114286],[118.785916,32.109778]]]}},{"type":"Feature","id":"g22-27","properties":{"lst_mean_c":48.06,"ndvi_mean":0.353,"green_share_pct":58.1,"hot_share_pct":41.5,"coverage_pct":100.0,"valid_pixels":289},"geometry":{"type":"Polygon","coordinates":[[[118.791214,32.109703],[118.796511,32.109628],[118.796599,32.114137],[118.791302,32.114212],[118.791214,32.109703]]]}},{"type":"Feature","id":"g23-27","properties":{"lst_mean_c":42.68,"ndvi_mean":0.681,"green_share_pct":99.3,"hot_share_pct":1.7,"coverage_pct":100.0,"valid_pixels":289},"geometry":{"type":"Polygon","coordinates":[[[118.796511,32.109628],[118.801808,32.109553],[118.801897,32.114061],[118.796599,32.114137],[118.796511,32.109628]]]}},{"type":"Feature","id":"g24-27","properties":{"lst_mean_c":42.75,"ndvi_mean":0.627,"green_share_pct":88.6,"hot_share_pct":5.9,"coverage_pct":100.0,"valid_pixels":272},"geometry":{"type":"Polygon","coordinates":[[[118.801808,32.109553],[118.807105,32.109477],[118.807194,32.113986],[118.801897,32.114061],[118.801808,32.109553]]]}},{"type":"Feature","id":"g25-27","properties":{"lst_mean_c":47.31,"ndvi_mean":0.354,"green_share_pct":60.9,"hot_share_pct":27.3,"coverage_pct":100.0,"valid_pixels":289},"geometry":{"type":"Polygon","coordinates":[[[118.807105,32.109477],[118.812402,32.109401],[118.812491,32.11391],[118.807194,32.113986],[118.807105,32.109477]]]}},{"type":"Feature","id":"g26-27","properties":{"lst_mean_c":47.39,"ndvi_mean":0.356,"green_share_pct":64.3,"hot_share_pct":27.2,"coverage_pct":97.9,"valid_pixels":283},"geometry":{"type":"Polygon","coordinates":[[[118.812402,32.109401],[118.817699,32.109326],[118.817789,32.113834],[118.812491,32.11391],[118.812402,32.109401]]]}},{"type":"Feature","id":"g27-27","properties":{"lst_mean_c":49.42,"ndvi_mean":0.367,"green_share_pct":73.3,"hot_share_pct":70.9,"coverage_pct":92.3,"valid_pixels":251},"geometry":{"type":"Polygon","coordinates":[[[118.817699,32.109326],[118.822997,32.109249],[118.823086,32.113758],[118.817789,32.113834],[118.817699,32.109326]]]}},{"type":"Feature","id":"g28-27","properties":{"lst_mean_c":49.91,"ndvi_mean":0.382,"green_share_pct":69.2,"hot_share_pct":79.6,"coverage_pct":100.0,"valid_pixels":289},"geometry":{"type":"Polygon","coordinates":[[[118.822997,32.109249],[118.828294,32.109173],[118.828384,32.113681],[118.823086,32.113758],[118.822997,32.109249]]]}},{"type":"Feature","id":"g29-27","properties":{"lst_mean_c":48.8,"ndvi_mean":0.398,"green_share_pct":77.2,"hot_share_pct":67.5,"coverage_pct":100.0,"valid_pixels":289},"geometry":{"type":"Polygon","coordinates":[[[118.828294,32.109173],[118.833591,32.109096],[118.833681,32.113605],[118.828384,32.113681],[118.828294,32.109173]]]}},{"type":"Feature","id":"g30-27","properties":{"lst_mean_c":44.0,"ndvi_mean":0.564,"green_share_pct":97.4,"hot_share_pct":1.1,"coverage_pct":100.0,"valid_pixels":272},"geometry":{"type":"Polygon","coordinates":[[[118.833591,32.109096],[118.838888,32.10902],[118.838978,32.113528],[118.833681,32.113605],[118.833591,32.109096]]]}},{"type":"Feature","id":"g31-27","properties":{"lst_mean_c":45.62,"ndvi_mean":0.509,"green_share_pct":91.3,"hot_share_pct":9.7,"coverage_pct":100.0,"valid_pixels":289},"geometry":{"type":"Polygon","coordinates":[[[118.838888,32.10902],[118.844185,32.108942],[118.844275,32.113451],[118.838978,32.113528],[118.838888,32.10902]]]}},{"type":"Feature","id":"g35-27","properties":{"lst_mean_c":45.54,"ndvi_mean":0.489,"green_share_pct":86.7,"hot_share_pct":6.0,"coverage_pct":86.2,"valid_pixels":249},"geometry":{"type":"Polygon","coordinates":[[[118.860076,32.10871],[118.865373,32.108632],[118.865464,32.113141],[118.860167,32.113218],[118.860076,32.10871]]]}},{"type":"Feature","id":"g36-27","properties":{"lst_mean_c":47.72,"ndvi_mean":0.445,"green_share_pct":73.9,"hot_share_pct":40.8,"coverage_pct":67.6,"valid_pixels":184},"geometry":{"type":"Polygon","coordinates":[[[118.865373,32.108632],[118.87067,32.108554],[118.870762,32.113062],[118.865464,32.113141],[118.865373,32.108632]]]}},{"type":"Feature","id":"g37-27","properties":{"lst_mean_c":47.9,"ndvi_mean":0.486,"green_share_pct":87.2,"hot_share_pct":50.9,"coverage_pct":100.0,"valid_pixels":289},"geometry":{"type":"Polygon","coordinates":[[[118.87067,32.108554],[118.875967,32.108476],[118.876059,32.112984],[118.870762,32.113062],[118.87067,32.108554]]]}},{"type":"Feature","id":"g38-27","properties":{"lst_mean_c":46.97,"ndvi_mean":0.522,"green_share_pct":92.0,"hot_share_pct":31.8,"coverage_pct":100.0,"valid_pixels":289},"geometry":{"type":"Polygon","coordinates":[[[118.875967,32.108476],[118.881264,32.108397],[118.881356,32.112905],[118.876059,32.112984],[118.875967,32.108476]]]}},{"type":"Feature","id":"g39-27","properties":{"lst_mean_c":48.15,"ndvi_mean":0.434,"green_share_pct":69.0,"hot_share_pct":47.1,"coverage_pct":64.0,"valid_pixels":174},"geometry":{"type":"Polygon","coordinates":[[[118.881264,32.108397],[118.88656,32.108318],[118.886653,32.112827],[118.881356,32.112905],[118.881264,32.108397]]]}},{"type":"Feature","id":"g42-27","properties":{"lst_mean_c":43.42,"ndvi_mean":0.61,"green_share_pct":91.1,"hot_share_pct":3.0,"coverage_pct":98.9,"valid_pixels":269},"geometry":{"type":"Polygon","coordinates":[[[118.897154,32.10816],[118.902451,32.10808],[118.902544,32.112589],[118.897247,32.112668],[118.897154,32.10816]]]}},{"type":"Feature","id":"g43-27","properties":{"lst_mean_c":41.85,"ndvi_mean":0.768,"green_share_pct":100.0,"hot_share_pct":0.0,"coverage_pct":61.6,"valid_pixels":178},"geometry":{"type":"Polygon","coordinates":[[[118.902451,32.10808],[118.907748,32.108001],[118.907841,32.112509],[118.902544,32.112589],[118.902451,32.10808]]]}},{"type":"Feature","id":"g45-27","properties":{"lst_mean_c":48.5,"ndvi_mean":0.445,"green_share_pct":85.9,"hot_share_pct":48.2,"coverage_pct":70.2,"valid_pixels":191},"geometry":{"type":"Polygon","coordinates":[[[118.913044,32.107921],[118.918341,32.107841],[118.918435,32.112349],[118.913138,32.112429],[118.913044,32.107921]]]}},{"type":"Feature","id":"g47-27","properties":{"lst_mean_c":45.8,"ndvi_mean":0.445,"green_share_pct":73.6,"hot_share_pct":3.8,"coverage_pct":99.7,"valid_pixels":288},"geometry":{"type":"Polygon","coordinates":[[[118.923638,32.10776],[118.928935,32.10768],[118.929029,32.112188],[118.923732,32.112268],[118.923638,32.10776]]]}},{"type":"Feature","id":"g48-27","properties":{"lst_mean_c":44.53,"ndvi_mean":0.612,"green_share_pct":93.3,"hot_share_pct":0.0,"coverage_pct":99.3,"valid_pixels":270},"geometry":{"type":"Polygon","coordinates":[[[118.928935,32.10768],[118.934231,32.107599],[118.934326,32.112107],[118.929029,32.112188],[118.928935,32.10768]]]}},{"type":"Feature","id":"g49-27","properties":{"lst_mean_c":41.72,"ndvi_mean":0.646,"green_share_pct":94.4,"hot_share_pct":0.0,"coverage_pct":67.8,"valid_pixels":196},"geometry":{"type":"Polygon","coordinates":[[[118.934231,32.107599],[118.939528,32.107518],[118.939623,32.112026],[118.934326,32.112107],[118.934231,32.107599]]]}},{"type":"Feature","id":"g50-27","properties":{"lst_mean_c":43.71,"ndvi_mean":0.536,"green_share_pct":89.3,"hot_share_pct":4.1,"coverage_pct":67.8,"valid_pixels":196},"geometry":{"type":"Polygon","coordinates":[[[118.939528,32.107518],[118.944825,32.107436],[118.94492,32.111945],[118.939623,32.112026],[118.939528,32.107518]]]}},{"type":"Feature","id":"g51-27","properties":{"lst_mean_c":43.4,"ndvi_mean":0.593,"green_share_pct":97.0,"hot_share_pct":1.9,"coverage_pct":99.3,"valid_pixels":270},"geometry":{"type":"Polygon","coordinates":[[[118.944825,32.107436],[118.950121,32.107355],[118.950217,32.111863],[118.94492,32.111945],[118.944825,32.107436]]]}},{"type":"Feature","id":"g52-27","properties":{"lst_mean_c":45.09,"ndvi_mean":0.579,"green_share_pct":94.1,"hot_share_pct":6.6,"coverage_pct":100.0,"valid_pixels":136},"geometry":{"type":"Polygon","coordinates":[[[118.950121,32.107355],[118.955418,32.107273],[118.955514,32.111782],[118.950217,32.111863],[118.950121,32.107355]]]}},{"type":"Feature","id":"g0-28","properties":{"lst_mean_c":47.63,"ndvi_mean":0.444,"green_share_pct":91.7,"hot_share_pct":27.1,"coverage_pct":100.0,"valid_pixels":96},"geometry":{"type":"Polygon","coordinates":[[[118.674752,32.115807],[118.68005,32.115737],[118.680133,32.120246],[118.674835,32.120316],[118.674752,32.115807]]]}},{"type":"Feature","id":"g1-28","properties":{"lst_mean_c":51.76,"ndvi_mean":0.294,"green_share_pct":46.5,"hot_share_pct":73.4,"coverage_pct":94.1,"valid_pixels":256},"geometry":{"type":"Polygon","coordinates":[[[118.68005,32.115737],[118.685348,32.115667],[118.685431,32.120175],[118.680133,32.120246],[118.68005,32.115737]]]}},{"type":"Feature","id":"g2-28","properties":{"lst_mean_c":47.7,"ndvi_mean":0.408,"green_share_pct":57.9,"hot_share_pct":29.0,"coverage_pct":92.6,"valid_pixels":252},"geometry":{"type":"Polygon","coordinates":[[[118.685348,32.115667],[118.690646,32.115596],[118.690729,32.120105],[118.685431,32.120175],[118.685348,32.115667]]]}},{"type":"Feature","id":"g4-28","properties":{"lst_mean_c":48.35,"ndvi_mean":0.456,"green_share_pct":87.5,"hot_share_pct":42.4,"coverage_pct":82.4,"valid_pixels":224},"geometry":{"type":"Polygon","coordinates":[[[118.695944,32.115525],[118.701241,32.115454],[118.701325,32.119963],[118.696027,32.120034],[118.695944,32.115525]]]}},{"type":"Feature","id":"g5-28","properties":{"lst_mean_c":47.22,"ndvi_mean":0.468,"green_share_pct":78.3,"hot_share_pct":32.0,"coverage_pct":100.0,"valid_pixels":272},"geometry":{"type":"Polygon","coordinates":[[[118.701241,32.115454],[118.706539,32.115383],[118.706623,32.119891],[118.701325,32.119963],[118.701241,32.115454]]]}},{"type":"Feature","id":"g6-28","properties":{"lst_mean_c":46.92,"ndvi_mean":0.506,"green_share_pct":87.0,"hot_share_pct":16.3,"coverage_pct":93.4,"valid_pixels":239},"geometry":{"type":"Polygon","coordinates":[[[118.706539,32.115383],[118.711837,32.115311],[118.711921,32.11982],[118.706623,32.119891],[118.706539,32.115383]]]}},{"type":"Feature","id":"g7-28","properties":{"lst_mean_c":48.36,"ndvi_mean":0.46,"green_share_pct":86.8,"hot_share_pct":54.5,"coverage_pct":80.9,"valid_pixels":220},"geometry":{"type":"Polygon","coordinates":[[[118.711837,32.115311],[118.717135,32.115239],[118.717219,32.119748],[118.711921,32.11982],[118.711837,32.115311]]]}},{"type":"Feature","id":"g8-28","properties":{"lst_mean_c":47.48,"ndvi_mean":0.493,"green_share_pct":91.2,"hot_share_pct":32.0,"coverage_pct":100.0,"valid_pixels":272},"geometry":{"type":"Polygon","coordinates":[[[118.717135,32.115239],[118.722433,32.115167],[118.722517,32.119676],[118.717219,32.119748],[118.717135,32.115239]]]}},{"type":"Feature","id":"g9-28","properties":{"lst_mean_c":48.12,"ndvi_mean":0.427,"green_share_pct":82.0,"hot_share_pct":49.2,"coverage_pct":100.0,"valid_pixels":256},"geometry":{"type":"Polygon","coordinates":[[[118.722433,32.115167],[118.72773,32.115095],[118.727815,32.119604],[118.722517,32.119676],[118.722433,32.115167]]]}},{"type":"Feature","id":"g10-28","properties":{"lst_mean_c":42.42,"ndvi_mean":0.536,"green_share_pct":89.3,"hot_share_pct":2.1,"coverage_pct":86.0,"valid_pixels":234},"geometry":{"type":"Polygon","coordinates":[[[118.72773,32.115095],[118.733028,32.115023],[118.733113,32.119532],[118.727815,32.119604],[118.72773,32.115095]]]}},{"type":"Feature","id":"g15-28","properties":{"lst_mean_c":50.26,"ndvi_mean":0.141,"green_share_pct":1.7,"hot_share_pct":79.7,"coverage_pct":90.6,"valid_pixels":232},"geometry":{"type":"Polygon","coordinates":[[[118.754219,32.114731],[118.759516,32.114657],[118.759603,32.119166],[118.754305,32.11924],[118.754219,32.114731]]]}},{"type":"Feature","id":"g16-28","properties":{"lst_mean_c":43.93,"ndvi_mean":0.42,"green_share_pct":59.0,"hot_share_pct":0.0,"coverage_pct":99.6,"valid_pixels":271},"geometry":{"type":"Polygon","coordinates":[[[118.759516,32.114657],[118.764814,32.114584],[118.764901,32.119092],[118.759603,32.119166],[118.759516,32.114657]]]}},{"type":"Feature","id":"g17-28","properties":{"lst_mean_c":40.75,"ndvi_mean":0.62,"green_share_pct":95.2,"hot_share_pct":0.0,"coverage_pct":91.9,"valid_pixels":250},"geometry":{"type":"Polygon","coordinates":[[[118.764814,32.114584],[118.770111,32.11451],[118.770199,32.119018],[118.764901,32.119092],[118.764814,32.114584]]]}},{"type":"Feature","id":"g20-28","properties":{"lst_mean_c":45.36,"ndvi_mean":0.404,"green_share_pct":71.9,"hot_share_pct":12.9,"coverage_pct":91.5,"valid_pixels":249},"geometry":{"type":"Polygon","coordinates":[[[118.780707,32.114361],[118.786004,32.114286],[118.786092,32.118795],[118.780794,32.11887],[118.780707,32.114361]]]}},{"type":"Feature","id":"g21-28","properties":{"lst_mean_c":45.87,"ndvi_mean":0.472,"green_share_pct":78.1,"hot_share_pct":28.5,"coverage_pct":100.0,"valid_pixels":256},"geometry":{"type":"Polygon","coordinates":[[[118.786004,32.114286],[118.791302,32.114212],[118.79139,32.11872],[118.786092,32.118795],[118.786004,32.114286]]]}},{"type":"Feature","id":"g22-28","properties":{"lst_mean_c":46.12,"ndvi_mean":0.426,"green_share_pct":74.4,"hot_share_pct":12.6,"coverage_pct":93.4,"valid_pixels":254},"geometry":{"type":"Polygon","coordinates":[[[118.791302,32.114212],[118.796599,32.114137],[118.796687,32.118645],[118.79139,32.11872],[118.791302,32.114212]]]}},{"type":"Feature","id":"g23-28","properties":{"lst_mean_c":44.06,"ndvi_mean":0.603,"green_share_pct":81.4,"hot_share_pct":18.6,"coverage_pct":67.3,"valid_pixels":183},"geometry":{"type":"Polygon","coordinates":[[[118.796599,32.114137],[118.801897,32.114061],[118.801985,32.11857],[118.796687,32.118645],[118.796599,32.114137]]]}},{"type":"Feature","id":"g25-28","properties":{"lst_mean_c":49.73,"ndvi_mean":0.328,"green_share_pct":44.5,"hot_share_pct":88.5,"coverage_pct":70.2,"valid_pixels":191},"geometry":{"type":"Polygon","coordinates":[[[118.807194,32.113986],[118.812491,32.11391],[118.812581,32.118419],[118.807283,32.118494],[118.807194,32.113986]]]}},{"type":"Feature","id":"g26-28","properties":{"lst_mean_c":49.94,"ndvi_mean":0.369,"green_share_pct":64.6,"hot_share_pct":60.0,"coverage_pct":95.6,"valid_pixels":260},"geometry":{"type":"Polygon","coordinates":[[[118.812491,32.11391],[118.817789,32.113834],[118.817878,32.118343],[118.812581,32.118419],[118.812491,32.11391]]]}},{"type":"Feature","id":"g29-28","properties":{"lst_mean_c":47.36,"ndvi_mean":0.48,"green_share_pct":81.0,"hot_share_pct":45.5,"coverage_pct":69.5,"valid_pixels":189},"geometry":{"type":"Polygon","coordinates":[[[118.828384,32.113681],[118.833681,32.113605],[118.833771,32.118113],[118.828473,32.11819],[118.828384,32.113681]]]}},{"type":"Feature","id":"g30-28","properties":{"lst_mean_c":46.68,"ndvi_mean":0.45,"green_share_pct":80.2,"hot_share_pct":30.2,"coverage_pct":67.2,"valid_pixels":172},"geometry":{"type":"Polygon","coordinates":[[[118.833681,32.113605],[118.838978,32.113528],[118.839069,32.118037],[118.833771,32.118113],[118.833681,32.113605]]]}},{"type":"Feature","id":"g31-28","properties":{"lst_mean_c":47.48,"ndvi_mean":0.402,"green_share_pct":78.3,"hot_share_pct":30.1,"coverage_pct":100.0,"valid_pixels":272},"geometry":{"type":"Polygon","coordinates":[[[118.838978,32.113528],[118.844275,32.113451],[118.844366,32.117959],[118.839069,32.118037],[118.838978,32.113528]]]}},{"type":"Feature","id":"g32-28","properties":{"lst_mean_c":45.99,"ndvi_mean":0.409,"green_share_pct":73.0,"hot_share_pct":2.4,"coverage_pct":91.2,"valid_pixels":248},"geometry":{"type":"Polygon","coordinates":[[[118.844275,32.113451],[118.849573,32.113374],[118.849664,32.117882],[118.844366,32.117959],[118.844275,32.113451]]]}},{"type":"Feature","id":"g34-28","properties":{"lst_mean_c":46.45,"ndvi_mean":0.508,"green_share_pct":94.0,"hot_share_pct":19.0,"coverage_pct":67.6,"valid_pixels":184},"geometry":{"type":"Polygon","coordinates":[[[118.85487,32.113296],[118.860167,32.113218],[118.860259,32.117727],[118.854961,32.117805],[118.85487,32.113296]]]}},{"type":"Feature","id":"g35-28","properties":{"lst_mean_c":43.27,"ndvi_mean":0.679,"green_share_pct":99.5,"hot_share_pct":0.0,"coverage_pct":77.2,"valid_pixels":210},"geometry":{"type":"Polygon","coordinates":[[[118.860167,32.113218],[118.865464,32.113141],[118.865556,32.117649],[118.860259,32.117727],[118.860167,32.113218]]]}},{"type":"Feature","id":"g37-28","properties":{"lst_mean_c":45.67,"ndvi_mean":0.505,"green_share_pct":84.6,"hot_share_pct":9.6,"coverage_pct":100.0,"valid_pixels":272},"geometry":{"type":"Polygon","coordinates":[[[118.870762,32.113062],[118.876059,32.112984],[118.876151,32.117492],[118.870854,32.117571],[118.870762,32.113062]]]}},{"type":"Feature","id":"g38-28","properties":{"lst_mean_c":46.29,"ndvi_mean":0.537,"green_share_pct":93.0,"hot_share_pct":19.5,"coverage_pct":100.0,"valid_pixels":272},"geometry":{"type":"Polygon","coordinates":[[[118.876059,32.112984],[118.881356,32.112905],[118.881448,32.117414],[118.876151,32.117492],[118.876059,32.112984]]]}},{"type":"Feature","id":"g39-28","properties":{"lst_mean_c":51.08,"ndvi_mean":0.301,"green_share_pct":44.0,"hot_share_pct":85.9,"coverage_pct":71.9,"valid_pixels":184},"geometry":{"type":"Polygon","coordinates":[[[118.881356,32.112905],[118.886653,32.112827],[118.886746,32.117335],[118.881448,32.117414],[118.881356,32.112905]]]}},{"type":"Feature","id":"g40-28","properties":{"lst_mean_c":47.19,"ndvi_mean":0.466,"green_share_pct":71.6,"hot_share_pct":31.2,"coverage_pct":91.9,"valid_pixels":250},"geometry":{"type":"Polygon","coordinates":[[[118.886653,32.112827],[118.89195,32.112747],[118.892043,32.117256],[118.886746,32.117335],[118.886653,32.112827]]]}},{"type":"Feature","id":"g41-28","properties":{"lst_mean_c":50.11,"ndvi_mean":0.317,"green_share_pct":43.2,"hot_share_pct":75.0,"coverage_pct":80.9,"valid_pixels":220},"geometry":{"type":"Polygon","coordinates":[[[118.89195,32.112747],[118.897247,32.112668],[118.897341,32.117177],[118.892043,32.117256],[118.89195,32.112747]]]}},{"type":"Feature","id":"g42-28","properties":{"lst_mean_c":46.75,"ndvi_mean":0.42,"green_share_pct":84.7,"hot_share_pct":9.6,"coverage_pct":69.1,"valid_pixels":177},"geometry":{"type":"Polygon","coordinates":[[[118.897247,32.112668],[118.902544,32.112589],[118.902638,32.117097],[118.897341,32.117177],[118.897247,32.112668]]]}},{"type":"Feature","id":"g43-28","properties":{"lst_mean_c":44.36,"ndvi_mean":0.646,"green_share_pct":94.5,"hot_share_pct":8.1,"coverage_pct":100.0,"valid_pixels":272},"geometry":{"type":"Polygon","coordinates":[[[118.902544,32.112589],[118.907841,32.112509],[118.907935,32.117017],[118.902638,32.117097],[118.902544,32.112589]]]}},{"type":"Feature","id":"g44-28","properties":{"lst_mean_c":46.13,"ndvi_mean":0.621,"green_share_pct":97.1,"hot_share_pct":24.6,"coverage_pct":100.0,"valid_pixels":272},"geometry":{"type":"Polygon","coordinates":[[[118.907841,32.112509],[118.913138,32.112429],[118.913233,32.116937],[118.907935,32.117017],[118.907841,32.112509]]]}},{"type":"Feature","id":"g45-28","properties":{"lst_mean_c":44.25,"ndvi_mean":0.678,"green_share_pct":94.1,"hot_share_pct":13.7,"coverage_pct":100.0,"valid_pixels":256},"geometry":{"type":"Polygon","coordinates":[[[118.913138,32.112429],[118.918435,32.112349],[118.91853,32.116857],[118.913233,32.116937],[118.913138,32.112429]]]}},{"type":"Feature","id":"g46-28","properties":{"lst_mean_c":44.54,"ndvi_mean":0.591,"green_share_pct":90.1,"hot_share_pct":0.0,"coverage_pct":100.0,"valid_pixels":272},"geometry":{"type":"Polygon","coordinates":[[[118.918435,32.112349],[118.923732,32.112268],[118.923827,32.116777],[118.91853,32.116857],[118.918435,32.112349]]]}},{"type":"Feature","id":"g47-28","properties":{"lst_mean_c":45.97,"ndvi_mean":0.536,"green_share_pct":92.6,"hot_share_pct":13.2,"coverage_pct":100.0,"valid_pixels":272},"geometry":{"type":"Polygon","coordinates":[[[118.923732,32.112268],[118.929029,32.112188],[118.929124,32.116696],[118.923827,32.116777],[118.923732,32.112268]]]}},{"type":"Feature","id":"g48-28","properties":{"lst_mean_c":42.83,"ndvi_mean":0.697,"green_share_pct":97.3,"hot_share_pct":5.5,"coverage_pct":100.0,"valid_pixels":256},"geometry":{"type":"Polygon","coordinates":[[[118.929029,32.112188],[118.934326,32.112107],[118.934422,32.116615],[118.929124,32.116696],[118.929029,32.112188]]]}},{"type":"Feature","id":"g49-28","properties":{"lst_mean_c":41.25,"ndvi_mean":0.774,"green_share_pct":100.0,"hot_share_pct":0.0,"coverage_pct":100.0,"valid_pixels":272},"geometry":{"type":"Polygon","coordinates":[[[118.934326,32.112107],[118.939623,32.112026],[118.939719,32.116534],[118.934422,32.116615],[118.934326,32.112107]]]}},{"type":"Feature","id":"g50-28","properties":{"lst_mean_c":41.21,"ndvi_mean":0.602,"green_share_pct":93.8,"hot_share_pct":0.0,"coverage_pct":82.4,"valid_pixels":224},"geometry":{"type":"Polygon","coordinates":[[[118.939623,32.112026],[118.94492,32.111945],[118.945016,32.116453],[118.939719,32.116534],[118.939623,32.112026]]]}},{"type":"Feature","id":"g51-28","properties":{"lst_mean_c":44.58,"ndvi_mean":0.576,"green_share_pct":99.2,"hot_share_pct":0.0,"coverage_pct":100.0,"valid_pixels":256},"geometry":{"type":"Polygon","coordinates":[[[118.94492,32.111945],[118.950217,32.111863],[118.950313,32.116371],[118.945016,32.116453],[118.94492,32.111945]]]}},{"type":"Feature","id":"g52-28","properties":{"lst_mean_c":48.46,"ndvi_mean":0.428,"green_share_pct":78.9,"hot_share_pct":43.0,"coverage_pct":100.0,"valid_pixels":128},"geometry":{"type":"Polygon","coordinates":[[[118.950217,32.111863],[118.955514,32.111782],[118.95561,32.11629],[118.950313,32.116371],[118.950217,32.111863]]]}},{"type":"Feature","id":"g0-29","properties":{"lst_mean_c":44.14,"ndvi_mean":0.626,"green_share_pct":100.0,"hot_share_pct":1.0,"coverage_pct":100.0,"valid_pixels":102},"geometry":{"type":"Polygon","coordinates":[[[118.674835,32.120316],[118.680133,32.120246],[118.680215,32.124755],[118.674917,32.124825],[118.674835,32.120316]]]}},{"type":"Feature","id":"g1-29","properties":{"lst_mean_c":50.97,"ndvi_mean":0.495,"green_share_pct":81.8,"hot_share_pct":73.7,"coverage_pct":94.8,"valid_pixels":274},"geometry":{"type":"Polygon","coordinates":[[[118.680133,32.120246],[118.685431,32.120175],[118.685514,32.124684],[118.680215,32.124755],[118.680133,32.120246]]]}},{"type":"Feature","id":"g2-29","properties":{"lst_mean_c":48.59,"ndvi_mean":0.339,"green_share_pct":48.3,"hot_share_pct":50.4,"coverage_pct":81.7,"valid_pixels":236},"geometry":{"type":"Polygon","coordinates":[[[118.685431,32.120175],[118.690729,32.120105],[118.690812,32.124614],[118.685514,32.124684],[118.685431,32.120175]]]}},{"type":"Feature","id":"g3-29","properties":{"lst_mean_c":49.64,"ndvi_mean":0.387,"green_share_pct":74.0,"hot_share_pct":73.3,"coverage_pct":96.3,"valid_pixels":262},"geometry":{"type":"Polygon","coordinates":[[[118.690729,32.120105],[118.696027,32.120034],[118.69611,32.124543],[118.690812,32.124614],[118.690729,32.120105]]]}},{"type":"Feature","id":"g4-29","properties":{"lst_mean_c":49.16,"ndvi_mean":0.391,"green_share_pct":71.3,"hot_share_pct":56.4,"coverage_pct":100.0,"valid_pixels":289},"geometry":{"type":"Polygon","coordinates":[[[118.696027,32.120034],[118.701325,32.119963],[118.701409,32.124472],[118.69611,32.124543],[118.696027,32.120034]]]}},{"type":"Feature","id":"g5-29","properties":{"lst_mean_c":49.1,"ndvi_mean":0.408,"green_share_pct":66.4,"hot_share_pct":56.1,"coverage_pct":100.0,"valid_pixels":289},"geometry":{"type":"Polygon","coordinates":[[[118.701325,32.119963],[118.706623,32.119891],[118.706707,32.1244],[118.701409,32.124472],[118.701325,32.119963]]]}},{"type":"Feature","id":"g6-29","properties":{"lst_mean_c":55.15,"ndvi_mean":0.303,"green_share_pct":36.4,"hot_share_pct":80.1,"coverage_pct":64.7,"valid_pixels":176},"geometry":{"type":"Polygon","coordinates":[[[118.706623,32.119891],[118.711921,32.11982],[118.712005,32.124329],[118.706707,32.1244],[118.706623,32.119891]]]}},{"type":"Feature","id":"g8-29","properties":{"lst_mean_c":50.62,"ndvi_mean":0.379,"green_share_pct":64.4,"hot_share_pct":81.3,"coverage_pct":100.0,"valid_pixels":289},"geometry":{"type":"Polygon","coordinates":[[[118.717219,32.119748],[118.722517,32.119676],[118.722602,32.124185],[118.717304,32.124257],[118.717219,32.119748]]]}},{"type":"Feature","id":"g9-29","properties":{"lst_mean_c":51.28,"ndvi_mean":0.322,"green_share_pct":50.4,"hot_share_pct":97.1,"coverage_pct":100.0,"valid_pixels":272},"geometry":{"type":"Polygon","coordinates":[[[118.722517,32.119676],[118.727815,32.119604],[118.7279,32.124113],[118.722602,32.124185],[118.722517,32.119676]]]}},{"type":"Feature","id":"g10-29","properties":{"lst_mean_c":45.97,"ndvi_mean":0.502,"green_share_pct":86.5,"hot_share_pct":13.8,"coverage_pct":100.0,"valid_pixels":289},"geometry":{"type":"Polygon","coordinates":[[[118.727815,32.119604],[118.733113,32.119532],[118.733199,32.12404],[118.7279,32.124113],[118.727815,32.119604]]]}},{"type":"Feature","id":"g11-29","properties":{"lst_mean_c":38.84,"ndvi_mean":0.547,"green_share_pct":89.0,"hot_share_pct":3.8,"coverage_pct":72.3,"valid_pixels":209},"geometry":{"type":"Polygon","coordinates":[[[118.733113,32.119532],[118.738411,32.119459],[118.738497,32.123968],[118.733199,32.12404],[118.733113,32.119532]]]}},{"type":"Feature","id":"g20-29","properties":{"lst_mean_c":39.05,"ndvi_mean":0.724,"green_share_pct":100.0,"hot_share_pct":0.0,"coverage_pct":88.9,"valid_pixels":257},"geometry":{"type":"Polygon","coordinates":[[[118.780794,32.11887],[118.786092,32.118795],[118.78618,32.123304],[118.780882,32.123378],[118.780794,32.11887]]]}},{"type":"Feature","id":"g21-29","properties":{"lst_mean_c":42.7,"ndvi_mean":0.604,"green_share_pct":91.0,"hot_share_pct":3.0,"coverage_pct":97.8,"valid_pixels":266},"geometry":{"type":"Polygon","coordinates":[[[118.786092,32.118795],[118.79139,32.11872],[118.791478,32.123229],[118.78618,32.123304],[118.786092,32.118795]]]}},{"type":"Feature","id":"g22-29","properties":{"lst_mean_c":44.62,"ndvi_mean":0.454,"green_share_pct":68.7,"hot_share_pct":7.9,"coverage_pct":96.2,"valid_pixels":278},"geometry":{"type":"Polygon","coordinates":[[[118.79139,32.11872],[118.796687,32.118645],[118.796776,32.123154],[118.791478,32.123229],[118.79139,32.11872]]]}},{"type":"Feature","id":"g25-29","properties":{"lst_mean_c":48.76,"ndvi_mean":0.415,"green_share_pct":76.9,"hot_share_pct":64.3,"coverage_pct":68.9,"valid_pixels":199},"geometry":{"type":"Polygon","coordinates":[[[118.807283,32.118494],[118.812581,32.118419],[118.81267,32.122927],[118.807372,32.123003],[118.807283,32.118494]]]}},{"type":"Feature","id":"g28-29","properties":{"lst_mean_c":47.4,"ndvi_mean":0.402,"green_share_pct":73.6,"hot_share_pct":50.7,"coverage_pct":69.6,"valid_pixels":201},"geometry":{"type":"Polygon","coordinates":[[[118.823176,32.118266],[118.828473,32.11819],[118.828563,32.122699],[118.823265,32.122775],[118.823176,32.118266]]]}},{"type":"Feature","id":"g31-29","properties":{"lst_mean_c":46.78,"ndvi_mean":0.393,"green_share_pct":76.8,"hot_share_pct":22.4,"coverage_pct":86.5,"valid_pixels":250},"geometry":{"type":"Polygon","coordinates":[[[118.839069,32.118037],[118.844366,32.117959],[118.844457,32.122468],[118.839159,32.122545],[118.839069,32.118037]]]}},{"type":"Feature","id":"g32-29","properties":{"lst_mean_c":46.94,"ndvi_mean":0.391,"green_share_pct":73.7,"hot_share_pct":34.9,"coverage_pct":100.0,"valid_pixels":289},"geometry":{"type":"Polygon","coordinates":[[[118.844366,32.117959],[118.849664,32.117882],[118.849755,32.122391],[118.844457,32.122468],[118.844366,32.117959]]]}},{"type":"Feature","id":"g33-29","properties":{"lst_mean_c":46.13,"ndvi_mean":0.428,"green_share_pct":80.9,"hot_share_pct":26.1,"coverage_pct":100.0,"valid_pixels":272},"geometry":{"type":"Polygon","coordinates":[[[118.849664,32.117882],[118.854961,32.117805],[118.855052,32.122313],[118.849755,32.122391],[118.849664,32.117882]]]}},{"type":"Feature","id":"g34-29","properties":{"lst_mean_c":46.97,"ndvi_mean":0.503,"green_share_pct":79.2,"hot_share_pct":32.5,"coverage_pct":100.0,"valid_pixels":289},"geometry":{"type":"Polygon","coordinates":[[[118.854961,32.117805],[118.860259,32.117727],[118.86035,32.122235],[118.855052,32.122313],[118.854961,32.117805]]]}},{"type":"Feature","id":"g35-29","properties":{"lst_mean_c":45.61,"ndvi_mean":0.549,"green_share_pct":98.2,"hot_share_pct":8.9,"coverage_pct":77.9,"valid_pixels":225},"geometry":{"type":"Polygon","coordinates":[[[118.860259,32.117727],[118.865556,32.117649],[118.865648,32.122157],[118.86035,32.122235],[118.860259,32.117727]]]}},{"type":"Feature","id":"g37-29","properties":{"lst_mean_c":47.4,"ndvi_mean":0.411,"green_share_pct":74.4,"hot_share_pct":27.0,"coverage_pct":100.0,"valid_pixels":289},"geometry":{"type":"Polygon","coordinates":[[[118.870854,32.117571],[118.876151,32.117492],[118.876243,32.122001],[118.870946,32.122079],[118.870854,32.117571]]]}},{"type":"Feature","id":"g38-29","properties":{"lst_mean_c":48.71,"ndvi_mean":0.453,"green_share_pct":89.7,"hot_share_pct":67.2,"coverage_pct":87.5,"valid_pixels":253},"geometry":{"type":"Polygon","coordinates":[[[118.876151,32.117492],[118.881448,32.117414],[118.881541,32.121922],[118.876243,32.122001],[118.876151,32.117492]]]}},{"type":"Feature","id":"g39-29","properties":{"lst_mean_c":50.99,"ndvi_mean":0.297,"green_share_pct":42.6,"hot_share_pct":94.4,"coverage_pct":91.5,"valid_pixels":249},"geometry":{"type":"Polygon","coordinates":[[[118.881448,32.117414],[118.886746,32.117335],[118.886839,32.121843],[118.881541,32.121922],[118.881448,32.117414]]]}},{"type":"Feature","id":"g40-29","properties":{"lst_mean_c":47.75,"ndvi_mean":0.444,"green_share_pct":79.3,"hot_share_pct":34.7,"coverage_pct":76.8,"valid_pixels":222},"geometry":{"type":"Polygon","coordinates":[[[118.886746,32.117335],[118.892043,32.117256],[118.892136,32.121764],[118.886839,32.121843],[118.886746,32.117335]]]}},{"type":"Feature","id":"g41-29","properties":{"lst_mean_c":46.63,"ndvi_mean":0.528,"green_share_pct":91.7,"hot_share_pct":8.3,"coverage_pct":62.6,"valid_pixels":181},"geometry":{"type":"Polygon","coordinates":[[[118.892043,32.117256],[118.897341,32.117177],[118.897434,32.121685],[118.892136,32.121764],[118.892043,32.117256]]]}},{"type":"Feature","id":"g43-29","properties":{"lst_mean_c":45.26,"ndvi_mean":0.567,"green_share_pct":91.0,"hot_share_pct":4.2,"coverage_pct":100.0,"valid_pixels":289},"geometry":{"type":"Polygon","coordinates":[[[118.902638,32.117097],[118.907935,32.117017],[118.908029,32.121526],[118.902732,32.121605],[118.902638,32.117097]]]}},{"type":"Feature","id":"g44-29","properties":{"lst_mean_c":43.8,"ndvi_mean":0.662,"green_share_pct":95.2,"hot_share_pct":2.4,"coverage_pct":100.0,"valid_pixels":289},"geometry":{"type":"Polygon","coordinates":[[[118.907935,32.117017],[118.913233,32.116937],[118.913327,32.121446],[118.908029,32.121526],[118.907935,32.117017]]]}},{"type":"Feature","id":"g45-29","properties":{"lst_mean_c":45.38,"ndvi_mean":0.563,"green_share_pct":98.2,"hot_share_pct":4.7,"coverage_pct":62.5,"valid_pixels":170},"geometry":{"type":"Polygon","coordinates":[[[118.913233,32.116937],[118.91853,32.116857],[118.918624,32.121365],[118.913327,32.121446],[118.913233,32.116937]]]}},{"type":"Feature","id":"g46-29","properties":{"lst_mean_c":46.46,"ndvi_mean":0.439,"green_share_pct":78.1,"hot_share_pct":12.9,"coverage_pct":88.6,"valid_pixels":256},"geometry":{"type":"Polygon","coordinates":[[[118.91853,32.116857],[118.923827,32.116777],[118.923922,32.121285],[118.918624,32.121365],[118.91853,32.116857]]]}},{"type":"Feature","id":"g47-29","properties":{"lst_mean_c":46.89,"ndvi_mean":0.462,"green_share_pct":81.0,"hot_share_pct":21.5,"coverage_pct":100.0,"valid_pixels":289},"geometry":{"type":"Polygon","coordinates":[[[118.923827,32.116777],[118.929124,32.116696],[118.929219,32.121204],[118.923922,32.121285],[118.923827,32.116777]]]}},{"type":"Feature","id":"g48-29","properties":{"lst_mean_c":46.25,"ndvi_mean":0.541,"green_share_pct":96.7,"hot_share_pct":12.1,"coverage_pct":100.0,"valid_pixels":272},"geometry":{"type":"Polygon","coordinates":[[[118.929124,32.116696],[118.934422,32.116615],[118.934517,32.121124],[118.929219,32.121204],[118.929124,32.116696]]]}},{"type":"Feature","id":"g49-29","properties":{"lst_mean_c":43.28,"ndvi_mean":0.662,"green_share_pct":95.5,"hot_share_pct":4.9,"coverage_pct":99.7,"valid_pixels":288},"geometry":{"type":"Polygon","coordinates":[[[118.934422,32.116615],[118.939719,32.116534],[118.939814,32.121042],[118.934517,32.121124],[118.934422,32.116615]]]}},{"type":"Feature","id":"g50-29","properties":{"lst_mean_c":44.11,"ndvi_mean":0.604,"green_share_pct":96.1,"hot_share_pct":1.1,"coverage_pct":98.6,"valid_pixels":285},"geometry":{"type":"Polygon","coordinates":[[[118.939719,32.116534],[118.945016,32.116453],[118.945111,32.120961],[118.939814,32.121042],[118.939719,32.116534]]]}},{"type":"Feature","id":"g51-29","properties":{"lst_mean_c":45.74,"ndvi_mean":0.502,"green_share_pct":94.1,"hot_share_pct":0.0,"coverage_pct":100.0,"valid_pixels":272},"geometry":{"type":"Polygon","coordinates":[[[118.945016,32.116453],[118.950313,32.116371],[118.950409,32.12088],[118.945111,32.120961],[118.945016,32.116453]]]}},{"type":"Feature","id":"g52-29","properties":{"lst_mean_c":43.33,"ndvi_mean":0.607,"green_share_pct":99.3,"hot_share_pct":0.0,"coverage_pct":100.0,"valid_pixels":136},"geometry":{"type":"Polygon","coordinates":[[[118.950313,32.116371],[118.95561,32.11629],[118.955706,32.120798],[118.950409,32.12088],[118.950313,32.116371]]]}},{"type":"Feature","id":"g0-30","properties":{"lst_mean_c":43.64,"ndvi_mean":0.663,"green_share_pct":100.0,"hot_share_pct":0.0,"coverage_pct":100.0,"valid_pixels":102},"geometry":{"type":"Polygon","coordinates":[[[118.674917,32.124825],[118.680215,32.124755],[118.680298,32.129264],[118.674999,32.129334],[118.674917,32.124825]]]}},{"type":"Feature","id":"g1-30","properties":{"lst_mean_c":47.12,"ndvi_mean":0.568,"green_share_pct":94.1,"hot_share_pct":40.1,"coverage_pct":100.0,"valid_pixels":289},"geometry":{"type":"Polygon","coordinates":[[[118.680215,32.124755],[118.685514,32.124684],[118.685597,32.129193],[118.680298,32.129264],[118.680215,32.124755]]]}},{"type":"Feature","id":"g2-30","properties":{"lst_mean_c":48.89,"ndvi_mean":0.474,"green_share_pct":87.2,"hot_share_pct":70.2,"coverage_pct":100.0,"valid_pixels":289},"geometry":{"type":"Polygon","coordinates":[[[118.685514,32.124684],[118.690812,32.124614],[118.690895,32.129122],[118.685597,32.129193],[118.685514,32.124684]]]}},{"type":"Feature","id":"g3-30","properties":{"lst_mean_c":46.14,"ndvi_mean":0.428,"green_share_pct":73.5,"hot_share_pct":9.8,"coverage_pct":97.1,"valid_pixels":264},"geometry":{"type":"Polygon","coordinates":[[[118.690812,32.124614],[118.69611,32.124543],[118.696194,32.129052],[118.690895,32.129122],[118.690812,32.124614]]]}},{"type":"Feature","id":"g4-30","properties":{"lst_mean_c":50.17,"ndvi_mean":0.344,"green_share_pct":61.9,"hot_share_pct":74.0,"coverage_pct":100.0,"valid_pixels":289},"geometry":{"type":"Polygon","coordinates":[[[118.69611,32.124543],[118.701409,32.124472],[118.701493,32.12898],[118.696194,32.129052],[118.69611,32.124543]]]}},{"type":"Feature","id":"g5-30","properties":{"lst_mean_c":48.5,"ndvi_mean":0.412,"green_share_pct":64.4,"hot_share_pct":49.8,"coverage_pct":100.0,"valid_pixels":289},"geometry":{"type":"Polygon","coordinates":[[[118.701409,32.124472],[118.706707,32.1244],[118.706791,32.128909],[118.701493,32.12898],[118.701409,32.124472]]]}},{"type":"Feature","id":"g6-30","properties":{"lst_mean_c":53.42,"ndvi_mean":0.311,"green_share_pct":53.7,"hot_share_pct":100.0,"coverage_pct":100.0,"valid_pixels":272},"geometry":{"type":"Polygon","coordinates":[[[118.706707,32.1244],[118.712005,32.124329],[118.71209,32.128838],[118.706791,32.128909],[118.706707,32.1244]]]}},{"type":"Feature","id":"g7-30","properties":{"lst_mean_c":48.84,"ndvi_mean":0.464,"green_share_pct":85.8,"hot_share_pct":69.6,"coverage_pct":100.0,"valid_pixels":289},"geometry":{"type":"Polygon","coordinates":[[[118.712005,32.124329],[118.717304,32.124257],[118.717388,32.128766],[118.71209,32.128838],[118.712005,32.124329]]]}},{"type":"Feature","id":"g8-30","properties":{"lst_mean_c":49.3,"ndvi_mean":0.408,"green_share_pct":73.0,"hot_share_pct":64.4,"coverage_pct":100.0,"valid_pixels":289},"geometry":{"type":"Polygon","coordinates":[[[118.717304,32.124257],[118.722602,32.124185],[118.722687,32.128694],[118.717388,32.128766],[118.717304,32.124257]]]}},{"type":"Feature","id":"g9-30","properties":{"lst_mean_c":49.45,"ndvi_mean":0.324,"green_share_pct":54.4,"hot_share_pct":65.8,"coverage_pct":100.0,"valid_pixels":272},"geometry":{"type":"Polygon","coordinates":[[[118.722602,32.124185],[118.7279,32.124113],[118.727985,32.128621],[118.722687,32.128694],[118.722602,32.124185]]]}},{"type":"Feature","id":"g10-30","properties":{"lst_mean_c":46.44,"ndvi_mean":0.453,"green_share_pct":86.5,"hot_share_pct":17.6,"coverage_pct":100.0,"valid_pixels":289},"geometry":{"type":"Polygon","coordinates":[[[118.7279,32.124113],[118.733199,32.12404],[118.733284,32.128549],[118.727985,32.128621],[118.7279,32.124113]]]}},{"type":"Feature","id":"g11-30","properties":{"lst_mean_c":44.9,"ndvi_mean":0.424,"green_share_pct":83.7,"hot_share_pct":6.9,"coverage_pct":100.0,"valid_pixels":289},"geometry":{"type":"Polygon","coordinates":[[[118.733199,32.12404],[118.738497,32.123968],[118.738582,32.128476],[118.733284,32.128549],[118.733199,32.12404]]]}},{"type":"Feature","id":"g20-30","properties":{"lst_mean_c":38.02,"ndvi_mean":0.762,"green_share_pct":100.0,"hot_share_pct":0.0,"coverage_pct":99.3,"valid_pixels":287},"geometry":{"type":"Polygon","coordinates":[[[118.780882,32.123378],[118.78618,32.123304],[118.786268,32.127812],[118.780969,32.127887],[118.780882,32.123378]]]}},{"type":"Feature","id":"g21-30","properties":{"lst_mean_c":40.22,"ndvi_mean":0.753,"green_share_pct":99.3,"hot_share_pct":0.0,"coverage_pct":100.0,"valid_pixels":272},"geometry":{"type":"Polygon","coordinates":[[[118.78618,32.123304],[118.791478,32.123229],[118.791566,32.127737],[118.786268,32.127812],[118.78618,32.123304]]]}},{"type":"Feature","id":"g22-30","properties":{"lst_mean_c":40.72,"ndvi_mean":0.777,"green_share_pct":100.0,"hot_share_pct":0.0,"coverage_pct":87.2,"valid_pixels":252},"geometry":{"type":"Polygon","coordinates":[[[118.791478,32.123229],[118.796776,32.123154],[118.796864,32.127662],[118.791566,32.127737],[118.791478,32.123229]]]}},{"type":"Feature","id":"g24-30","properties":{"lst_mean_c":45.62,"ndvi_mean":0.591,"green_share_pct":94.1,"hot_share_pct":21.6,"coverage_pct":86.8,"valid_pixels":236},"geometry":{"type":"Polygon","coordinates":[[[118.802074,32.123078],[118.807372,32.123003],[118.807461,32.127511],[118.802162,32.127587],[118.802074,32.123078]]]}},{"type":"Feature","id":"g25-30","properties":{"lst_mean_c":49.17,"ndvi_mean":0.413,"green_share_pct":75.8,"hot_share_pct":75.4,"coverage_pct":100.0,"valid_pixels":289},"geometry":{"type":"Polygon","coordinates":[[[118.807372,32.123003],[118.81267,32.122927],[118.812759,32.127436],[118.807461,32.127511],[118.807372,32.123003]]]}},{"type":"Feature","id":"g26-30","properties":{"lst_mean_c":48.37,"ndvi_mean":0.395,"green_share_pct":70.5,"hot_share_pct":57.8,"coverage_pct":82.0,"valid_pixels":237},"geometry":{"type":"Polygon","coordinates":[[[118.81267,32.122927],[118.817968,32.122851],[118.818057,32.12736],[118.812759,32.127436],[118.81267,32.122927]]]}},{"type":"Feature","id":"g27-30","properties":{"lst_mean_c":48.8,"ndvi_mean":0.425,"green_share_pct":82.8,"hot_share_pct":59.8,"coverage_pct":75.0,"valid_pixels":204},"geometry":{"type":"Polygon","coordinates":[[[118.817968,32.122851],[118.823265,32.122775],[118.823355,32.127283],[118.818057,32.12736],[118.817968,32.122851]]]}},{"type":"Feature","id":"g28-30","properties":{"lst_mean_c":48.1,"ndvi_mean":0.308,"green_share_pct":51.9,"hot_share_pct":46.0,"coverage_pct":100.0,"valid_pixels":289},"geometry":{"type":"Polygon","coordinates":[[[118.823265,32.122775],[118.828563,32.122699],[118.828653,32.127207],[118.823355,32.127283],[118.823265,32.122775]]]}},{"type":"Feature","id":"g31-30","properties":{"lst_mean_c":45.84,"ndvi_mean":0.505,"green_share_pct":84.5,"hot_share_pct":16.0,"coverage_pct":82.4,"valid_pixels":238},"geometry":{"type":"Polygon","coordinates":[[[118.839159,32.122545],[118.844457,32.122468],[118.844548,32.126976],[118.83925,32.127054],[118.839159,32.122545]]]}},{"type":"Feature","id":"g32-30","properties":{"lst_mean_c":45.8,"ndvi_mean":0.461,"green_share_pct":85.1,"hot_share_pct":17.3,"coverage_pct":100.0,"valid_pixels":289},"geometry":{"type":"Polygon","coordinates":[[[118.844457,32.122468],[118.849755,32.122391],[118.849846,32.126899],[118.844548,32.126976],[118.844457,32.122468]]]}},{"type":"Feature","id":"g33-30","properties":{"lst_mean_c":43.35,"ndvi_mean":0.548,"green_share_pct":94.1,"hot_share_pct":0.0,"coverage_pct":100.0,"valid_pixels":272},"geometry":{"type":"Polygon","coordinates":[[[118.849755,32.122391],[118.855052,32.122313],[118.855144,32.126822],[118.849846,32.126899],[118.849755,32.122391]]]}},{"type":"Feature","id":"g34-30","properties":{"lst_mean_c":43.82,"ndvi_mean":0.589,"green_share_pct":90.0,"hot_share_pct":0.0,"coverage_pct":100.0,"valid_pixels":289},"geometry":{"type":"Polygon","coordinates":[[[118.855052,32.122313],[118.86035,32.122235],[118.860442,32.126744],[118.855144,32.126822],[118.855052,32.122313]]]}},{"type":"Feature","id":"g37-30","properties":{"lst_mean_c":49.59,"ndvi_mean":0.372,"green_share_pct":75.5,"hot_share_pct":72.8,"coverage_pct":88.9,"valid_pixels":257},"geometry":{"type":"Polygon","coordinates":[[[118.870946,32.122079],[118.876243,32.122001],[118.876336,32.126509],[118.871038,32.126588],[118.870946,32.122079]]]}},{"type":"Feature","id":"g39-30","properties":{"lst_mean_c":47.97,"ndvi_mean":0.411,"green_share_pct":82.1,"hot_share_pct":47.9,"coverage_pct":69.9,"valid_pixels":190},"geometry":{"type":"Polygon","coordinates":[[[118.881541,32.121922],[118.886839,32.121843],[118.886931,32.126352],[118.881634,32.12643],[118.881541,32.121922]]]}},{"type":"Feature","id":"g40-30","properties":{"lst_mean_c":47.58,"ndvi_mean":0.452,"green_share_pct":82.9,"hot_share_pct":33.7,"coverage_pct":70.9,"valid_pixels":205},"geometry":{"type":"Polygon","coordinates":[[[118.886839,32.121843],[118.892136,32.121764],[118.892229,32.126273],[118.886931,32.126352],[118.886839,32.121843]]]}},{"type":"Feature","id":"g41-30","properties":{"lst_mean_c":45.36,"ndvi_mean":0.51,"green_share_pct":79.9,"hot_share_pct":16.6,"coverage_pct":100.0,"valid_pixels":289},"geometry":{"type":"Polygon","coordinates":[[[118.892136,32.121764],[118.897434,32.121685],[118.897527,32.126193],[118.892229,32.126273],[118.892136,32.121764]]]}},{"type":"Feature","id":"g42-30","properties":{"lst_mean_c":45.78,"ndvi_mean":0.461,"green_share_pct":73.9,"hot_share_pct":12.5,"coverage_pct":100.0,"valid_pixels":272},"geometry":{"type":"Polygon","coordinates":[[[118.897434,32.121685],[118.902732,32.121605],[118.902825,32.126114],[118.897527,32.126193],[118.897434,32.121685]]]}},{"type":"Feature","id":"g43-30","properties":{"lst_mean_c":45.75,"ndvi_mean":0.518,"green_share_pct":83.0,"hot_share_pct":9.3,"coverage_pct":100.0,"valid_pixels":289},"geometry":{"type":"Polygon","coordinates":[[[118.902732,32.121605],[118.908029,32.121526],[118.908123,32.126034],[118.902825,32.126114],[118.902732,32.121605]]]}},{"type":"Feature","id":"g44-30","properties":{"lst_mean_c":46.86,"ndvi_mean":0.491,"green_share_pct":81.4,"hot_share_pct":29.4,"coverage_pct":93.1,"valid_pixels":269},"geometry":{"type":"Polygon","coordinates":[[[118.908029,32.121526],[118.913327,32.121446],[118.913421,32.125954],[118.908123,32.126034],[118.908029,32.121526]]]}},{"type":"Feature","id":"g46-30","properties":{"lst_mean_c":47.16,"ndvi_mean":0.462,"green_share_pct":87.3,"hot_share_pct":23.5,"coverage_pct":70.6,"valid_pixels":204},"geometry":{"type":"Polygon","coordinates":[[[118.918624,32.121365],[118.923922,32.121285],[118.924016,32.125793],[118.918719,32.125874],[118.918624,32.121365]]]}},{"type":"Feature","id":"g47-30","properties":{"lst_mean_c":46.31,"ndvi_mean":0.541,"green_share_pct":95.8,"hot_share_pct":12.5,"coverage_pct":100.0,"valid_pixels":289},"geometry":{"type":"Polygon","coordinates":[[[118.923922,32.121285],[118.929219,32.121204],[118.929314,32.125713],[118.924016,32.125793],[118.923922,32.121285]]]}},{"type":"Feature","id":"g48-30","properties":{"lst_mean_c":46.08,"ndvi_mean":0.533,"green_share_pct":90.4,"hot_share_pct":15.1,"coverage_pct":100.0,"valid_pixels":272},"geometry":{"type":"Polygon","coordinates":[[[118.929219,32.121204],[118.934517,32.121124],[118.934612,32.125632],[118.929314,32.125713],[118.929219,32.121204]]]}},{"type":"Feature","id":"g49-30","properties":{"lst_mean_c":46.45,"ndvi_mean":0.503,"green_share_pct":83.7,"hot_share_pct":33.3,"coverage_pct":93.4,"valid_pixels":270},"geometry":{"type":"Polygon","coordinates":[[[118.934517,32.121124],[118.939814,32.121042],[118.939909,32.125551],[118.934612,32.125632],[118.934517,32.121124]]]}},{"type":"Feature","id":"g50-30","properties":{"lst_mean_c":44.65,"ndvi_mean":0.609,"green_share_pct":100.0,"hot_share_pct":4.2,"coverage_pct":100.0,"valid_pixels":289},"geometry":{"type":"Polygon","coordinates":[[[118.939814,32.121042],[118.945111,32.120961],[118.945207,32.125469],[118.939909,32.125551],[118.939814,32.121042]]]}},{"type":"Feature","id":"g51-30","properties":{"lst_mean_c":46.92,"ndvi_mean":0.436,"green_share_pct":80.9,"hot_share_pct":18.8,"coverage_pct":100.0,"valid_pixels":272},"geometry":{"type":"Polygon","coordinates":[[[118.945111,32.120961],[118.950409,32.12088],[118.950505,32.125388],[118.945207,32.125469],[118.945111,32.120961]]]}},{"type":"Feature","id":"g52-30","properties":{"lst_mean_c":43.18,"ndvi_mean":0.531,"green_share_pct":86.8,"hot_share_pct":0.0,"coverage_pct":100.0,"valid_pixels":136},"geometry":{"type":"Polygon","coordinates":[[[118.950409,32.12088],[118.955706,32.120798],[118.955802,32.125306],[118.950505,32.125388],[118.950409,32.12088]]]}},{"type":"Feature","id":"g0-31","properties":{"lst_mean_c":43.83,"ndvi_mean":0.648,"green_share_pct":99.0,"hot_share_pct":0.0,"coverage_pct":100.0,"valid_pixels":96},"geometry":{"type":"Polygon","coordinates":[[[118.674999,32.129334],[118.680298,32.129264],[118.680381,32.133772],[118.675082,32.133843],[118.674999,32.129334]]]}},{"type":"Feature","id":"g1-31","properties":{"lst_mean_c":41.25,"ndvi_mean":0.764,"green_share_pct":100.0,"hot_share_pct":0.0,"coverage_pct":100.0,"valid_pixels":272},"geometry":{"type":"Polygon","coordinates":[[[118.680298,32.129264],[118.685597,32.129193],[118.68568,32.133702],[118.680381,32.133772],[118.680298,32.129264]]]}},{"type":"Feature","id":"g2-31","properties":{"lst_mean_c":46.51,"ndvi_mean":0.563,"green_share_pct":93.0,"hot_share_pct":30.9,"coverage_pct":100.0,"valid_pixels":272},"geometry":{"type":"Polygon","coordinates":[[[118.685597,32.129193],[118.690895,32.129122],[118.690978,32.133631],[118.68568,32.133702],[118.685597,32.129193]]]}},{"type":"Feature","id":"g3-31","properties":{"lst_mean_c":45.33,"ndvi_mean":0.603,"green_share_pct":94.5,"hot_share_pct":6.7,"coverage_pct":99.2,"valid_pixels":254},"geometry":{"type":"Polygon","coordinates":[[[118.690895,32.129122],[118.696194,32.129052],[118.696277,32.13356],[118.690978,32.133631],[118.690895,32.129122]]]}},{"type":"Feature","id":"g4-31","properties":{"lst_mean_c":47.48,"ndvi_mean":0.424,"green_share_pct":86.3,"hot_share_pct":32.5,"coverage_pct":99.6,"valid_pixels":271},"geometry":{"type":"Polygon","coordinates":[[[118.696194,32.129052],[118.701493,32.12898],[118.701576,32.133489],[118.696277,32.13356],[118.696194,32.129052]]]}},{"type":"Feature","id":"g5-31","properties":{"lst_mean_c":49.78,"ndvi_mean":0.41,"green_share_pct":76.1,"hot_share_pct":79.0,"coverage_pct":100.0,"valid_pixels":272},"geometry":{"type":"Polygon","coordinates":[[[118.701493,32.12898],[118.706791,32.128909],[118.706875,32.133418],[118.701576,32.133489],[118.701493,32.12898]]]}},{"type":"Feature","id":"g6-31","properties":{"lst_mean_c":47.25,"ndvi_mean":0.506,"green_share_pct":92.6,"hot_share_pct":23.4,"coverage_pct":100.0,"valid_pixels":256},"geometry":{"type":"Polygon","coordinates":[[[118.706791,32.128909],[118.71209,32.128838],[118.712174,32.133346],[118.706875,32.133418],[118.706791,32.128909]]]}},{"type":"Feature","id":"g7-31","properties":{"lst_mean_c":47.9,"ndvi_mean":0.473,"green_share_pct":87.5,"hot_share_pct":35.3,"coverage_pct":100.0,"valid_pixels":272},"geometry":{"type":"Polygon","coordinates":[[[118.71209,32.128838],[118.717388,32.128766],[118.717473,32.133275],[118.712174,32.133346],[118.71209,32.128838]]]}},{"type":"Feature","id":"g8-31","properties":{"lst_mean_c":48.07,"ndvi_mean":0.422,"green_share_pct":86.8,"hot_share_pct":38.6,"coverage_pct":100.0,"valid_pixels":272},"geometry":{"type":"Polygon","coordinates":[[[118.717388,32.128766],[118.722687,32.128694],[118.722772,32.133202],[118.717473,32.133275],[118.717388,32.128766]]]}},{"type":"Feature","id":"g10-31","properties":{"lst_mean_c":51.23,"ndvi_mean":0.267,"green_share_pct":38.9,"hot_share_pct":99.0,"coverage_pct":71.0,"valid_pixels":193},"geometry":{"type":"Polygon","coordinates":[[[118.727985,32.128621],[118.733284,32.128549],[118.733369,32.133058],[118.72807,32.13313],[118.727985,32.128621]]]}},{"type":"Feature","id":"g11-31","properties":{"lst_mean_c":47.93,"ndvi_mean":0.36,"green_share_pct":66.5,"hot_share_pct":47.1,"coverage_pct":100.0,"valid_pixels":272},"geometry":{"type":"Polygon","coordinates":[[[118.733284,32.128549],[118.738582,32.128476],[118.738668,32.132985],[118.733369,32.133058],[118.733284,32.128549]]]}},{"type":"Feature","id":"g12-31","properties":{"lst_mean_c":43.69,"ndvi_mean":0.412,"green_share_pct":70.7,"hot_share_pct":6.6,"coverage_pct":100.0,"valid_pixels":256},"geometry":{"type":"Polygon","coordinates":[[[118.738582,32.128476],[118.743881,32.128403],[118.743966,32.132912],[118.738668,32.132985],[118.738582,32.128476]]]}},{"type":"Feature","id":"g20-31","properties":{"lst_mean_c":39.2,"ndvi_mean":0.603,"green_share_pct":91.7,"hot_share_pct":0.0,"coverage_pct":70.6,"valid_pixels":192},"geometry":{"type":"Polygon","coordinates":[[[118.780969,32.127887],[118.786268,32.127812],[118.786356,32.132321],[118.781057,32.132396],[118.780969,32.127887]]]}},{"type":"Feature","id":"g21-31","properties":{"lst_mean_c":38.84,"ndvi_mean":0.747,"green_share_pct":99.6,"hot_share_pct":0.0,"coverage_pct":99.6,"valid_pixels":255},"geometry":{"type":"Polygon","coordinates":[[[118.786268,32.127812],[118.791566,32.127737],[118.791654,32.132246],[118.786356,32.132321],[118.786268,32.127812]]]}},{"type":"Feature","id":"g22-31","properties":{"lst_mean_c":37.66,"ndvi_mean":0.792,"green_share_pct":100.0,"hot_share_pct":0.0,"coverage_pct":95.6,"valid_pixels":260},"geometry":{"type":"Polygon","coordinates":[[[118.791566,32.127737],[118.796864,32.127662],[118.796953,32.132171],[118.791654,32.132246],[118.791566,32.127737]]]}},{"type":"Feature","id":"g24-31","properties":{"lst_mean_c":45.15,"ndvi_mean":0.596,"green_share_pct":96.8,"hot_share_pct":29.9,"coverage_pct":73.0,"valid_pixels":187},"geometry":{"type":"Polygon","coordinates":[[[118.802162,32.127587],[118.807461,32.127511],[118.80755,32.13202],[118.802251,32.132096],[118.802162,32.127587]]]}},{"type":"Feature","id":"g25-31","properties":{"lst_mean_c":44.68,"ndvi_mean":0.555,"green_share_pct":89.7,"hot_share_pct":2.2,"coverage_pct":100.0,"valid_pixels":272},"geometry":{"type":"Polygon","coordinates":[[[118.807461,32.127511],[118.812759,32.127436],[118.812848,32.131944],[118.80755,32.13202],[118.807461,32.127511]]]}},{"type":"Feature","id":"g26-31","properties":{"lst_mean_c":48.54,"ndvi_mean":0.387,"green_share_pct":62.5,"hot_share_pct":53.7,"coverage_pct":100.0,"valid_pixels":272},"geometry":{"type":"Polygon","coordinates":[[[118.812759,32.127436],[118.818057,32.12736],[118.818146,32.131868],[118.812848,32.131944],[118.812759,32.127436]]]}},{"type":"Feature","id":"g27-31","properties":{"lst_mean_c":48.84,"ndvi_mean":0.379,"green_share_pct":65.2,"hot_share_pct":55.5,"coverage_pct":100.0,"valid_pixels":256},"geometry":{"type":"Polygon","coordinates":[[[118.818057,32.12736],[118.823355,32.127283],[118.823445,32.131792],[118.818146,32.131868],[118.818057,32.12736]]]}},{"type":"Feature","id":"g28-31","properties":{"lst_mean_c":45.64,"ndvi_mean":0.476,"green_share_pct":83.5,"hot_share_pct":9.9,"coverage_pct":100.0,"valid_pixels":272},"geometry":{"type":"Polygon","coordinates":[[[118.823355,32.127283],[118.828653,32.127207],[118.828743,32.131716],[118.823445,32.131792],[118.823355,32.127283]]]}},{"type":"Feature","id":"g29-31","properties":{"lst_mean_c":47.4,"ndvi_mean":0.513,"green_share_pct":90.9,"hot_share_pct":37.8,"coverage_pct":93.4,"valid_pixels":254},"geometry":{"type":"Polygon","coordinates":[[[118.828653,32.127207],[118.833951,32.12713],[118.834042,32.131639],[118.828743,32.131716],[118.828653,32.127207]]]}},{"type":"Feature","id":"g30-31","properties":{"lst_mean_c":45.88,"ndvi_mean":0.51,"green_share_pct":87.5,"hot_share_pct":3.8,"coverage_pct":71.9,"valid_pixels":184},"geometry":{"type":"Polygon","coordinates":[[[118.833951,32.12713],[118.83925,32.127054],[118.83934,32.131562],[118.834042,32.131639],[118.833951,32.12713]]]}},{"type":"Feature","id":"g31-31","properties":{"lst_mean_c":45.51,"ndvi_mean":0.419,"green_share_pct":77.2,"hot_share_pct":1.1,"coverage_pct":96.7,"valid_pixels":263},"geometry":{"type":"Polygon","coordinates":[[[118.83925,32.127054],[118.844548,32.126976],[118.844638,32.131485],[118.83934,32.131562],[118.83925,32.127054]]]}},{"type":"Feature","id":"g32-31","properties":{"lst_mean_c":42.94,"ndvi_mean":0.55,"green_share_pct":74.9,"hot_share_pct":1.5,"coverage_pct":95.2,"valid_pixels":259},"geometry":{"type":"Polygon","coordinates":[[[118.844548,32.126976],[118.849846,32.126899],[118.849937,32.131408],[118.844638,32.131485],[118.844548,32.126976]]]}},{"type":"Feature","id":"g33-31","properties":{"lst_mean_c":45.38,"ndvi_mean":0.592,"green_share_pct":96.2,"hot_share_pct":10.4,"coverage_pct":93.8,"valid_pixels":240},"geometry":{"type":"Polygon","coordinates":[[[118.849846,32.126899],[118.855144,32.126822],[118.855235,32.13133],[118.849937,32.131408],[118.849846,32.126899]]]}},{"type":"Feature","id":"g34-31","properties":{"lst_mean_c":47.23,"ndvi_mean":0.423,"green_share_pct":64.1,"hot_share_pct":40.7,"coverage_pct":61.4,"valid_pixels":167},"geometry":{"type":"Polygon","coordinates":[[[118.855144,32.126822],[118.860442,32.126744],[118.860533,32.131252],[118.855235,32.13133],[118.855144,32.126822]]]}},{"type":"Feature","id":"g37-31","properties":{"lst_mean_c":49.32,"ndvi_mean":0.423,"green_share_pct":80.9,"hot_share_pct":60.7,"coverage_pct":100.0,"valid_pixels":272},"geometry":{"type":"Polygon","coordinates":[[[118.871038,32.126588],[118.876336,32.126509],[118.876428,32.131018],[118.87113,32.131096],[118.871038,32.126588]]]}},{"type":"Feature","id":"g39-31","properties":{"lst_mean_c":45.56,"ndvi_mean":0.482,"green_share_pct":96.6,"hot_share_pct":3.4,"coverage_pct":68.4,"valid_pixels":175},"geometry":{"type":"Polygon","coordinates":[[[118.881634,32.12643],[118.886931,32.126352],[118.887024,32.13086],[118.881726,32.130939],[118.881634,32.12643]]]}},{"type":"Feature","id":"g40-31","properties":{"lst_mean_c":46.74,"ndvi_mean":0.475,"green_share_pct":91.6,"hot_share_pct":7.4,"coverage_pct":79.0,"valid_pixels":215},"geometry":{"type":"Polygon","coordinates":[[[118.886931,32.126352],[118.892229,32.126273],[118.892322,32.130781],[118.887024,32.13086],[118.886931,32.126352]]]}},{"type":"Feature","id":"g41-31","properties":{"lst_mean_c":47.27,"ndvi_mean":0.451,"green_share_pct":72.8,"hot_share_pct":30.1,"coverage_pct":100.0,"valid_pixels":272},"geometry":{"type":"Polygon","coordinates":[[[118.892229,32.126273],[118.897527,32.126193],[118.897621,32.130702],[118.892322,32.130781],[118.892229,32.126273]]]}},{"type":"Feature","id":"g42-31","properties":{"lst_mean_c":49.26,"ndvi_mean":0.324,"green_share_pct":49.6,"hot_share_pct":70.3,"coverage_pct":100.0,"valid_pixels":256},"geometry":{"type":"Polygon","coordinates":[[[118.897527,32.126193],[118.902825,32.126114],[118.902919,32.130622],[118.897621,32.130702],[118.897527,32.126193]]]}},{"type":"Feature","id":"g43-31","properties":{"lst_mean_c":50.21,"ndvi_mean":0.345,"green_share_pct":52.2,"hot_share_pct":83.8,"coverage_pct":100.0,"valid_pixels":272},"geometry":{"type":"Polygon","coordinates":[[[118.902825,32.126114],[118.908123,32.126034],[118.908217,32.130542],[118.902919,32.130622],[118.902825,32.126114]]]}},{"type":"Feature","id":"g44-31","properties":{"lst_mean_c":45.39,"ndvi_mean":0.561,"green_share_pct":84.8,"hot_share_pct":15.7,"coverage_pct":72.4,"valid_pixels":197},"geometry":{"type":"Polygon","coordinates":[[[118.908123,32.126034],[118.913421,32.125954],[118.913515,32.130462],[118.908217,32.130542],[118.908123,32.126034]]]}},{"type":"Feature","id":"g46-31","properties":{"lst_mean_c":46.85,"ndvi_mean":0.529,"green_share_pct":93.9,"hot_share_pct":6.6,"coverage_pct":72.8,"valid_pixels":198},"geometry":{"type":"Polygon","coordinates":[[[118.918719,32.125874],[118.924016,32.125793],[118.924111,32.130302],[118.918813,32.130382],[118.918719,32.125874]]]}},{"type":"Feature","id":"g47-31","properties":{"lst_mean_c":47.45,"ndvi_mean":0.494,"green_share_pct":93.0,"hot_share_pct":20.6,"coverage_pct":100.0,"valid_pixels":272},"geometry":{"type":"Polygon","coordinates":[[[118.924016,32.125793],[118.929314,32.125713],[118.929409,32.130221],[118.924111,32.130302],[118.924016,32.125793]]]}},{"type":"Feature","id":"g48-31","properties":{"lst_mean_c":49.12,"ndvi_mean":0.432,"green_share_pct":81.6,"hot_share_pct":68.4,"coverage_pct":100.0,"valid_pixels":256},"geometry":{"type":"Polygon","coordinates":[[[118.929314,32.125713],[118.934612,32.125632],[118.934707,32.13014],[118.929409,32.130221],[118.929314,32.125713]]]}},{"type":"Feature","id":"g49-31","properties":{"lst_mean_c":47.33,"ndvi_mean":0.488,"green_share_pct":86.4,"hot_share_pct":25.0,"coverage_pct":100.0,"valid_pixels":272},"geometry":{"type":"Polygon","coordinates":[[[118.934612,32.125632],[118.939909,32.125551],[118.940005,32.130059],[118.934707,32.13014],[118.934612,32.125632]]]}},{"type":"Feature","id":"g50-31","properties":{"lst_mean_c":45.11,"ndvi_mean":0.555,"green_share_pct":94.1,"hot_share_pct":1.1,"coverage_pct":100.0,"valid_pixels":272},"geometry":{"type":"Polygon","coordinates":[[[118.939909,32.125551],[118.945207,32.125469],[118.945303,32.129978],[118.940005,32.130059],[118.939909,32.125551]]]}},{"type":"Feature","id":"g51-31","properties":{"lst_mean_c":45.21,"ndvi_mean":0.438,"green_share_pct":86.3,"hot_share_pct":5.2,"coverage_pct":97.3,"valid_pixels":249},"geometry":{"type":"Polygon","coordinates":[[[118.945207,32.125469],[118.950505,32.125388],[118.950601,32.129896],[118.945303,32.129978],[118.945207,32.125469]]]}},{"type":"Feature","id":"g52-31","properties":{"lst_mean_c":41.14,"ndvi_mean":0.689,"green_share_pct":99.2,"hot_share_pct":0.0,"coverage_pct":100.0,"valid_pixels":128},"geometry":{"type":"Polygon","coordinates":[[[118.950505,32.125388],[118.955802,32.125306],[118.955899,32.129814],[118.950601,32.129896],[118.950505,32.125388]]]}},{"type":"Feature","id":"g0-32","properties":{"lst_mean_c":44.88,"ndvi_mean":0.596,"green_share_pct":98.0,"hot_share_pct":11.8,"coverage_pct":100.0,"valid_pixels":102},"geometry":{"type":"Polygon","coordinates":[[[118.675082,32.133843],[118.680381,32.133772],[118.680463,32.138281],[118.675164,32.138352],[118.675082,32.133843]]]}},{"type":"Feature","id":"g1-32","properties":{"lst_mean_c":42.91,"ndvi_mean":0.693,"green_share_pct":98.3,"hot_share_pct":8.7,"coverage_pct":100.0,"valid_pixels":289},"geometry":{"type":"Polygon","coordinates":[[[118.680381,32.133772],[118.68568,32.133702],[118.685763,32.138211],[118.680463,32.138281],[118.680381,32.133772]]]}},{"type":"Feature","id":"g2-32","properties":{"lst_mean_c":43.92,"ndvi_mean":0.644,"green_share_pct":95.8,"hot_share_pct":1.7,"coverage_pct":100.0,"valid_pixels":289},"geometry":{"type":"Polygon","coordinates":[[[118.68568,32.133702],[118.690978,32.133631],[118.691062,32.13814],[118.685763,32.138211],[118.68568,32.133702]]]}},{"type":"Feature","id":"g3-32","properties":{"lst_mean_c":47.16,"ndvi_mean":0.566,"green_share_pct":88.2,"hot_share_pct":28.7,"coverage_pct":100.0,"valid_pixels":272},"geometry":{"type":"Polygon","coordinates":[[[118.690978,32.133631],[118.696277,32.13356],[118.696361,32.138069],[118.691062,32.13814],[118.690978,32.133631]]]}},{"type":"Feature","id":"g4-32","properties":{"lst_mean_c":47.66,"ndvi_mean":0.432,"green_share_pct":78.5,"hot_share_pct":33.0,"coverage_pct":99.7,"valid_pixels":288},"geometry":{"type":"Polygon","coordinates":[[[118.696277,32.13356],[118.701576,32.133489],[118.70166,32.137998],[118.696361,32.138069],[118.696277,32.13356]]]}},{"type":"Feature","id":"g5-32","properties":{"lst_mean_c":48.42,"ndvi_mean":0.437,"green_share_pct":81.7,"hot_share_pct":44.6,"coverage_pct":100.0,"valid_pixels":289},"geometry":{"type":"Polygon","coordinates":[[[118.701576,32.133489],[118.706875,32.133418],[118.706959,32.137927],[118.70166,32.137998],[118.701576,32.133489]]]}},{"type":"Feature","id":"g6-32","properties":{"lst_mean_c":49.6,"ndvi_mean":0.39,"green_share_pct":63.6,"hot_share_pct":61.0,"coverage_pct":100.0,"valid_pixels":272},"geometry":{"type":"Polygon","coordinates":[[[118.706875,32.133418],[118.712174,32.133346],[118.712258,32.137855],[118.706959,32.137927],[118.706875,32.133418]]]}},{"type":"Feature","id":"g7-32","properties":{"lst_mean_c":47.22,"ndvi_mean":0.454,"green_share_pct":78.5,"hot_share_pct":28.3,"coverage_pct":70.9,"valid_pixels":205},"geometry":{"type":"Polygon","coordinates":[[[118.712174,32.133346],[118.717473,32.133275],[118.717557,32.137783],[118.712258,32.137855],[118.712174,32.133346]]]}},{"type":"Feature","id":"g11-32","properties":{"lst_mean_c":48.55,"ndvi_mean":0.335,"green_share_pct":61.2,"hot_share_pct":65.4,"coverage_pct":100.0,"valid_pixels":289},"geometry":{"type":"Polygon","coordinates":[[[118.733369,32.133058],[118.738668,32.132985],[118.738753,32.137494],[118.733454,32.137567],[118.733369,32.133058]]]}},{"type":"Feature","id":"g12-32","properties":{"lst_mean_c":45.39,"ndvi_mean":0.405,"green_share_pct":82.0,"hot_share_pct":8.1,"coverage_pct":100.0,"valid_pixels":272},"geometry":{"type":"Polygon","coordinates":[[[118.738668,32.132985],[118.743966,32.132912],[118.744052,32.137421],[118.738753,32.137494],[118.738668,32.132985]]]}},{"type":"Feature","id":"g13-32","properties":{"lst_mean_c":41.84,"ndvi_mean":0.543,"green_share_pct":87.3,"hot_share_pct":0.0,"coverage_pct":97.9,"valid_pixels":283},"geometry":{"type":"Polygon","coordinates":[[[118.743966,32.132912],[118.749265,32.132839],[118.749351,32.137348],[118.744052,32.137421],[118.743966,32.132912]]]}},{"type":"Feature","id":"g21-32","properties":{"lst_mean_c":38.74,"ndvi_mean":0.598,"green_share_pct":93.9,"hot_share_pct":0.0,"coverage_pct":60.3,"valid_pixels":164},"geometry":{"type":"Polygon","coordinates":[[[118.786356,32.132321],[118.791654,32.132246],[118.791742,32.136755],[118.786443,32.13683],[118.786356,32.132321]]]}},{"type":"Feature","id":"g22-32","properties":{"lst_mean_c":35.61,"ndvi_mean":0.757,"green_share_pct":100.0,"hot_share_pct":0.0,"coverage_pct":100.0,"valid_pixels":289},"geometry":{"type":"Polygon","coordinates":[[[118.791654,32.132246],[118.796953,32.132171],[118.797041,32.13668],[118.791742,32.136755],[118.791654,32.132246]]]}},{"type":"Feature","id":"g23-32","properties":{"lst_mean_c":37.76,"ndvi_mean":0.786,"green_share_pct":99.7,"hot_share_pct":0.0,"coverage_pct":100.0,"valid_pixels":289},"geometry":{"type":"Polygon","coordinates":[[[118.796953,32.132171],[118.802251,32.132096],[118.80234,32.136604],[118.797041,32.13668],[118.796953,32.132171]]]}},{"type":"Feature","id":"g24-32","properties":{"lst_mean_c":42.63,"ndvi_mean":0.654,"green_share_pct":89.0,"hot_share_pct":7.0,"coverage_pct":100.0,"valid_pixels":272},"geometry":{"type":"Polygon","coordinates":[[[118.802251,32.132096],[118.80755,32.13202],[118.807638,32.136529],[118.80234,32.136604],[118.802251,32.132096]]]}},{"type":"Feature","id":"g25-32","properties":{"lst_mean_c":48.31,"ndvi_mean":0.44,"green_share_pct":72.7,"hot_share_pct":59.5,"coverage_pct":100.0,"valid_pixels":289},"geometry":{"type":"Polygon","coordinates":[[[118.80755,32.13202],[118.812848,32.131944],[118.812937,32.136453],[118.807638,32.136529],[118.80755,32.13202]]]}},{"type":"Feature","id":"g26-32","properties":{"lst_mean_c":51.01,"ndvi_mean":0.318,"green_share_pct":43.6,"hot_share_pct":91.7,"coverage_pct":100.0,"valid_pixels":289},"geometry":{"type":"Polygon","coordinates":[[[118.812848,32.131944],[118.818146,32.131868],[118.818236,32.136377],[118.812937,32.136453],[118.812848,32.131944]]]}},{"type":"Feature","id":"g27-32","properties":{"lst_mean_c":47.16,"ndvi_mean":0.44,"green_share_pct":83.8,"hot_share_pct":33.5,"coverage_pct":100.0,"valid_pixels":272},"geometry":{"type":"Polygon","coordinates":[[[118.818146,32.131868],[118.823445,32.131792],[118.823535,32.136301],[118.818236,32.136377],[118.818146,32.131868]]]}},{"type":"Feature","id":"g28-32","properties":{"lst_mean_c":46.29,"ndvi_mean":0.412,"green_share_pct":70.1,"hot_share_pct":13.3,"coverage_pct":91.3,"valid_pixels":264},"geometry":{"type":"Polygon","coordinates":[[[118.823445,32.131792],[118.828743,32.131716],[118.828833,32.136224],[118.823535,32.136301],[118.823445,32.131792]]]}},{"type":"Feature","id":"g29-32","properties":{"lst_mean_c":46.81,"ndvi_mean":0.403,"green_share_pct":74.3,"hot_share_pct":29.2,"coverage_pct":99.7,"valid_pixels":288},"geometry":{"type":"Polygon","coordinates":[[[118.828743,32.131716],[118.834042,32.131639],[118.834132,32.136147],[118.828833,32.136224],[118.828743,32.131716]]]}},{"type":"Feature","id":"g30-32","properties":{"lst_mean_c":45.76,"ndvi_mean":0.377,"green_share_pct":68.4,"hot_share_pct":9.6,"coverage_pct":100.0,"valid_pixels":272},"geometry":{"type":"Polygon","coordinates":[[[118.834042,32.131639],[118.83934,32.131562],[118.839431,32.13607],[118.834132,32.136147],[118.834042,32.131639]]]}},{"type":"Feature","id":"g31-32","properties":{"lst_mean_c":46.0,"ndvi_mean":0.395,"green_share_pct":79.1,"hot_share_pct":0.0,"coverage_pct":69.6,"valid_pixels":201},"geometry":{"type":"Polygon","coordinates":[[[118.83934,32.131562],[118.844638,32.131485],[118.844729,32.135993],[118.839431,32.13607],[118.83934,32.131562]]]}},{"type":"Feature","id":"g35-32","properties":{"lst_mean_c":50.96,"ndvi_mean":0.396,"green_share_pct":62.9,"hot_share_pct":76.3,"coverage_pct":64.4,"valid_pixels":186},"geometry":{"type":"Polygon","coordinates":[[[118.860533,32.131252],[118.865831,32.131174],[118.865923,32.135683],[118.860625,32.135761],[118.860533,32.131252]]]}},{"type":"Feature","id":"g36-32","properties":{"lst_mean_c":43.63,"ndvi_mean":0.65,"green_share_pct":88.8,"hot_share_pct":15.0,"coverage_pct":95.6,"valid_pixels":260},"geometry":{"type":"Polygon","coordinates":[[[118.865831,32.131174],[118.87113,32.131096],[118.871222,32.135604],[118.865923,32.135683],[118.865831,32.131174]]]}},{"type":"Feature","id":"g37-32","properties":{"lst_mean_c":44.76,"ndvi_mean":0.483,"green_share_pct":84.5,"hot_share_pct":0.0,"coverage_pct":91.7,"valid_pixels":265},"geometry":{"type":"Polygon","coordinates":[[[118.87113,32.131096],[118.876428,32.131018],[118.87652,32.135526],[118.871222,32.135604],[118.87113,32.131096]]]}},{"type":"Feature","id":"g38-32","properties":{"lst_mean_c":45.78,"ndvi_mean":0.485,"green_share_pct":92.0,"hot_share_pct":3.8,"coverage_pct":100.0,"valid_pixels":289},"geometry":{"type":"Polygon","coordinates":[[[118.876428,32.131018],[118.881726,32.130939],[118.881819,32.135447],[118.87652,32.135526],[118.876428,32.131018]]]}},{"type":"Feature","id":"g39-32","properties":{"lst_mean_c":46.35,"ndvi_mean":0.399,"green_share_pct":79.8,"hot_share_pct":3.7,"coverage_pct":100.0,"valid_pixels":272},"geometry":{"type":"Polygon","coordinates":[[[118.881726,32.130939],[118.887024,32.13086],[118.887117,32.135368],[118.881819,32.135447],[118.881726,32.130939]]]}},{"type":"Feature","id":"g40-32","properties":{"lst_mean_c":48.85,"ndvi_mean":0.396,"green_share_pct":75.2,"hot_share_pct":50.8,"coverage_pct":89.3,"valid_pixels":258},"geometry":{"type":"Polygon","coordinates":[[[118.887024,32.13086],[118.892322,32.130781],[118.892416,32.135289],[118.887117,32.135368],[118.887024,32.13086]]]}},{"type":"Feature","id":"g41-32","properties":{"lst_mean_c":52.81,"ndvi_mean":0.276,"green_share_pct":40.1,"hot_share_pct":93.8,"coverage_pct":100.0,"valid_pixels":289},"geometry":{"type":"Polygon","coordinates":[[[118.892322,32.130781],[118.897621,32.130702],[118.897714,32.13521],[118.892416,32.135289],[118.892322,32.130781]]]}},{"type":"Feature","id":"g42-32","properties":{"lst_mean_c":49.15,"ndvi_mean":0.411,"green_share_pct":57.7,"hot_share_pct":61.8,"coverage_pct":100.0,"valid_pixels":272},"geometry":{"type":"Polygon","coordinates":[[[118.897621,32.130702],[118.902919,32.130622],[118.903012,32.13513],[118.897714,32.13521],[118.897621,32.130702]]]}},{"type":"Feature","id":"g43-32","properties":{"lst_mean_c":50.25,"ndvi_mean":0.301,"green_share_pct":35.3,"hot_share_pct":84.1,"coverage_pct":100.0,"valid_pixels":289},"geometry":{"type":"Polygon","coordinates":[[[118.902919,32.130622],[118.908217,32.130542],[118.908311,32.13505],[118.903012,32.13513],[118.902919,32.130622]]]}},{"type":"Feature","id":"g44-32","properties":{"lst_mean_c":45.06,"ndvi_mean":0.561,"green_share_pct":85.5,"hot_share_pct":8.0,"coverage_pct":100.0,"valid_pixels":289},"geometry":{"type":"Polygon","coordinates":[[[118.908217,32.130542],[118.913515,32.130462],[118.913609,32.13497],[118.908311,32.13505],[118.908217,32.130542]]]}},{"type":"Feature","id":"g45-32","properties":{"lst_mean_c":45.74,"ndvi_mean":0.494,"green_share_pct":80.0,"hot_share_pct":14.1,"coverage_pct":99.3,"valid_pixels":270},"geometry":{"type":"Polygon","coordinates":[[[118.913515,32.130462],[118.918813,32.130382],[118.918907,32.13489],[118.913609,32.13497],[118.913515,32.130462]]]}},{"type":"Feature","id":"g46-32","properties":{"lst_mean_c":45.61,"ndvi_mean":0.56,"green_share_pct":87.9,"hot_share_pct":5.9,"coverage_pct":100.0,"valid_pixels":289},"geometry":{"type":"Polygon","coordinates":[[[118.918813,32.130382],[118.924111,32.130302],[118.924206,32.13481],[118.918907,32.13489],[118.918813,32.130382]]]}},{"type":"Feature","id":"g47-32","properties":{"lst_mean_c":45.64,"ndvi_mean":0.611,"green_share_pct":90.0,"hot_share_pct":21.5,"coverage_pct":100.0,"valid_pixels":289},"geometry":{"type":"Polygon","coordinates":[[[118.924111,32.130302],[118.929409,32.130221],[118.929504,32.134729],[118.924206,32.13481],[118.924111,32.130302]]]}},{"type":"Feature","id":"g48-32","properties":{"lst_mean_c":47.24,"ndvi_mean":0.457,"green_share_pct":84.2,"hot_share_pct":36.4,"coverage_pct":100.0,"valid_pixels":272},"geometry":{"type":"Polygon","coordinates":[[[118.929409,32.130221],[118.934707,32.13014],[118.934802,32.134648],[118.929504,32.134729],[118.929409,32.130221]]]}},{"type":"Feature","id":"g49-32","properties":{"lst_mean_c":48.1,"ndvi_mean":0.485,"green_share_pct":84.4,"hot_share_pct":42.9,"coverage_pct":100.0,"valid_pixels":289},"geometry":{"type":"Polygon","coordinates":[[[118.934707,32.13014],[118.940005,32.130059],[118.9401,32.134567],[118.934802,32.134648],[118.934707,32.13014]]]}},{"type":"Feature","id":"g50-32","properties":{"lst_mean_c":43.46,"ndvi_mean":0.609,"green_share_pct":98.3,"hot_share_pct":0.0,"coverage_pct":99.7,"valid_pixels":288},"geometry":{"type":"Polygon","coordinates":[[[118.940005,32.130059],[118.945303,32.129978],[118.945399,32.134486],[118.9401,32.134567],[118.940005,32.130059]]]}},{"type":"Feature","id":"g51-32","properties":{"lst_mean_c":45.37,"ndvi_mean":0.51,"green_share_pct":90.1,"hot_share_pct":0.4,"coverage_pct":100.0,"valid_pixels":272},"geometry":{"type":"Polygon","coordinates":[[[118.945303,32.129978],[118.950601,32.129896],[118.950697,32.134404],[118.945399,32.134486],[118.945303,32.129978]]]}},{"type":"Feature","id":"g52-32","properties":{"lst_mean_c":44.49,"ndvi_mean":0.506,"green_share_pct":95.6,"hot_share_pct":0.0,"coverage_pct":100.0,"valid_pixels":136},"geometry":{"type":"Polygon","coordinates":[[[118.950601,32.129896],[118.955899,32.129814],[118.955995,32.134322],[118.950697,32.134404],[118.950601,32.129896]]]}},{"type":"Feature","id":"g0-33","properties":{"lst_mean_c":47.81,"ndvi_mean":0.497,"green_share_pct":81.4,"hot_share_pct":47.1,"coverage_pct":100.0,"valid_pixels":102},"geometry":{"type":"Polygon","coordinates":[[[118.675164,32.138352],[118.680463,32.138281],[118.680546,32.14279],[118.675247,32.14286],[118.675164,32.138352]]]}},{"type":"Feature","id":"g1-33","properties":{"lst_mean_c":44.69,"ndvi_mean":0.604,"green_share_pct":95.5,"hot_share_pct":8.0,"coverage_pct":100.0,"valid_pixels":289},"geometry":{"type":"Polygon","coordinates":[[[118.680463,32.138281],[118.685763,32.138211],[118.685846,32.14272],[118.680546,32.14279],[118.680463,32.138281]]]}},{"type":"Feature","id":"g2-33","properties":{"lst_mean_c":46.87,"ndvi_mean":0.496,"green_share_pct":83.0,"hot_share_pct":42.6,"coverage_pct":100.0,"valid_pixels":289},"geometry":{"type":"Polygon","coordinates":[[[118.685763,32.138211],[118.691062,32.13814],[118.691145,32.142649],[118.685846,32.14272],[118.685763,32.138211]]]}},{"type":"Feature","id":"g3-33","properties":{"lst_mean_c":48.39,"ndvi_mean":0.451,"green_share_pct":78.7,"hot_share_pct":54.8,"coverage_pct":100.0,"valid_pixels":272},"geometry":{"type":"Polygon","coordinates":[[[118.691062,32.13814],[118.696361,32.138069],[118.696444,32.142578],[118.691145,32.142649],[118.691062,32.13814]]]}},{"type":"Feature","id":"g4-33","properties":{"lst_mean_c":47.63,"ndvi_mean":0.431,"green_share_pct":75.8,"hot_share_pct":39.8,"coverage_pct":100.0,"valid_pixels":289},"geometry":{"type":"Polygon","coordinates":[[[118.696361,32.138069],[118.70166,32.137998],[118.701744,32.142507],[118.696444,32.142578],[118.696361,32.138069]]]}},{"type":"Feature","id":"g5-33","properties":{"lst_mean_c":48.13,"ndvi_mean":0.402,"green_share_pct":79.0,"hot_share_pct":46.2,"coverage_pct":99.0,"valid_pixels":286},"geometry":{"type":"Polygon","coordinates":[[[118.70166,32.137998],[118.706959,32.137927],[118.707043,32.142435],[118.701744,32.142507],[118.70166,32.137998]]]}},{"type":"Feature","id":"g10-33","properties":{"lst_mean_c":49.31,"ndvi_mean":0.421,"green_share_pct":82.8,"hot_share_pct":67.2,"coverage_pct":84.4,"valid_pixels":244},"geometry":{"type":"Polygon","coordinates":[[[118.728155,32.137639],[118.733454,32.137567],[118.73354,32.142075],[118.72824,32.142148],[118.728155,32.137639]]]}},{"type":"Feature","id":"g11-33","properties":{"lst_mean_c":47.79,"ndvi_mean":0.374,"green_share_pct":69.6,"hot_share_pct":46.0,"coverage_pct":100.0,"valid_pixels":289},"geometry":{"type":"Polygon","coordinates":[[[118.733454,32.137567],[118.738753,32.137494],[118.738839,32.142003],[118.73354,32.142075],[118.733454,32.137567]]]}},{"type":"Feature","id":"g12-33","properties":{"lst_mean_c":46.63,"ndvi_mean":0.396,"green_share_pct":66.2,"hot_share_pct":23.2,"coverage_pct":100.0,"valid_pixels":272},"geometry":{"type":"Polygon","coordinates":[[[118.738753,32.137494],[118.744052,32.137421],[118.744138,32.14193],[118.738839,32.142003],[118.738753,32.137494]]]}},{"type":"Feature","id":"g13-33","properties":{"lst_mean_c":44.43,"ndvi_mean":0.458,"green_share_pct":95.2,"hot_share_pct":1.0,"coverage_pct":100.0,"valid_pixels":289},"geometry":{"type":"Polygon","coordinates":[[[118.744052,32.137421],[118.749351,32.137348],[118.749437,32.141856],[118.744138,32.14193],[118.744052,32.137421]]]}},{"type":"Feature","id":"g14-33","properties":{"lst_mean_c":38.81,"ndvi_mean":0.617,"green_share_pct":97.6,"hot_share_pct":0.0,"coverage_pct":100.0,"valid_pixels":289},"geometry":{"type":"Polygon","coordinates":[[[118.749351,32.137348],[118.75465,32.137274],[118.754737,32.141783],[118.749437,32.141856],[118.749351,32.137348]]]}},{"type":"Feature","id":"g15-33","properties":{"lst_mean_c":34.32,"ndvi_mean":0.67,"green_share_pct":96.9,"hot_share_pct":0.0,"coverage_pct":71.0,"valid_pixels":193},"geometry":{"type":"Polygon","coordinates":[[[118.75465,32.137274],[118.759949,32.137201],[118.760036,32.141709],[118.754737,32.141783],[118.75465,32.137274]]]}},{"type":"Feature","id":"g23-33","properties":{"lst_mean_c":37.75,"ndvi_mean":0.746,"green_share_pct":100.0,"hot_share_pct":0.0,"coverage_pct":97.9,"valid_pixels":283},"geometry":{"type":"Polygon","coordinates":[[[118.797041,32.13668],[118.80234,32.136604],[118.802428,32.141113],[118.797129,32.141188],[118.797041,32.13668]]]}},{"type":"Feature","id":"g24-33","properties":{"lst_mean_c":40.45,"ndvi_mean":0.731,"green_share_pct":97.8,"hot_share_pct":2.6,"coverage_pct":100.0,"valid_pixels":272},"geometry":{"type":"Polygon","coordinates":[[[118.80234,32.136604],[118.807638,32.136529],[118.807727,32.141037],[118.802428,32.141113],[118.80234,32.136604]]]}},{"type":"Feature","id":"g25-33","properties":{"lst_mean_c":47.44,"ndvi_mean":0.496,"green_share_pct":77.5,"hot_share_pct":47.4,"coverage_pct":100.0,"valid_pixels":289},"geometry":{"type":"Polygon","coordinates":[[[118.807638,32.136529],[118.812937,32.136453],[118.813026,32.140961],[118.807727,32.141037],[118.807638,32.136529]]]}},{"type":"Feature","id":"g26-33","properties":{"lst_mean_c":50.2,"ndvi_mean":0.347,"green_share_pct":57.1,"hot_share_pct":82.0,"coverage_pct":100.0,"valid_pixels":289},"geometry":{"type":"Polygon","coordinates":[[[118.812937,32.136453],[118.818236,32.136377],[118.818325,32.140885],[118.813026,32.140961],[118.812937,32.136453]]]}},{"type":"Feature","id":"g27-33","properties":{"lst_mean_c":45.88,"ndvi_mean":0.429,"green_share_pct":80.5,"hot_share_pct":11.4,"coverage_pct":100.0,"valid_pixels":272},"geometry":{"type":"Polygon","coordinates":[[[118.818236,32.136377],[118.823535,32.136301],[118.823624,32.140809],[118.818325,32.140885],[118.818236,32.136377]]]}},{"type":"Feature","id":"g29-33","properties":{"lst_mean_c":45.03,"ndvi_mean":0.325,"green_share_pct":51.1,"hot_share_pct":0.7,"coverage_pct":96.2,"valid_pixels":278},"geometry":{"type":"Polygon","coordinates":[[[118.828833,32.136224],[118.834132,32.136147],[118.834222,32.140656],[118.828923,32.140733],[118.828833,32.136224]]]}},{"type":"Feature","id":"g30-33","properties":{"lst_mean_c":45.48,"ndvi_mean":0.408,"green_share_pct":71.3,"hot_share_pct":9.9,"coverage_pct":100.0,"valid_pixels":272},"geometry":{"type":"Polygon","coordinates":[[[118.834132,32.136147],[118.839431,32.13607],[118.839521,32.140579],[118.834222,32.140656],[118.834132,32.136147]]]}},{"type":"Feature","id":"g31-33","properties":{"lst_mean_c":45.66,"ndvi_mean":0.37,"green_share_pct":69.6,"hot_share_pct":1.1,"coverage_pct":94.5,"valid_pixels":273},"geometry":{"type":"Polygon","coordinates":[[[118.839431,32.13607],[118.844729,32.135993],[118.84482,32.140502],[118.839521,32.140579],[118.839431,32.13607]]]}},{"type":"Feature","id":"g32-33","properties":{"lst_mean_c":50.16,"ndvi_mean":0.371,"green_share_pct":48.6,"hot_share_pct":63.1,"coverage_pct":61.9,"valid_pixels":179},"geometry":{"type":"Polygon","coordinates":[[[118.844729,32.135993],[118.850028,32.135916],[118.850119,32.140424],[118.84482,32.140502],[118.844729,32.135993]]]}},{"type":"Feature","id":"g36-33","properties":{"lst_mean_c":51.97,"ndvi_mean":0.267,"green_share_pct":44.8,"hot_share_pct":98.0,"coverage_pct":74.6,"valid_pixels":203},"geometry":{"type":"Polygon","coordinates":[[[118.865923,32.135683],[118.871222,32.135604],[118.871314,32.140113],[118.866015,32.140191],[118.865923,32.135683]]]}},{"type":"Feature","id":"g39-33","properties":{"lst_mean_c":46.12,"ndvi_mean":0.363,"green_share_pct":68.2,"hot_share_pct":17.7,"coverage_pct":70.6,"valid_pixels":192},"geometry":{"type":"Polygon","coordinates":[[[118.881819,32.135447],[118.887117,32.135368],[118.88721,32.139877],[118.881911,32.139956],[118.881819,32.135447]]]}},{"type":"Feature","id":"g41-33","properties":{"lst_mean_c":52.19,"ndvi_mean":0.364,"green_share_pct":59.0,"hot_share_pct":90.3,"coverage_pct":78.5,"valid_pixels":227},"geometry":{"type":"Polygon","coordinates":[[[118.892416,32.135289],[118.897714,32.13521],[118.897807,32.139718],[118.892509,32.139798],[118.892416,32.135289]]]}},{"type":"Feature","id":"g42-33","properties":{"lst_mean_c":49.1,"ndvi_mean":0.453,"green_share_pct":71.7,"hot_share_pct":65.7,"coverage_pct":85.7,"valid_pixels":233},"geometry":{"type":"Polygon","coordinates":[[[118.897714,32.13521],[118.903012,32.13513],[118.903106,32.139639],[118.897807,32.139718],[118.897714,32.13521]]]}},{"type":"Feature","id":"g43-33","properties":{"lst_mean_c":49.05,"ndvi_mean":0.383,"green_share_pct":56.4,"hot_share_pct":61.6,"coverage_pct":100.0,"valid_pixels":289},"geometry":{"type":"Polygon","coordinates":[[[118.903012,32.13513],[118.908311,32.13505],[118.908405,32.139559],[118.903106,32.139639],[118.903012,32.13513]]]}},{"type":"Feature","id":"g44-33","properties":{"lst_mean_c":46.64,"ndvi_mean":0.41,"green_share_pct":61.9,"hot_share_pct":36.7,"coverage_pct":100.0,"valid_pixels":289},"geometry":{"type":"Polygon","coordinates":[[[118.908311,32.13505],[118.913609,32.13497],[118.913703,32.139479],[118.908405,32.139559],[118.908311,32.13505]]]}},{"type":"Feature","id":"g45-33","properties":{"lst_mean_c":45.63,"ndvi_mean":0.567,"green_share_pct":79.0,"hot_share_pct":23.2,"coverage_pct":100.0,"valid_pixels":272},"geometry":{"type":"Polygon","coordinates":[[[118.913609,32.13497],[118.918907,32.13489],[118.919002,32.139399],[118.913703,32.139479],[118.913609,32.13497]]]}},{"type":"Feature","id":"g46-33","properties":{"lst_mean_c":48.24,"ndvi_mean":0.493,"green_share_pct":84.4,"hot_share_pct":48.1,"coverage_pct":100.0,"valid_pixels":289},"geometry":{"type":"Polygon","coordinates":[[[118.918907,32.13489],[118.924206,32.13481],[118.9243,32.139318],[118.919002,32.139399],[118.918907,32.13489]]]}},{"type":"Feature","id":"g47-33","properties":{"lst_mean_c":43.92,"ndvi_mean":0.621,"green_share_pct":88.5,"hot_share_pct":6.6,"coverage_pct":99.7,"valid_pixels":288},"geometry":{"type":"Polygon","coordinates":[[[118.924206,32.13481],[118.929504,32.134729],[118.929599,32.139237],[118.9243,32.139318],[118.924206,32.13481]]]}},{"type":"Feature","id":"g48-33","properties":{"lst_mean_c":41.59,"ndvi_mean":0.776,"green_share_pct":99.6,"hot_share_pct":0.0,"coverage_pct":100.0,"valid_pixels":272},"geometry":{"type":"Polygon","coordinates":[[[118.929504,32.134729],[118.934802,32.134648],[118.934897,32.139156],[118.929599,32.139237],[118.929504,32.134729]]]}},{"type":"Feature","id":"g49-33","properties":{"lst_mean_c":43.9,"ndvi_mean":0.658,"green_share_pct":95.2,"hot_share_pct":5.5,"coverage_pct":100.0,"valid_pixels":289},"geometry":{"type":"Polygon","coordinates":[[[118.934802,32.134648],[118.9401,32.134567],[118.940196,32.139075],[118.934897,32.139156],[118.934802,32.134648]]]}},{"type":"Feature","id":"g50-33","properties":{"lst_mean_c":46.16,"ndvi_mean":0.464,"green_share_pct":76.0,"hot_share_pct":23.6,"coverage_pct":99.7,"valid_pixels":288},"geometry":{"type":"Polygon","coordinates":[[[118.9401,32.134567],[118.945399,32.134486],[118.945494,32.138994],[118.940196,32.139075],[118.9401,32.134567]]]}},{"type":"Feature","id":"g51-33","properties":{"lst_mean_c":47.26,"ndvi_mean":0.488,"green_share_pct":89.3,"hot_share_pct":29.4,"coverage_pct":100.0,"valid_pixels":272},"geometry":{"type":"Polygon","coordinates":[[[118.945399,32.134486],[118.950697,32.134404],[118.950793,32.138912],[118.945494,32.138994],[118.945399,32.134486]]]}},{"type":"Feature","id":"g52-33","properties":{"lst_mean_c":44.63,"ndvi_mean":0.572,"green_share_pct":97.1,"hot_share_pct":0.0,"coverage_pct":100.0,"valid_pixels":136},"geometry":{"type":"Polygon","coordinates":[[[118.950697,32.134404],[118.955995,32.134322],[118.956091,32.138831],[118.950793,32.138912],[118.950697,32.134404]]]}},{"type":"Feature","id":"g0-34","properties":{"lst_mean_c":44.62,"ndvi_mean":0.619,"green_share_pct":99.0,"hot_share_pct":10.4,"coverage_pct":100.0,"valid_pixels":96},"geometry":{"type":"Polygon","coordinates":[[[118.675247,32.14286],[118.680546,32.14279],[118.680629,32.147299],[118.675329,32.147369],[118.675247,32.14286]]]}},{"type":"Feature","id":"g1-34","properties":{"lst_mean_c":41.56,"ndvi_mean":0.742,"green_share_pct":99.6,"hot_share_pct":0.0,"coverage_pct":100.0,"valid_pixels":272},"geometry":{"type":"Polygon","coordinates":[[[118.680546,32.14279],[118.685846,32.14272],[118.685929,32.147229],[118.680629,32.147299],[118.680546,32.14279]]]}},{"type":"Feature","id":"g2-34","properties":{"lst_mean_c":44.55,"ndvi_mean":0.513,"green_share_pct":83.8,"hot_share_pct":8.5,"coverage_pct":100.0,"valid_pixels":272},"geometry":{"type":"Polygon","coordinates":[[[118.685846,32.14272],[118.691145,32.142649],[118.691228,32.147158],[118.685929,32.147229],[118.685846,32.14272]]]}},{"type":"Feature","id":"g3-34","properties":{"lst_mean_c":46.78,"ndvi_mean":0.458,"green_share_pct":80.5,"hot_share_pct":24.6,"coverage_pct":100.0,"valid_pixels":256},"geometry":{"type":"Polygon","coordinates":[[[118.691145,32.142649],[118.696444,32.142578],[118.696528,32.147087],[118.691228,32.147158],[118.691145,32.142649]]]}},{"type":"Feature","id":"g4-34","properties":{"lst_mean_c":46.63,"ndvi_mean":0.532,"green_share_pct":95.6,"hot_share_pct":14.0,"coverage_pct":100.0,"valid_pixels":272},"geometry":{"type":"Polygon","coordinates":[[[118.696444,32.142578],[118.701744,32.142507],[118.701828,32.147016],[118.696528,32.147087],[118.696444,32.142578]]]}},{"type":"Feature","id":"g5-34","properties":{"lst_mean_c":47.7,"ndvi_mean":0.508,"green_share_pct":87.9,"hot_share_pct":36.0,"coverage_pct":100.0,"valid_pixels":272},"geometry":{"type":"Polygon","coordinates":[[[118.701744,32.142507],[118.707043,32.142435],[118.707127,32.146944],[118.701828,32.147016],[118.701744,32.142507]]]}},{"type":"Feature","id":"g6-34","properties":{"lst_mean_c":50.01,"ndvi_mean":0.413,"green_share_pct":81.8,"hot_share_pct":72.2,"coverage_pct":77.3,"valid_pixels":198},"geometry":{"type":"Polygon","coordinates":[[[118.707043,32.142435],[118.712342,32.142364],[118.712427,32.146873],[118.707127,32.146944],[118.707043,32.142435]]]}},{"type":"Feature","id":"g8-34","properties":{"lst_mean_c":49.51,"ndvi_mean":0.422,"green_share_pct":76.4,"hot_share_pct":70.9,"coverage_pct":74.6,"valid_pixels":203},"geometry":{"type":"Polygon","coordinates":[[[118.717642,32.142292],[118.722941,32.14222],[118.723026,32.146729],[118.717726,32.146801],[118.717642,32.142292]]]}},{"type":"Feature","id":"g10-34","properties":{"lst_mean_c":47.66,"ndvi_mean":0.457,"green_share_pct":96.7,"hot_share_pct":32.1,"coverage_pct":76.8,"valid_pixels":209},"geometry":{"type":"Polygon","coordinates":[[[118.72824,32.142148],[118.73354,32.142075],[118.733625,32.146584],[118.728325,32.146656],[118.72824,32.142148]]]}},{"type":"Feature","id":"g11-34","properties":{"lst_mean_c":47.37,"ndvi_mean":0.473,"green_share_pct":81.6,"hot_share_pct":39.3,"coverage_pct":100.0,"valid_pixels":272},"geometry":{"type":"Polygon","coordinates":[[[118.73354,32.142075],[118.738839,32.142003],[118.738925,32.146511],[118.733625,32.146584],[118.73354,32.142075]]]}},{"type":"Feature","id":"g12-34","properties":{"lst_mean_c":46.78,"ndvi_mean":0.465,"green_share_pct":80.9,"hot_share_pct":31.6,"coverage_pct":100.0,"valid_pixels":256},"geometry":{"type":"Polygon","coordinates":[[[118.738839,32.142003],[118.744138,32.14193],[118.744224,32.146438],[118.738925,32.146511],[118.738839,32.142003]]]}},{"type":"Feature","id":"g13-34","properties":{"lst_mean_c":47.42,"ndvi_mean":0.38,"green_share_pct":80.9,"hot_share_pct":25.4,"coverage_pct":100.0,"valid_pixels":272},"geometry":{"type":"Polygon","coordinates":[[[118.744138,32.14193],[118.749437,32.141856],[118.749523,32.146365],[118.744224,32.146438],[118.744138,32.14193]]]}},{"type":"Feature","id":"g14-34","properties":{"lst_mean_c":43.51,"ndvi_mean":0.481,"green_share_pct":92.6,"hot_share_pct":0.7,"coverage_pct":100.0,"valid_pixels":272},"geometry":{"type":"Polygon","coordinates":[[[118.749437,32.141856],[118.754737,32.141783],[118.754823,32.146292],[118.749523,32.146365],[118.749437,32.141856]]]}},{"type":"Feature","id":"g15-34","properties":{"lst_mean_c":36.28,"ndvi_mean":0.623,"green_share_pct":97.6,"hot_share_pct":0.0,"coverage_pct":99.2,"valid_pixels":254},"geometry":{"type":"Polygon","coordinates":[[[118.754737,32.141783],[118.760036,32.141709],[118.760122,32.146218],[118.754823,32.146292],[118.754737,32.141783]]]}},{"type":"Feature","id":"g16-34","properties":{"lst_mean_c":35.44,"ndvi_mean":0.639,"green_share_pct":98.9,"hot_share_pct":0.0,"coverage_pct":65.8,"valid_pixels":179},"geometry":{"type":"Polygon","coordinates":[[[118.760036,32.141709],[118.765335,32.141636],[118.765422,32.146144],[118.760122,32.146218],[118.760036,32.141709]]]}},{"type":"Feature","id":"g19-34","properties":{"lst_mean_c":36.55,"ndvi_mean":0.737,"green_share_pct":98.9,"hot_share_pct":0.0,"coverage_pct":97.1,"valid_pixels":264},"geometry":{"type":"Polygon","coordinates":[[[118.775933,32.141487],[118.781232,32.141413],[118.78132,32.145922],[118.776021,32.145996],[118.775933,32.141487]]]}},{"type":"Feature","id":"g20-34","properties":{"lst_mean_c":35.4,"ndvi_mean":0.683,"green_share_pct":97.7,"hot_share_pct":0.0,"coverage_pct":64.0,"valid_pixels":174},"geometry":{"type":"Polygon","coordinates":[[[118.781232,32.141413],[118.786531,32.141338],[118.786619,32.145847],[118.78132,32.145922],[118.781232,32.141413]]]}},{"type":"Feature","id":"g24-34","properties":{"lst_mean_c":38.42,"ndvi_mean":0.696,"green_share_pct":99.6,"hot_share_pct":0.0,"coverage_pct":91.4,"valid_pixels":234},"geometry":{"type":"Polygon","coordinates":[[[118.802428,32.141113],[118.807727,32.141037],[118.807816,32.145546],[118.802517,32.145621],[118.802428,32.141113]]]}},{"type":"Feature","id":"g25-34","properties":{"lst_mean_c":42.87,"ndvi_mean":0.646,"green_share_pct":95.9,"hot_share_pct":9.2,"coverage_pct":99.6,"valid_pixels":271},"geometry":{"type":"Polygon","coordinates":[[[118.807727,32.141037],[118.813026,32.140961],[118.813116,32.14547],[118.807816,32.145546],[118.807727,32.141037]]]}},{"type":"Feature","id":"g26-34","properties":{"lst_mean_c":47.86,"ndvi_mean":0.44,"green_share_pct":80.9,"hot_share_pct":46.3,"coverage_pct":100.0,"valid_pixels":272},"geometry":{"type":"Polygon","coordinates":[[[118.813026,32.140961],[118.818325,32.140885],[118.818415,32.145394],[118.813116,32.14547],[118.813026,32.140961]]]}},{"type":"Feature","id":"g27-34","properties":{"lst_mean_c":46.68,"ndvi_mean":0.358,"green_share_pct":66.0,"hot_share_pct":5.9,"coverage_pct":100.0,"valid_pixels":256},"geometry":{"type":"Polygon","coordinates":[[[118.818325,32.140885],[118.823624,32.140809],[118.823714,32.145318],[118.818415,32.145394],[118.818325,32.140885]]]}},{"type":"Feature","id":"g28-34","properties":{"lst_mean_c":44.95,"ndvi_mean":0.493,"green_share_pct":94.0,"hot_share_pct":0.4,"coverage_pct":97.8,"valid_pixels":266},"geometry":{"type":"Polygon","coordinates":[[[118.823624,32.140809],[118.828923,32.140733],[118.829013,32.145241],[118.823714,32.145318],[118.823624,32.140809]]]}},{"type":"Feature","id":"g29-34","properties":{"lst_mean_c":45.19,"ndvi_mean":0.414,"green_share_pct":73.9,"hot_share_pct":6.2,"coverage_pct":100.0,"valid_pixels":272},"geometry":{"type":"Polygon","coordinates":[[[118.828923,32.140733],[118.834222,32.140656],[118.834312,32.145164],[118.829013,32.145241],[118.828923,32.140733]]]}},{"type":"Feature","id":"g30-34","properties":{"lst_mean_c":47.34,"ndvi_mean":0.444,"green_share_pct":76.6,"hot_share_pct":47.3,"coverage_pct":100.0,"valid_pixels":256},"geometry":{"type":"Polygon","coordinates":[[[118.834222,32.140656],[118.839521,32.140579],[118.839612,32.145087],[118.834312,32.145164],[118.834222,32.140656]]]}},{"type":"Feature","id":"g31-34","properties":{"lst_mean_c":44.65,"ndvi_mean":0.531,"green_share_pct":85.3,"hot_share_pct":14.0,"coverage_pct":100.0,"valid_pixels":272},"geometry":{"type":"Polygon","coordinates":[[[118.839521,32.140579],[118.84482,32.140502],[118.844911,32.14501],[118.839612,32.145087],[118.839521,32.140579]]]}},{"type":"Feature","id":"g32-34","properties":{"lst_mean_c":46.93,"ndvi_mean":0.514,"green_share_pct":80.5,"hot_share_pct":19.0,"coverage_pct":71.7,"valid_pixels":195},"geometry":{"type":"Polygon","coordinates":[[[118.84482,32.140502],[118.850119,32.140424],[118.85021,32.144933],[118.844911,32.14501],[118.84482,32.140502]]]}},{"type":"Feature","id":"g39-34","properties":{"lst_mean_c":48.2,"ndvi_mean":0.323,"green_share_pct":44.1,"hot_share_pct":48.6,"coverage_pct":85.9,"valid_pixels":220},"geometry":{"type":"Polygon","coordinates":[[[118.881911,32.139956],[118.88721,32.139877],[118.887303,32.144385],[118.882004,32.144464],[118.881911,32.139956]]]}},{"type":"Feature","id":"g40-34","properties":{"lst_mean_c":49.41,"ndvi_mean":0.392,"green_share_pct":71.5,"hot_share_pct":57.0,"coverage_pct":83.8,"valid_pixels":228},"geometry":{"type":"Polygon","coordinates":[[[118.88721,32.139877],[118.892509,32.139798],[118.892602,32.144306],[118.887303,32.144385],[118.88721,32.139877]]]}},{"type":"Feature","id":"g43-34","properties":{"lst_mean_c":49.25,"ndvi_mean":0.235,"green_share_pct":29.0,"hot_share_pct":63.6,"coverage_pct":100.0,"valid_pixels":272},"geometry":{"type":"Polygon","coordinates":[[[118.903106,32.139639],[118.908405,32.139559],[118.908499,32.144067],[118.9032,32.144147],[118.903106,32.139639]]]}},{"type":"Feature","id":"g44-34","properties":{"lst_mean_c":46.95,"ndvi_mean":0.461,"green_share_pct":80.5,"hot_share_pct":32.7,"coverage_pct":100.0,"valid_pixels":272},"geometry":{"type":"Polygon","coordinates":[[[118.908405,32.139559],[118.913703,32.139479],[118.913797,32.143987],[118.908499,32.144067],[118.908405,32.139559]]]}},{"type":"Feature","id":"g45-34","properties":{"lst_mean_c":49.21,"ndvi_mean":0.38,"green_share_pct":56.2,"hot_share_pct":65.6,"coverage_pct":100.0,"valid_pixels":256},"geometry":{"type":"Polygon","coordinates":[[[118.913703,32.139479],[118.919002,32.139399],[118.919096,32.143907],[118.913797,32.143987],[118.913703,32.139479]]]}},{"type":"Feature","id":"g46-34","properties":{"lst_mean_c":48.9,"ndvi_mean":0.43,"green_share_pct":59.9,"hot_share_pct":65.8,"coverage_pct":100.0,"valid_pixels":272},"geometry":{"type":"Polygon","coordinates":[[[118.919002,32.139399],[118.9243,32.139318],[118.924395,32.143826],[118.919096,32.143907],[118.919002,32.139399]]]}},{"type":"Feature","id":"g48-34","properties":{"lst_mean_c":41.8,"ndvi_mean":0.656,"green_share_pct":98.0,"hot_share_pct":0.0,"coverage_pct":79.7,"valid_pixels":204},"geometry":{"type":"Polygon","coordinates":[[[118.929599,32.139237],[118.934897,32.139156],[118.934993,32.143665],[118.929694,32.143746],[118.929599,32.139237]]]}},{"type":"Feature","id":"g49-34","properties":{"lst_mean_c":39.72,"ndvi_mean":0.776,"green_share_pct":100.0,"hot_share_pct":0.0,"coverage_pct":100.0,"valid_pixels":272},"geometry":{"type":"Polygon","coordinates":[[[118.934897,32.139156],[118.940196,32.139075],[118.940291,32.143584],[118.934993,32.143665],[118.934897,32.139156]]]}},{"type":"Feature","id":"g50-34","properties":{"lst_mean_c":46.09,"ndvi_mean":0.381,"green_share_pct":60.7,"hot_share_pct":22.1,"coverage_pct":100.0,"valid_pixels":272},"geometry":{"type":"Polygon","coordinates":[[[118.940196,32.139075],[118.945494,32.138994],[118.94559,32.143502],[118.940291,32.143584],[118.940196,32.139075]]]}},{"type":"Feature","id":"g51-34","properties":{"lst_mean_c":45.83,"ndvi_mean":0.471,"green_share_pct":80.1,"hot_share_pct":4.7,"coverage_pct":100.0,"valid_pixels":256},"geometry":{"type":"Polygon","coordinates":[[[118.945494,32.138994],[118.950793,32.138912],[118.950889,32.143421],[118.94559,32.143502],[118.945494,32.138994]]]}},{"type":"Feature","id":"g52-34","properties":{"lst_mean_c":42.49,"ndvi_mean":0.609,"green_share_pct":90.6,"hot_share_pct":0.0,"coverage_pct":100.0,"valid_pixels":128},"geometry":{"type":"Polygon","coordinates":[[[118.950793,32.138912],[118.956091,32.138831],[118.956187,32.143339],[118.950889,32.143421],[118.950793,32.138912]]]}},{"type":"Feature","id":"g0-35","properties":{"lst_mean_c":40.07,"ndvi_mean":0.775,"green_share_pct":100.0,"hot_share_pct":0.0,"coverage_pct":100.0,"valid_pixels":102},"geometry":{"type":"Polygon","coordinates":[[[118.675329,32.147369],[118.680629,32.147299],[118.680712,32.151808],[118.675412,32.151878],[118.675329,32.147369]]]}},{"type":"Feature","id":"g1-35","properties":{"lst_mean_c":41.74,"ndvi_mean":0.72,"green_share_pct":99.0,"hot_share_pct":0.0,"coverage_pct":100.0,"valid_pixels":289},"geometry":{"type":"Polygon","coordinates":[[[118.680629,32.147299],[118.685929,32.147229],[118.686012,32.151737],[118.680712,32.151808],[118.680629,32.147299]]]}},{"type":"Feature","id":"g2-35","properties":{"lst_mean_c":43.11,"ndvi_mean":0.625,"green_share_pct":98.3,"hot_share_pct":0.0,"coverage_pct":100.0,"valid_pixels":289},"geometry":{"type":"Polygon","coordinates":[[[118.685929,32.147229],[118.691228,32.147158],[118.691311,32.151667],[118.686012,32.151737],[118.685929,32.147229]]]}},{"type":"Feature","id":"g3-35","properties":{"lst_mean_c":45.85,"ndvi_mean":0.474,"green_share_pct":82.4,"hot_share_pct":1.1,"coverage_pct":100.0,"valid_pixels":272},"geometry":{"type":"Polygon","coordinates":[[[118.691228,32.147158],[118.696528,32.147087],[118.696611,32.151596],[118.691311,32.151667],[118.691228,32.147158]]]}},{"type":"Feature","id":"g4-35","properties":{"lst_mean_c":46.79,"ndvi_mean":0.448,"green_share_pct":89.3,"hot_share_pct":6.2,"coverage_pct":100.0,"valid_pixels":289},"geometry":{"type":"Polygon","coordinates":[[[118.696528,32.147087],[118.701828,32.147016],[118.701911,32.151524],[118.696611,32.151596],[118.696528,32.147087]]]}},{"type":"Feature","id":"g5-35","properties":{"lst_mean_c":48.48,"ndvi_mean":0.482,"green_share_pct":87.5,"hot_share_pct":62.3,"coverage_pct":100.0,"valid_pixels":289},"geometry":{"type":"Polygon","coordinates":[[[118.701828,32.147016],[118.707127,32.146944],[118.707211,32.151453],[118.701911,32.151524],[118.701828,32.147016]]]}},{"type":"Feature","id":"g6-35","properties":{"lst_mean_c":49.44,"ndvi_mean":0.419,"green_share_pct":71.0,"hot_share_pct":75.7,"coverage_pct":100.0,"valid_pixels":272},"geometry":{"type":"Polygon","coordinates":[[[118.707127,32.146944],[118.712427,32.146873],[118.712511,32.151381],[118.707211,32.151453],[118.707127,32.146944]]]}},{"type":"Feature","id":"g7-35","properties":{"lst_mean_c":46.13,"ndvi_mean":0.571,"green_share_pct":88.6,"hot_share_pct":14.2,"coverage_pct":100.0,"valid_pixels":289},"geometry":{"type":"Polygon","coordinates":[[[118.712427,32.146873],[118.717726,32.146801],[118.717811,32.15131],[118.712511,32.151381],[118.712427,32.146873]]]}},{"type":"Feature","id":"g8-35","properties":{"lst_mean_c":48.23,"ndvi_mean":0.48,"green_share_pct":96.2,"hot_share_pct":58.8,"coverage_pct":100.0,"valid_pixels":289},"geometry":{"type":"Polygon","coordinates":[[[118.717726,32.146801],[118.723026,32.146729],[118.723111,32.151238],[118.717811,32.15131],[118.717726,32.146801]]]}},{"type":"Feature","id":"g9-35","properties":{"lst_mean_c":48.85,"ndvi_mean":0.479,"green_share_pct":93.8,"hot_share_pct":58.8,"coverage_pct":100.0,"valid_pixels":272},"geometry":{"type":"Polygon","coordinates":[[[118.723026,32.146729],[118.728325,32.146656],[118.728411,32.151165],[118.723111,32.151238],[118.723026,32.146729]]]}},{"type":"Feature","id":"g10-35","properties":{"lst_mean_c":46.78,"ndvi_mean":0.478,"green_share_pct":95.8,"hot_share_pct":13.8,"coverage_pct":100.0,"valid_pixels":289},"geometry":{"type":"Polygon","coordinates":[[[118.728325,32.146656],[118.733625,32.146584],[118.73371,32.151093],[118.728411,32.151165],[118.728325,32.146656]]]}},{"type":"Feature","id":"g11-35","properties":{"lst_mean_c":47.85,"ndvi_mean":0.481,"green_share_pct":86.9,"hot_share_pct":42.2,"coverage_pct":100.0,"valid_pixels":289},"geometry":{"type":"Polygon","coordinates":[[[118.733625,32.146584],[118.738925,32.146511],[118.73901,32.15102],[118.73371,32.151093],[118.733625,32.146584]]]}},{"type":"Feature","id":"g12-35","properties":{"lst_mean_c":45.07,"ndvi_mean":0.536,"green_share_pct":94.9,"hot_share_pct":4.8,"coverage_pct":100.0,"valid_pixels":272},"geometry":{"type":"Polygon","coordinates":[[[118.738925,32.146511],[118.744224,32.146438],[118.74431,32.150947],[118.73901,32.15102],[118.738925,32.146511]]]}},{"type":"Feature","id":"g13-35","properties":{"lst_mean_c":46.36,"ndvi_mean":0.4,"green_share_pct":89.6,"hot_share_pct":1.0,"coverage_pct":100.0,"valid_pixels":289},"geometry":{"type":"Polygon","coordinates":[[[118.744224,32.146438],[118.749523,32.146365],[118.74961,32.150874],[118.74431,32.150947],[118.744224,32.146438]]]}},{"type":"Feature","id":"g14-35","properties":{"lst_mean_c":44.22,"ndvi_mean":0.448,"green_share_pct":94.1,"hot_share_pct":0.0,"coverage_pct":100.0,"valid_pixels":289},"geometry":{"type":"Polygon","coordinates":[[[118.749523,32.146365],[118.754823,32.146292],[118.754909,32.1508],[118.74961,32.150874],[118.749523,32.146365]]]}},{"type":"Feature","id":"g15-35","properties":{"lst_mean_c":39.49,"ndvi_mean":0.503,"green_share_pct":94.4,"hot_share_pct":0.0,"coverage_pct":98.2,"valid_pixels":267},"geometry":{"type":"Polygon","coordinates":[[[118.754823,32.146292],[118.760122,32.146218],[118.760209,32.150727],[118.754909,32.1508],[118.754823,32.146292]]]}},{"type":"Feature","id":"g16-35","properties":{"lst_mean_c":36.64,"ndvi_mean":0.653,"green_share_pct":98.6,"hot_share_pct":0.0,"coverage_pct":97.2,"valid_pixels":281},"geometry":{"type":"Polygon","coordinates":[[[118.760122,32.146218],[118.765422,32.146144],[118.765509,32.150653],[118.760209,32.150727],[118.760122,32.146218]]]}},{"type":"Feature","id":"g19-35","properties":{"lst_mean_c":37.25,"ndvi_mean":0.678,"green_share_pct":98.2,"hot_share_pct":0.0,"coverage_pct":77.5,"valid_pixels":224},"geometry":{"type":"Polygon","coordinates":[[[118.776021,32.145996],[118.78132,32.145922],[118.781408,32.15043],[118.776108,32.150505],[118.776021,32.145996]]]}},{"type":"Feature","id":"g20-35","properties":{"lst_mean_c":37.42,"ndvi_mean":0.741,"green_share_pct":100.0,"hot_share_pct":0.0,"coverage_pct":100.0,"valid_pixels":289},"geometry":{"type":"Polygon","coordinates":[[[118.78132,32.145922],[118.786619,32.145847],[118.786707,32.150355],[118.781408,32.15043],[118.78132,32.145922]]]}},{"type":"Feature","id":"g21-35","properties":{"lst_mean_c":35.87,"ndvi_mean":0.653,"green_share_pct":96.1,"hot_share_pct":0.0,"coverage_pct":74.6,"valid_pixels":203},"geometry":{"type":"Polygon","coordinates":[[[118.786619,32.145847],[118.791919,32.145772],[118.792007,32.15028],[118.786707,32.150355],[118.786619,32.145847]]]}},{"type":"Feature","id":"g25-35","properties":{"lst_mean_c":40.96,"ndvi_mean":0.58,"green_share_pct":85.7,"hot_share_pct":0.0,"coverage_pct":77.5,"valid_pixels":224},"geometry":{"type":"Polygon","coordinates":[[[118.807816,32.145546],[118.813116,32.14547],[118.813205,32.149978],[118.807905,32.150054],[118.807816,32.145546]]]}},{"type":"Feature","id":"g26-35","properties":{"lst_mean_c":45.64,"ndvi_mean":0.363,"green_share_pct":53.3,"hot_share_pct":5.9,"coverage_pct":100.0,"valid_pixels":289},"geometry":{"type":"Polygon","coordinates":[[[118.813116,32.14547],[118.818415,32.145394],[118.818504,32.149902],[118.813205,32.149978],[118.813116,32.14547]]]}},{"type":"Feature","id":"g27-35","properties":{"lst_mean_c":46.34,"ndvi_mean":0.388,"green_share_pct":65.4,"hot_share_pct":11.4,"coverage_pct":100.0,"valid_pixels":272},"geometry":{"type":"Polygon","coordinates":[[[118.818415,32.145394],[118.823714,32.145318],[118.823804,32.149826],[118.818504,32.149902],[118.818415,32.145394]]]}},{"type":"Feature","id":"g28-35","properties":{"lst_mean_c":45.86,"ndvi_mean":0.483,"green_share_pct":89.6,"hot_share_pct":1.7,"coverage_pct":100.0,"valid_pixels":289},"geometry":{"type":"Polygon","coordinates":[[[118.823714,32.145318],[118.829013,32.145241],[118.829103,32.14975],[118.823804,32.149826],[118.823714,32.145318]]]}},{"type":"Feature","id":"g29-35","properties":{"lst_mean_c":44.65,"ndvi_mean":0.524,"green_share_pct":88.9,"hot_share_pct":6.9,"coverage_pct":100.0,"valid_pixels":289},"geometry":{"type":"Polygon","coordinates":[[[118.829013,32.145241],[118.834312,32.145164],[118.834403,32.149673],[118.829103,32.14975],[118.829013,32.145241]]]}},{"type":"Feature","id":"g30-35","properties":{"lst_mean_c":44.77,"ndvi_mean":0.571,"green_share_pct":91.9,"hot_share_pct":8.5,"coverage_pct":100.0,"valid_pixels":272},"geometry":{"type":"Polygon","coordinates":[[[118.834312,32.145164],[118.839612,32.145087],[118.839702,32.149596],[118.834403,32.149673],[118.834312,32.145164]]]}},{"type":"Feature","id":"g31-35","properties":{"lst_mean_c":45.07,"ndvi_mean":0.498,"green_share_pct":82.4,"hot_share_pct":10.7,"coverage_pct":100.0,"valid_pixels":289},"geometry":{"type":"Polygon","coordinates":[[[118.839612,32.145087],[118.844911,32.14501],[118.845002,32.149519],[118.839702,32.149596],[118.839612,32.145087]]]}},{"type":"Feature","id":"g32-35","properties":{"lst_mean_c":49.04,"ndvi_mean":0.376,"green_share_pct":75.2,"hot_share_pct":60.6,"coverage_pct":87.9,"valid_pixels":254},"geometry":{"type":"Polygon","coordinates":[[[118.844911,32.14501],[118.85021,32.144933],[118.850301,32.149441],[118.845002,32.149519],[118.844911,32.14501]]]}},{"type":"Feature","id":"g38-35","properties":{"lst_mean_c":52.11,"ndvi_mean":0.236,"green_share_pct":20.6,"hot_share_pct":100.0,"coverage_pct":68.9,"valid_pixels":199},"geometry":{"type":"Polygon","coordinates":[[[118.876705,32.144543],[118.882004,32.144464],[118.882097,32.148972],[118.876797,32.149051],[118.876705,32.144543]]]}},{"type":"Feature","id":"g39-35","properties":{"lst_mean_c":51.76,"ndvi_mean":0.365,"green_share_pct":58.5,"hot_share_pct":97.8,"coverage_pct":100.0,"valid_pixels":272},"geometry":{"type":"Polygon","coordinates":[[[118.882004,32.144464],[118.887303,32.144385],[118.887396,32.148893],[118.882097,32.148972],[118.882004,32.144464]]]}},{"type":"Feature","id":"g40-35","properties":{"lst_mean_c":48.49,"ndvi_mean":0.393,"green_share_pct":66.0,"hot_share_pct":45.3,"coverage_pct":88.6,"valid_pixels":256},"geometry":{"type":"Polygon","coordinates":[[[118.887303,32.144385],[118.892602,32.144306],[118.892695,32.148814],[118.887396,32.148893],[118.887303,32.144385]]]}},{"type":"Feature","id":"g41-35","properties":{"lst_mean_c":50.22,"ndvi_mean":0.411,"green_share_pct":74.2,"hot_share_pct":57.5,"coverage_pct":80.6,"valid_pixels":233},"geometry":{"type":"Polygon","coordinates":[[[118.892602,32.144306],[118.897901,32.144227],[118.897994,32.148735],[118.892695,32.148814],[118.892602,32.144306]]]}},{"type":"Feature","id":"g42-35","properties":{"lst_mean_c":49.71,"ndvi_mean":0.373,"green_share_pct":66.8,"hot_share_pct":74.4,"coverage_pct":87.5,"valid_pixels":238},"geometry":{"type":"Polygon","coordinates":[[[118.897901,32.144227],[118.9032,32.144147],[118.903293,32.148655],[118.897994,32.148735],[118.897901,32.144227]]]}},{"type":"Feature","id":"g46-35","properties":{"lst_mean_c":48.98,"ndvi_mean":0.4,"green_share_pct":69.5,"hot_share_pct":61.5,"coverage_pct":78.2,"valid_pixels":226},"geometry":{"type":"Polygon","coordinates":[[[118.919096,32.143907],[118.924395,32.143826],[118.92449,32.148335],[118.919191,32.148415],[118.919096,32.143907]]]}},{"type":"Feature","id":"g47-35","properties":{"lst_mean_c":48.03,"ndvi_mean":0.499,"green_share_pct":91.7,"hot_share_pct":35.4,"coverage_pct":79.2,"valid_pixels":229},"geometry":{"type":"Polygon","coordinates":[[[118.924395,32.143826],[118.929694,32.143746],[118.929789,32.148254],[118.92449,32.148335],[118.924395,32.143826]]]}},{"type":"Feature","id":"g48-35","properties":{"lst_mean_c":45.24,"ndvi_mean":0.599,"green_share_pct":97.0,"hot_share_pct":17.0,"coverage_pct":86.4,"valid_pixels":235},"geometry":{"type":"Polygon","coordinates":[[[118.929694,32.143746],[118.934993,32.143665],[118.935088,32.148173],[118.929789,32.148254],[118.929694,32.143746]]]}},{"type":"Feature","id":"g49-35","properties":{"lst_mean_c":45.01,"ndvi_mean":0.579,"green_share_pct":94.8,"hot_share_pct":4.8,"coverage_pct":100.0,"valid_pixels":289},"geometry":{"type":"Polygon","coordinates":[[[118.934993,32.143665],[118.940291,32.143584],[118.940387,32.148092],[118.935088,32.148173],[118.934993,32.143665]]]}},{"type":"Feature","id":"g50-35","properties":{"lst_mean_c":45.77,"ndvi_mean":0.458,"green_share_pct":77.1,"hot_share_pct":3.5,"coverage_pct":99.7,"valid_pixels":288},"geometry":{"type":"Polygon","coordinates":[[[118.940291,32.143584],[118.94559,32.143502],[118.945686,32.14801],[118.940387,32.148092],[118.940291,32.143584]]]}},{"type":"Feature","id":"g51-35","properties":{"lst_mean_c":41.33,"ndvi_mean":0.679,"green_share_pct":94.9,"hot_share_pct":1.1,"coverage_pct":100.0,"valid_pixels":272},"geometry":{"type":"Polygon","coordinates":[[[118.94559,32.143502],[118.950889,32.143421],[118.950985,32.147929],[118.945686,32.14801],[118.94559,32.143502]]]}},{"type":"Feature","id":"g52-35","properties":{"lst_mean_c":37.74,"ndvi_mean":0.806,"green_share_pct":100.0,"hot_share_pct":0.0,"coverage_pct":100.0,"valid_pixels":136},"geometry":{"type":"Polygon","coordinates":[[[118.950889,32.143421],[118.956187,32.143339],[118.956284,32.147847],[118.950985,32.147929],[118.950889,32.143421]]]}},{"type":"Feature","id":"g0-36","properties":{"lst_mean_c":40.51,"ndvi_mean":0.809,"green_share_pct":100.0,"hot_share_pct":0.0,"coverage_pct":100.0,"valid_pixels":102},"geometry":{"type":"Polygon","coordinates":[[[118.675412,32.151878],[118.680712,32.151808],[118.680794,32.156317],[118.675494,32.156387],[118.675412,32.151878]]]}},{"type":"Feature","id":"g1-36","properties":{"lst_mean_c":41.38,"ndvi_mean":0.738,"green_share_pct":100.0,"hot_share_pct":0.0,"coverage_pct":100.0,"valid_pixels":289},"geometry":{"type":"Polygon","coordinates":[[[118.680712,32.151808],[118.686012,32.151737],[118.686095,32.156246],[118.680794,32.156317],[118.680712,32.151808]]]}},{"type":"Feature","id":"g2-36","properties":{"lst_mean_c":43.51,"ndvi_mean":0.642,"green_share_pct":100.0,"hot_share_pct":3.5,"coverage_pct":100.0,"valid_pixels":289},"geometry":{"type":"Polygon","coordinates":[[[118.686012,32.151737],[118.691311,32.151667],[118.691395,32.156175],[118.686095,32.156246],[118.686012,32.151737]]]}},{"type":"Feature","id":"g3-36","properties":{"lst_mean_c":46.21,"ndvi_mean":0.524,"green_share_pct":85.6,"hot_share_pct":20.0,"coverage_pct":99.3,"valid_pixels":270},"geometry":{"type":"Polygon","coordinates":[[[118.691311,32.151667],[118.696611,32.151596],[118.696695,32.156104],[118.691395,32.156175],[118.691311,32.151667]]]}},{"type":"Feature","id":"g4-36","properties":{"lst_mean_c":48.76,"ndvi_mean":0.466,"green_share_pct":89.0,"hot_share_pct":63.9,"coverage_pct":75.8,"valid_pixels":219},"geometry":{"type":"Polygon","coordinates":[[[118.696611,32.151596],[118.701911,32.151524],[118.701995,32.156033],[118.696695,32.156104],[118.696611,32.151596]]]}},{"type":"Feature","id":"g6-36","properties":{"lst_mean_c":49.42,"ndvi_mean":0.37,"green_share_pct":61.4,"hot_share_pct":82.4,"coverage_pct":100.0,"valid_pixels":272},"geometry":{"type":"Polygon","coordinates":[[[118.707211,32.151453],[118.712511,32.151381],[118.712595,32.15589],[118.707295,32.155962],[118.707211,32.151453]]]}},{"type":"Feature","id":"g7-36","properties":{"lst_mean_c":45.78,"ndvi_mean":0.568,"green_share_pct":81.7,"hot_share_pct":22.8,"coverage_pct":100.0,"valid_pixels":289},"geometry":{"type":"Polygon","coordinates":[[[118.712511,32.151381],[118.717811,32.15131],[118.717896,32.155818],[118.712595,32.15589],[118.712511,32.151381]]]}},{"type":"Feature","id":"g8-36","properties":{"lst_mean_c":47.33,"ndvi_mean":0.507,"green_share_pct":94.1,"hot_share_pct":38.1,"coverage_pct":100.0,"valid_pixels":289},"geometry":{"type":"Polygon","coordinates":[[[118.717811,32.15131],[118.723111,32.151238],[118.723196,32.155746],[118.717896,32.155818],[118.717811,32.15131]]]}},{"type":"Feature","id":"g9-36","properties":{"lst_mean_c":47.38,"ndvi_mean":0.497,"green_share_pct":95.2,"hot_share_pct":32.7,"coverage_pct":100.0,"valid_pixels":272},"geometry":{"type":"Polygon","coordinates":[[[118.723111,32.151238],[118.728411,32.151165],[118.728496,32.155674],[118.723196,32.155746],[118.723111,32.151238]]]}},{"type":"Feature","id":"g10-36","properties":{"lst_mean_c":48.64,"ndvi_mean":0.414,"green_share_pct":84.1,"hot_share_pct":62.3,"coverage_pct":100.0,"valid_pixels":289},"geometry":{"type":"Polygon","coordinates":[[[118.728411,32.151165],[118.73371,32.151093],[118.733796,32.155601],[118.728496,32.155674],[118.728411,32.151165]]]}},{"type":"Feature","id":"g11-36","properties":{"lst_mean_c":50.73,"ndvi_mean":0.368,"green_share_pct":66.1,"hot_share_pct":87.2,"coverage_pct":100.0,"valid_pixels":289},"geometry":{"type":"Polygon","coordinates":[[[118.73371,32.151093],[118.73901,32.15102],[118.739096,32.155529],[118.733796,32.155601],[118.73371,32.151093]]]}},{"type":"Feature","id":"g12-36","properties":{"lst_mean_c":48.18,"ndvi_mean":0.376,"green_share_pct":73.2,"hot_share_pct":44.9,"coverage_pct":100.0,"valid_pixels":272},"geometry":{"type":"Polygon","coordinates":[[[118.73901,32.15102],[118.74431,32.150947],[118.744396,32.155456],[118.739096,32.155529],[118.73901,32.15102]]]}},{"type":"Feature","id":"g13-36","properties":{"lst_mean_c":45.35,"ndvi_mean":0.463,"green_share_pct":97.2,"hot_share_pct":4.8,"coverage_pct":100.0,"valid_pixels":289},"geometry":{"type":"Polygon","coordinates":[[[118.74431,32.150947],[118.74961,32.150874],[118.749696,32.155383],[118.744396,32.155456],[118.74431,32.150947]]]}},{"type":"Feature","id":"g14-36","properties":{"lst_mean_c":46.27,"ndvi_mean":0.403,"green_share_pct":85.5,"hot_share_pct":13.1,"coverage_pct":100.0,"valid_pixels":289},"geometry":{"type":"Polygon","coordinates":[[[118.74961,32.150874],[118.754909,32.1508],[118.754996,32.155309],[118.749696,32.155383],[118.74961,32.150874]]]}},{"type":"Feature","id":"g15-36","properties":{"lst_mean_c":40.88,"ndvi_mean":0.532,"green_share_pct":92.6,"hot_share_pct":0.0,"coverage_pct":99.6,"valid_pixels":271},"geometry":{"type":"Polygon","coordinates":[[[118.754909,32.1508],[118.760209,32.150727],[118.760296,32.155235],[118.754996,32.155309],[118.754909,32.1508]]]}},{"type":"Feature","id":"g16-36","properties":{"lst_mean_c":36.59,"ndvi_mean":0.623,"green_share_pct":97.5,"hot_share_pct":0.0,"coverage_pct":98.3,"valid_pixels":284},"geometry":{"type":"Polygon","coordinates":[[[118.760209,32.150727],[118.765509,32.150653],[118.765596,32.155162],[118.760296,32.155235],[118.760209,32.150727]]]}},{"type":"Feature","id":"g20-36","properties":{"lst_mean_c":38.0,"ndvi_mean":0.748,"green_share_pct":100.0,"hot_share_pct":0.0,"coverage_pct":100.0,"valid_pixels":289},"geometry":{"type":"Polygon","coordinates":[[[118.781408,32.15043],[118.786707,32.150355],[118.786795,32.154864],[118.781495,32.154939],[118.781408,32.15043]]]}},{"type":"Feature","id":"g21-36","properties":{"lst_mean_c":38.43,"ndvi_mean":0.71,"green_share_pct":100.0,"hot_share_pct":0.0,"coverage_pct":91.2,"valid_pixels":248},"geometry":{"type":"Polygon","coordinates":[[[118.786707,32.150355],[118.792007,32.15028],[118.792095,32.154789],[118.786795,32.154864],[118.786707,32.150355]]]}},{"type":"Feature","id":"g29-36","properties":{"lst_mean_c":44.84,"ndvi_mean":0.566,"green_share_pct":90.1,"hot_share_pct":8.8,"coverage_pct":62.6,"valid_pixels":181},"geometry":{"type":"Polygon","coordinates":[[[118.829103,32.14975],[118.834403,32.149673],[118.834493,32.154181],[118.829193,32.154258],[118.829103,32.14975]]]}},{"type":"Feature","id":"g32-36","properties":{"lst_mean_c":48.82,"ndvi_mean":0.415,"green_share_pct":65.8,"hot_share_pct":58.5,"coverage_pct":94.1,"valid_pixels":272},"geometry":{"type":"Polygon","coordinates":[[[118.845002,32.149519],[118.850301,32.149441],[118.850392,32.15395],[118.845092,32.154027],[118.845002,32.149519]]]}},{"type":"Feature","id":"g39-36","properties":{"lst_mean_c":53.17,"ndvi_mean":0.171,"green_share_pct":7.6,"hot_share_pct":100.0,"coverage_pct":68.0,"valid_pixels":185},"geometry":{"type":"Polygon","coordinates":[[[118.882097,32.148972],[118.887396,32.148893],[118.887489,32.153402],[118.882189,32.153481],[118.882097,32.148972]]]}},{"type":"Feature","id":"g42-36","properties":{"lst_mean_c":52.51,"ndvi_mean":0.333,"green_share_pct":57.5,"hot_share_pct":97.6,"coverage_pct":92.6,"valid_pixels":252},"geometry":{"type":"Polygon","coordinates":[[[118.897994,32.148735],[118.903293,32.148655],[118.903387,32.153164],[118.898088,32.153243],[118.897994,32.148735]]]}},{"type":"Feature","id":"g47-36","properties":{"lst_mean_c":48.21,"ndvi_mean":0.421,"green_share_pct":83.6,"hot_share_pct":43.5,"coverage_pct":93.1,"valid_pixels":269},"geometry":{"type":"Polygon","coordinates":[[[118.92449,32.148335],[118.929789,32.148254],[118.929884,32.152762],[118.924585,32.152843],[118.92449,32.148335]]]}},{"type":"Feature","id":"g50-36","properties":{"lst_mean_c":47.03,"ndvi_mean":0.454,"green_share_pct":80.6,"hot_share_pct":35.6,"coverage_pct":100.0,"valid_pixels":289},"geometry":{"type":"Polygon","coordinates":[[[118.940387,32.148092],[118.945686,32.14801],[118.945782,32.152519],[118.940482,32.1526],[118.940387,32.148092]]]}},{"type":"Feature","id":"g51-36","properties":{"lst_mean_c":45.46,"ndvi_mean":0.456,"green_share_pct":77.1,"hot_share_pct":9.2,"coverage_pct":99.6,"valid_pixels":271},"geometry":{"type":"Polygon","coordinates":[[[118.945686,32.14801],[118.950985,32.147929],[118.951081,32.152437],[118.945782,32.152519],[118.945686,32.14801]]]}},{"type":"Feature","id":"g52-36","properties":{"lst_mean_c":41.97,"ndvi_mean":0.671,"green_share_pct":100.0,"hot_share_pct":0.0,"coverage_pct":100.0,"valid_pixels":136},"geometry":{"type":"Polygon","coordinates":[[[118.950985,32.147929],[118.956284,32.147847],[118.95638,32.152355],[118.951081,32.152437],[118.950985,32.147929]]]}},{"type":"Feature","id":"g0-37","properties":{"lst_mean_c":43.08,"ndvi_mean":0.679,"green_share_pct":94.8,"hot_share_pct":0.0,"coverage_pct":100.0,"valid_pixels":96},"geometry":{"type":"Polygon","coordinates":[[[118.675494,32.156387],[118.680794,32.156317],[118.680877,32.160826],[118.675577,32.160896],[118.675494,32.156387]]]}},{"type":"Feature","id":"g1-37","properties":{"lst_mean_c":40.99,"ndvi_mean":0.748,"green_share_pct":100.0,"hot_share_pct":0.0,"coverage_pct":100.0,"valid_pixels":272},"geometry":{"type":"Polygon","coordinates":[[[118.680794,32.156317],[118.686095,32.156246],[118.686178,32.160755],[118.680877,32.160826],[118.680794,32.156317]]]}},{"type":"Feature","id":"g2-37","properties":{"lst_mean_c":45.87,"ndvi_mean":0.492,"green_share_pct":72.1,"hot_share_pct":29.4,"coverage_pct":100.0,"valid_pixels":272},"geometry":{"type":"Polygon","coordinates":[[[118.686095,32.156246],[118.691395,32.156175],[118.691478,32.160684],[118.686178,32.160755],[118.686095,32.156246]]]}},{"type":"Feature","id":"g3-37","properties":{"lst_mean_c":47.83,"ndvi_mean":0.494,"green_share_pct":78.6,"hot_share_pct":44.0,"coverage_pct":91.4,"valid_pixels":234},"geometry":{"type":"Polygon","coordinates":[[[118.691395,32.156175],[118.696695,32.156104],[118.696779,32.160613],[118.691478,32.160684],[118.691395,32.156175]]]}},{"type":"Feature","id":"g5-37","properties":{"lst_mean_c":48.89,"ndvi_mean":0.314,"green_share_pct":47.5,"hot_share_pct":76.2,"coverage_pct":74.3,"valid_pixels":202},"geometry":{"type":"Polygon","coordinates":[[[118.701995,32.156033],[118.707295,32.155962],[118.707379,32.160471],[118.702079,32.160542],[118.701995,32.156033]]]}},{"type":"Feature","id":"g6-37","properties":{"lst_mean_c":48.16,"ndvi_mean":0.446,"green_share_pct":81.6,"hot_share_pct":45.3,"coverage_pct":100.0,"valid_pixels":256},"geometry":{"type":"Polygon","coordinates":[[[118.707295,32.155962],[118.712595,32.15589],[118.71268,32.160399],[118.707379,32.160471],[118.707295,32.155962]]]}},{"type":"Feature","id":"g7-37","properties":{"lst_mean_c":49.67,"ndvi_mean":0.395,"green_share_pct":72.1,"hot_share_pct":71.0,"coverage_pct":100.0,"valid_pixels":272},"geometry":{"type":"Polygon","coordinates":[[[118.712595,32.15589],[118.717896,32.155818],[118.71798,32.160327],[118.71268,32.160399],[118.712595,32.15589]]]}},{"type":"Feature","id":"g8-37","properties":{"lst_mean_c":45.32,"ndvi_mean":0.491,"green_share_pct":87.5,"hot_share_pct":8.5,"coverage_pct":100.0,"valid_pixels":272},"geometry":{"type":"Polygon","coordinates":[[[118.717896,32.155818],[118.723196,32.155746],[118.72328,32.160255],[118.71798,32.160327],[118.717896,32.155818]]]}},{"type":"Feature","id":"g9-37","properties":{"lst_mean_c":46.48,"ndvi_mean":0.504,"green_share_pct":97.3,"hot_share_pct":14.8,"coverage_pct":100.0,"valid_pixels":256},"geometry":{"type":"Polygon","coordinates":[[[118.723196,32.155746],[118.728496,32.155674],[118.728581,32.160183],[118.72328,32.160255],[118.723196,32.155746]]]}},{"type":"Feature","id":"g10-37","properties":{"lst_mean_c":47.33,"ndvi_mean":0.464,"green_share_pct":93.4,"hot_share_pct":25.4,"coverage_pct":100.0,"valid_pixels":272},"geometry":{"type":"Polygon","coordinates":[[[118.728496,32.155674],[118.733796,32.155601],[118.733881,32.16011],[118.728581,32.160183],[118.728496,32.155674]]]}},{"type":"Feature","id":"g11-37","properties":{"lst_mean_c":48.08,"ndvi_mean":0.376,"green_share_pct":74.6,"hot_share_pct":50.7,"coverage_pct":100.0,"valid_pixels":272},"geometry":{"type":"Polygon","coordinates":[[[118.733796,32.155601],[118.739096,32.155529],[118.739181,32.160037],[118.733881,32.16011],[118.733796,32.155601]]]}},{"type":"Feature","id":"g12-37","properties":{"lst_mean_c":47.2,"ndvi_mean":0.404,"green_share_pct":75.4,"hot_share_pct":32.0,"coverage_pct":100.0,"valid_pixels":256},"geometry":{"type":"Polygon","coordinates":[[[118.739096,32.155529],[118.744396,32.155456],[118.744482,32.159964],[118.739181,32.160037],[118.739096,32.155529]]]}},{"type":"Feature","id":"g13-37","properties":{"lst_mean_c":43.02,"ndvi_mean":0.59,"green_share_pct":98.5,"hot_share_pct":0.0,"coverage_pct":100.0,"valid_pixels":272},"geometry":{"type":"Polygon","coordinates":[[[118.744396,32.155456],[118.749696,32.155383],[118.749782,32.159891],[118.744482,32.159964],[118.744396,32.155456]]]}},{"type":"Feature","id":"g14-37","properties":{"lst_mean_c":42.64,"ndvi_mean":0.607,"green_share_pct":96.0,"hot_share_pct":0.0,"coverage_pct":100.0,"valid_pixels":272},"geometry":{"type":"Polygon","coordinates":[[[118.749696,32.155383],[118.754996,32.155309],[118.755082,32.159818],[118.749782,32.159891],[118.749696,32.155383]]]}},{"type":"Feature","id":"g15-37","properties":{"lst_mean_c":42.65,"ndvi_mean":0.549,"green_share_pct":93.8,"hot_share_pct":0.0,"coverage_pct":100.0,"valid_pixels":256},"geometry":{"type":"Polygon","coordinates":[[[118.754996,32.155309],[118.760296,32.155235],[118.760382,32.159744],[118.755082,32.159818],[118.754996,32.155309]]]}},{"type":"Feature","id":"g16-37","properties":{"lst_mean_c":37.14,"ndvi_mean":0.589,"green_share_pct":94.7,"hot_share_pct":0.0,"coverage_pct":96.3,"valid_pixels":262},"geometry":{"type":"Polygon","coordinates":[[[118.760296,32.155235],[118.765596,32.155162],[118.765683,32.15967],[118.760382,32.159744],[118.760296,32.155235]]]}},{"type":"Feature","id":"g20-37","properties":{"lst_mean_c":38.04,"ndvi_mean":0.754,"green_share_pct":100.0,"hot_share_pct":0.0,"coverage_pct":100.0,"valid_pixels":272},"geometry":{"type":"Polygon","coordinates":[[[118.781495,32.154939],[118.786795,32.154864],[118.786883,32.159373],[118.781583,32.159447],[118.781495,32.154939]]]}},{"type":"Feature","id":"g21-37","properties":{"lst_mean_c":37.92,"ndvi_mean":0.76,"green_share_pct":100.0,"hot_share_pct":0.0,"coverage_pct":100.0,"valid_pixels":256},"geometry":{"type":"Polygon","coordinates":[[[118.786795,32.154864],[118.792095,32.154789],[118.792183,32.159298],[118.786883,32.159373],[118.786795,32.154864]]]}},{"type":"Feature","id":"g22-37","properties":{"lst_mean_c":38.37,"ndvi_mean":0.613,"green_share_pct":94.4,"hot_share_pct":0.0,"coverage_pct":65.4,"valid_pixels":178},"geometry":{"type":"Polygon","coordinates":[[[118.792095,32.154789],[118.797395,32.154714],[118.797483,32.159222],[118.792183,32.159298],[118.792095,32.154789]]]}},{"type":"Feature","id":"g32-37","properties":{"lst_mean_c":45.94,"ndvi_mean":0.499,"green_share_pct":79.5,"hot_share_pct":30.3,"coverage_pct":97.1,"valid_pixels":264},"geometry":{"type":"Polygon","coordinates":[[[118.845092,32.154027],[118.850392,32.15395],[118.850483,32.158458],[118.845183,32.158536],[118.845092,32.154027]]]}},{"type":"Feature","id":"g35-37","properties":{"lst_mean_c":54.88,"ndvi_mean":0.318,"green_share_pct":53.7,"hot_share_pct":95.3,"coverage_pct":93.8,"valid_pixels":255},"geometry":{"type":"Polygon","coordinates":[[[118.860991,32.153794],[118.866291,32.153716],[118.866383,32.158225],[118.861083,32.158303],[118.860991,32.153794]]]}},{"type":"Feature","id":"g36-37","properties":{"lst_mean_c":56.75,"ndvi_mean":0.299,"green_share_pct":52.7,"hot_share_pct":100.0,"coverage_pct":64.5,"valid_pixels":165},"geometry":{"type":"Polygon","coordinates":[[[118.866291,32.153716],[118.87159,32.153638],[118.871682,32.158146],[118.866383,32.158225],[118.866291,32.153716]]]}},{"type":"Feature","id":"g42-37","properties":{"lst_mean_c":51.32,"ndvi_mean":0.304,"green_share_pct":50.4,"hot_share_pct":100.0,"coverage_pct":100.0,"valid_pixels":256},"geometry":{"type":"Polygon","coordinates":[[[118.898088,32.153243],[118.903387,32.153164],[118.903481,32.157672],[118.898181,32.157751],[118.898088,32.153243]]]}},{"type":"Feature","id":"g46-37","properties":{"lst_mean_c":48.41,"ndvi_mean":0.413,"green_share_pct":74.7,"hot_share_pct":61.8,"coverage_pct":62.5,"valid_pixels":170},"geometry":{"type":"Polygon","coordinates":[[[118.919285,32.152923],[118.924585,32.152843],[118.924679,32.157351],[118.91938,32.157432],[118.919285,32.152923]]]}},{"type":"Feature","id":"g47-37","properties":{"lst_mean_c":50.01,"ndvi_mean":0.35,"green_share_pct":70.1,"hot_share_pct":90.3,"coverage_pct":98.5,"valid_pixels":268},"geometry":{"type":"Polygon","coordinates":[[[118.924585,32.152843],[118.929884,32.152762],[118.929979,32.15727],[118.924679,32.157351],[118.924585,32.152843]]]}},{"type":"Feature","id":"g48-37","properties":{"lst_mean_c":47.61,"ndvi_mean":0.465,"green_share_pct":83.4,"hot_share_pct":43.1,"coverage_pct":98.8,"valid_pixels":253},"geometry":{"type":"Polygon","coordinates":[[[118.929884,32.152762],[118.935183,32.152681],[118.935278,32.157189],[118.929979,32.15727],[118.929884,32.152762]]]}},{"type":"Feature","id":"g49-37","properties":{"lst_mean_c":42.23,"ndvi_mean":0.645,"green_share_pct":95.1,"hot_share_pct":0.0,"coverage_pct":97.1,"valid_pixels":264},"geometry":{"type":"Polygon","coordinates":[[[118.935183,32.152681],[118.940482,32.1526],[118.940578,32.157108],[118.935278,32.157189],[118.935183,32.152681]]]}},{"type":"Feature","id":"g50-37","properties":{"lst_mean_c":46.07,"ndvi_mean":0.521,"green_share_pct":80.5,"hot_share_pct":35.7,"coverage_pct":100.0,"valid_pixels":272},"geometry":{"type":"Polygon","coordinates":[[[118.940482,32.1526],[118.945782,32.152519],[118.945877,32.157027],[118.940578,32.157108],[118.940482,32.1526]]]}},{"type":"Feature","id":"g51-37","properties":{"lst_mean_c":46.54,"ndvi_mean":0.39,"green_share_pct":57.9,"hot_share_pct":23.2,"coverage_pct":99.2,"valid_pixels":254},"geometry":{"type":"Polygon","coordinates":[[[118.945782,32.152519],[118.951081,32.152437],[118.951177,32.156945],[118.945877,32.157027],[118.945782,32.152519]]]}},{"type":"Feature","id":"g52-37","properties":{"lst_mean_c":39.28,"ndvi_mean":0.765,"green_share_pct":100.0,"hot_share_pct":0.0,"coverage_pct":100.0,"valid_pixels":128},"geometry":{"type":"Polygon","coordinates":[[[118.951081,32.152437],[118.95638,32.152355],[118.956476,32.156863],[118.951177,32.156945],[118.951081,32.152437]]]}},{"type":"Feature","id":"g0-38","properties":{"lst_mean_c":40.3,"ndvi_mean":0.778,"green_share_pct":100.0,"hot_share_pct":0.0,"coverage_pct":100.0,"valid_pixels":102},"geometry":{"type":"Polygon","coordinates":[[[118.675577,32.160896],[118.680877,32.160826],[118.68096,32.165334],[118.675659,32.165405],[118.675577,32.160896]]]}},{"type":"Feature","id":"g1-38","properties":{"lst_mean_c":43.02,"ndvi_mean":0.669,"green_share_pct":97.2,"hot_share_pct":0.0,"coverage_pct":100.0,"valid_pixels":289},"geometry":{"type":"Polygon","coordinates":[[[118.680877,32.160826],[118.686178,32.160755],[118.686261,32.165264],[118.68096,32.165334],[118.680877,32.160826]]]}},{"type":"Feature","id":"g2-38","properties":{"lst_mean_c":47.82,"ndvi_mean":0.416,"green_share_pct":72.2,"hot_share_pct":46.6,"coverage_pct":97.2,"valid_pixels":281},"geometry":{"type":"Polygon","coordinates":[[[118.686178,32.160755],[118.691478,32.160684],[118.691561,32.165193],[118.686261,32.165264],[118.686178,32.160755]]]}},{"type":"Feature","id":"g4-38","properties":{"lst_mean_c":47.01,"ndvi_mean":0.448,"green_share_pct":78.6,"hot_share_pct":19.4,"coverage_pct":69.6,"valid_pixels":201},"geometry":{"type":"Polygon","coordinates":[[[118.696779,32.160613],[118.702079,32.160542],[118.702163,32.165051],[118.696862,32.165122],[118.696779,32.160613]]]}},{"type":"Feature","id":"g6-38","properties":{"lst_mean_c":48.22,"ndvi_mean":0.463,"green_share_pct":89.0,"hot_share_pct":56.5,"coverage_pct":87.1,"valid_pixels":237},"geometry":{"type":"Polygon","coordinates":[[[118.707379,32.160471],[118.71268,32.160399],[118.712764,32.164908],[118.707463,32.164979],[118.707379,32.160471]]]}},{"type":"Feature","id":"g7-38","properties":{"lst_mean_c":50.89,"ndvi_mean":0.37,"green_share_pct":59.2,"hot_share_pct":79.6,"coverage_pct":100.0,"valid_pixels":289},"geometry":{"type":"Polygon","coordinates":[[[118.71268,32.160399],[118.71798,32.160327],[118.718065,32.164836],[118.712764,32.164908],[118.71268,32.160399]]]}},{"type":"Feature","id":"g8-38","properties":{"lst_mean_c":47.01,"ndvi_mean":0.49,"green_share_pct":87.2,"hot_share_pct":36.0,"coverage_pct":100.0,"valid_pixels":289},"geometry":{"type":"Polygon","coordinates":[[[118.71798,32.160327],[118.72328,32.160255],[118.723365,32.164764],[118.718065,32.164836],[118.71798,32.160327]]]}},{"type":"Feature","id":"g9-38","properties":{"lst_mean_c":46.99,"ndvi_mean":0.492,"green_share_pct":83.5,"hot_share_pct":39.7,"coverage_pct":100.0,"valid_pixels":272},"geometry":{"type":"Polygon","coordinates":[[[118.72328,32.160255],[118.728581,32.160183],[118.728666,32.164691],[118.723365,32.164764],[118.72328,32.160255]]]}},{"type":"Feature","id":"g10-38","properties":{"lst_mean_c":49.79,"ndvi_mean":0.396,"green_share_pct":67.5,"hot_share_pct":72.0,"coverage_pct":100.0,"valid_pixels":289},"geometry":{"type":"Polygon","coordinates":[[[118.728581,32.160183],[118.733881,32.16011],[118.733967,32.164619],[118.728666,32.164691],[118.728581,32.160183]]]}},{"type":"Feature","id":"g11-38","properties":{"lst_mean_c":47.86,"ndvi_mean":0.393,"green_share_pct":72.3,"hot_share_pct":36.3,"coverage_pct":100.0,"valid_pixels":289},"geometry":{"type":"Polygon","coordinates":[[[118.733881,32.16011],[118.739181,32.160037],[118.739267,32.164546],[118.733967,32.164619],[118.733881,32.16011]]]}},{"type":"Feature","id":"g12-38","properties":{"lst_mean_c":46.48,"ndvi_mean":0.415,"green_share_pct":77.9,"hot_share_pct":10.3,"coverage_pct":100.0,"valid_pixels":272},"geometry":{"type":"Polygon","coordinates":[[[118.739181,32.160037],[118.744482,32.159964],[118.744568,32.164473],[118.739267,32.164546],[118.739181,32.160037]]]}},{"type":"Feature","id":"g13-38","properties":{"lst_mean_c":42.95,"ndvi_mean":0.582,"green_share_pct":97.2,"hot_share_pct":3.5,"coverage_pct":100.0,"valid_pixels":289},"geometry":{"type":"Polygon","coordinates":[[[118.744482,32.159964],[118.749782,32.159891],[118.749868,32.1644],[118.744568,32.164473],[118.744482,32.159964]]]}},{"type":"Feature","id":"g14-38","properties":{"lst_mean_c":42.85,"ndvi_mean":0.593,"green_share_pct":89.6,"hot_share_pct":0.3,"coverage_pct":100.0,"valid_pixels":289},"geometry":{"type":"Polygon","coordinates":[[[118.749782,32.159891],[118.755082,32.159818],[118.755169,32.164326],[118.749868,32.1644],[118.749782,32.159891]]]}},{"type":"Feature","id":"g15-38","properties":{"lst_mean_c":45.08,"ndvi_mean":0.459,"green_share_pct":73.5,"hot_share_pct":2.6,"coverage_pct":100.0,"valid_pixels":272},"geometry":{"type":"Polygon","coordinates":[[[118.755082,32.159818],[118.760382,32.159744],[118.760469,32.164253],[118.755169,32.164326],[118.755082,32.159818]]]}},{"type":"Feature","id":"g16-38","properties":{"lst_mean_c":36.8,"ndvi_mean":0.57,"green_share_pct":96.4,"hot_share_pct":0.0,"coverage_pct":95.2,"valid_pixels":275},"geometry":{"type":"Polygon","coordinates":[[[118.760382,32.159744],[118.765683,32.15967],[118.76577,32.164179],[118.760469,32.164253],[118.760382,32.159744]]]}},{"type":"Feature","id":"g19-38","properties":{"lst_mean_c":36.7,"ndvi_mean":0.686,"green_share_pct":96.9,"hot_share_pct":0.0,"coverage_pct":79.2,"valid_pixels":229},"geometry":{"type":"Polygon","coordinates":[[[118.776283,32.159522],[118.781583,32.159447],[118.781671,32.163956],[118.77637,32.16403],[118.776283,32.159522]]]}},{"type":"Feature","id":"g20-38","properties":{"lst_mean_c":40.64,"ndvi_mean":0.632,"green_share_pct":99.7,"hot_share_pct":0.0,"coverage_pct":100.0,"valid_pixels":289},"geometry":{"type":"Polygon","coordinates":[[[118.781583,32.159447],[118.786883,32.159373],[118.786971,32.163881],[118.781671,32.163956],[118.781583,32.159447]]]}},{"type":"Feature","id":"g21-38","properties":{"lst_mean_c":43.0,"ndvi_mean":0.531,"green_share_pct":95.2,"hot_share_pct":1.8,"coverage_pct":100.0,"valid_pixels":272},"geometry":{"type":"Polygon","coordinates":[[[118.786883,32.159373],[118.792183,32.159298],[118.792272,32.163806],[118.786971,32.163881],[118.786883,32.159373]]]}},{"type":"Feature","id":"g22-38","properties":{"lst_mean_c":43.09,"ndvi_mean":0.493,"green_share_pct":90.1,"hot_share_pct":0.0,"coverage_pct":97.6,"valid_pixels":282},"geometry":{"type":"Polygon","coordinates":[[[118.792183,32.159298],[118.797483,32.159222],[118.797572,32.163731],[118.792272,32.163806],[118.792183,32.159298]]]}},{"type":"Feature","id":"g23-38","properties":{"lst_mean_c":41.16,"ndvi_mean":0.477,"green_share_pct":84.7,"hot_share_pct":0.0,"coverage_pct":95.2,"valid_pixels":275},"geometry":{"type":"Polygon","coordinates":[[[118.797483,32.159222],[118.802783,32.159147],[118.802872,32.163656],[118.797572,32.163731],[118.797483,32.159222]]]}},{"type":"Feature","id":"g24-38","properties":{"lst_mean_c":36.75,"ndvi_mean":0.607,"green_share_pct":95.3,"hot_share_pct":0.0,"coverage_pct":78.3,"valid_pixels":213},"geometry":{"type":"Polygon","coordinates":[[[118.802783,32.159147],[118.808084,32.159071],[118.808173,32.16358],[118.802872,32.163656],[118.802783,32.159147]]]}},{"type":"Feature","id":"g32-38","properties":{"lst_mean_c":46.51,"ndvi_mean":0.373,"green_share_pct":60.9,"hot_share_pct":30.2,"coverage_pct":61.9,"valid_pixels":179},"geometry":{"type":"Polygon","coordinates":[[[118.845183,32.158536],[118.850483,32.158458],[118.850574,32.162967],[118.845274,32.163044],[118.845183,32.158536]]]}},{"type":"Feature","id":"g35-38","properties":{"lst_mean_c":45.04,"ndvi_mean":0.636,"green_share_pct":88.2,"hot_share_pct":20.1,"coverage_pct":100.0,"valid_pixels":289},"geometry":{"type":"Polygon","coordinates":[[[118.861083,32.158303],[118.866383,32.158225],[118.866475,32.162733],[118.861174,32.162811],[118.861083,32.158303]]]}},{"type":"Feature","id":"g41-38","properties":{"lst_mean_c":47.83,"ndvi_mean":0.417,"green_share_pct":62.6,"hot_share_pct":51.1,"coverage_pct":78.5,"valid_pixels":227},"geometry":{"type":"Polygon","coordinates":[[[118.892881,32.157831],[118.898181,32.157751],[118.898275,32.16226],[118.892975,32.162339],[118.892881,32.157831]]]}},{"type":"Feature","id":"g42-38","properties":{"lst_mean_c":50.13,"ndvi_mean":0.352,"green_share_pct":62.3,"hot_share_pct":66.5,"coverage_pct":95.6,"valid_pixels":260},"geometry":{"type":"Polygon","coordinates":[[[118.898181,32.157751],[118.903481,32.157672],[118.903575,32.16218],[118.898275,32.16226],[118.898181,32.157751]]]}},{"type":"Feature","id":"g43-38","properties":{"lst_mean_c":43.98,"ndvi_mean":0.597,"green_share_pct":99.5,"hot_share_pct":0.0,"coverage_pct":75.4,"valid_pixels":218},"geometry":{"type":"Polygon","coordinates":[[[118.903481,32.157672],[118.90878,32.157592],[118.908874,32.1621],[118.903575,32.16218],[118.903481,32.157672]]]}},{"type":"Feature","id":"g45-38","properties":{"lst_mean_c":47.91,"ndvi_mean":0.222,"green_share_pct":17.0,"hot_share_pct":43.8,"coverage_pct":64.7,"valid_pixels":176},"geometry":{"type":"Polygon","coordinates":[[[118.91408,32.157512],[118.91938,32.157432],[118.919474,32.16194],[118.914174,32.16202],[118.91408,32.157512]]]}},{"type":"Feature","id":"g46-38","properties":{"lst_mean_c":46.24,"ndvi_mean":0.354,"green_share_pct":50.2,"hot_share_pct":7.4,"coverage_pct":93.8,"valid_pixels":271},"geometry":{"type":"Polygon","coordinates":[[[118.91938,32.157432],[118.924679,32.157351],[118.924774,32.161859],[118.919474,32.16194],[118.91938,32.157432]]]}},{"type":"Feature","id":"g49-38","properties":{"lst_mean_c":47.17,"ndvi_mean":0.306,"green_share_pct":46.7,"hot_share_pct":26.3,"coverage_pct":100.0,"valid_pixels":289},"geometry":{"type":"Polygon","coordinates":[[[118.935278,32.157189],[118.940578,32.157108],[118.940674,32.161616],[118.935374,32.161698],[118.935278,32.157189]]]}},{"type":"Feature","id":"g50-38","properties":{"lst_mean_c":46.83,"ndvi_mean":0.392,"green_share_pct":88.9,"hot_share_pct":2.8,"coverage_pct":100.0,"valid_pixels":289},"geometry":{"type":"Polygon","coordinates":[[[118.940578,32.157108],[118.945877,32.157027],[118.945973,32.161535],[118.940674,32.161616],[118.940578,32.157108]]]}},{"type":"Feature","id":"g51-38","properties":{"lst_mean_c":45.68,"ndvi_mean":0.476,"green_share_pct":84.2,"hot_share_pct":18.1,"coverage_pct":97.4,"valid_pixels":265},"geometry":{"type":"Polygon","coordinates":[[[118.945877,32.157027],[118.951177,32.156945],[118.951273,32.161453],[118.945973,32.161535],[118.945877,32.157027]]]}},{"type":"Feature","id":"g52-38","properties":{"lst_mean_c":39.29,"ndvi_mean":0.755,"green_share_pct":98.5,"hot_share_pct":0.0,"coverage_pct":100.0,"valid_pixels":136},"geometry":{"type":"Polygon","coordinates":[[[118.951177,32.156945],[118.956476,32.156863],[118.956573,32.161371],[118.951273,32.161453],[118.951177,32.156945]]]}},{"type":"Feature","id":"g0-39","properties":{"lst_mean_c":46.97,"ndvi_mean":0.5,"green_share_pct":80.4,"hot_share_pct":32.4,"coverage_pct":100.0,"valid_pixels":102},"geometry":{"type":"Polygon","coordinates":[[[118.675659,32.165405],[118.68096,32.165334],[118.681043,32.169843],[118.675742,32.169914],[118.675659,32.165405]]]}},{"type":"Feature","id":"g1-39","properties":{"lst_mean_c":50.04,"ndvi_mean":0.417,"green_share_pct":71.3,"hot_share_pct":67.5,"coverage_pct":100.0,"valid_pixels":289},"geometry":{"type":"Polygon","coordinates":[[[118.68096,32.165334],[118.686261,32.165264],[118.686344,32.169773],[118.681043,32.169843],[118.68096,32.165334]]]}},{"type":"Feature","id":"g2-39","properties":{"lst_mean_c":50.03,"ndvi_mean":0.415,"green_share_pct":65.9,"hot_share_pct":66.7,"coverage_pct":92.4,"valid_pixels":267},"geometry":{"type":"Polygon","coordinates":[[[118.686261,32.165264],[118.691561,32.165193],[118.691645,32.169702],[118.686344,32.169773],[118.686261,32.165264]]]}},{"type":"Feature","id":"g7-39","properties":{"lst_mean_c":50.25,"ndvi_mean":0.443,"green_share_pct":77.9,"hot_share_pct":78.9,"coverage_pct":100.0,"valid_pixels":289},"geometry":{"type":"Polygon","coordinates":[[[118.712764,32.164908],[118.718065,32.164836],[118.718149,32.169345],[118.712849,32.169417],[118.712764,32.164908]]]}},{"type":"Feature","id":"g8-39","properties":{"lst_mean_c":49.53,"ndvi_mean":0.464,"green_share_pct":81.3,"hot_share_pct":56.7,"coverage_pct":100.0,"valid_pixels":289},"geometry":{"type":"Polygon","coordinates":[[[118.718065,32.164836],[118.723365,32.164764],[118.72345,32.169273],[118.718149,32.169345],[118.718065,32.164836]]]}},{"type":"Feature","id":"g9-39","properties":{"lst_mean_c":43.89,"ndvi_mean":0.57,"green_share_pct":91.7,"hot_share_pct":4.9,"coverage_pct":97.8,"valid_pixels":266},"geometry":{"type":"Polygon","coordinates":[[[118.723365,32.164764],[118.728666,32.164691],[118.728751,32.1692],[118.72345,32.169273],[118.723365,32.164764]]]}},{"type":"Feature","id":"g10-39","properties":{"lst_mean_c":40.65,"ndvi_mean":0.701,"green_share_pct":97.9,"hot_share_pct":0.0,"coverage_pct":100.0,"valid_pixels":289},"geometry":{"type":"Polygon","coordinates":[[[118.728666,32.164691],[118.733967,32.164619],[118.734052,32.169128],[118.728751,32.1692],[118.728666,32.164691]]]}},{"type":"Feature","id":"g11-39","properties":{"lst_mean_c":40.07,"ndvi_mean":0.708,"green_share_pct":99.0,"hot_share_pct":0.0,"coverage_pct":100.0,"valid_pixels":289},"geometry":{"type":"Polygon","coordinates":[[[118.733967,32.164619],[118.739267,32.164546],[118.739353,32.169055],[118.734052,32.169128],[118.733967,32.164619]]]}},{"type":"Feature","id":"g12-39","properties":{"lst_mean_c":43.17,"ndvi_mean":0.637,"green_share_pct":96.3,"hot_share_pct":4.4,"coverage_pct":100.0,"valid_pixels":272},"geometry":{"type":"Polygon","coordinates":[[[118.739267,32.164546],[118.744568,32.164473],[118.744654,32.168982],[118.739353,32.169055],[118.739267,32.164546]]]}},{"type":"Feature","id":"g13-39","properties":{"lst_mean_c":47.66,"ndvi_mean":0.373,"green_share_pct":53.2,"hot_share_pct":39.5,"coverage_pct":65.7,"valid_pixels":190},"geometry":{"type":"Polygon","coordinates":[[[118.744568,32.164473],[118.749868,32.1644],[118.749954,32.168909],[118.744654,32.168982],[118.744568,32.164473]]]}},{"type":"Feature","id":"g16-39","properties":{"lst_mean_c":39.89,"ndvi_mean":0.512,"green_share_pct":82.9,"hot_share_pct":0.0,"coverage_pct":78.9,"valid_pixels":228},"geometry":{"type":"Polygon","coordinates":[[[118.760469,32.164253],[118.76577,32.164179],[118.765857,32.168688],[118.760556,32.168761],[118.760469,32.164253]]]}},{"type":"Feature","id":"g19-39","properties":{"lst_mean_c":37.54,"ndvi_mean":0.735,"green_share_pct":98.9,"hot_share_pct":0.0,"coverage_pct":98.3,"valid_pixels":284},"geometry":{"type":"Polygon","coordinates":[[[118.77637,32.16403],[118.781671,32.163956],[118.781759,32.168465],[118.776458,32.168539],[118.77637,32.16403]]]}},{"type":"Feature","id":"g20-39","properties":{"lst_mean_c":42.46,"ndvi_mean":0.572,"green_share_pct":98.6,"hot_share_pct":0.0,"coverage_pct":100.0,"valid_pixels":289},"geometry":{"type":"Polygon","coordinates":[[[118.781671,32.163956],[118.786971,32.163881],[118.787059,32.16839],[118.781759,32.168465],[118.781671,32.163956]]]}},{"type":"Feature","id":"g21-39","properties":{"lst_mean_c":41.54,"ndvi_mean":0.597,"green_share_pct":94.9,"hot_share_pct":0.0,"coverage_pct":100.0,"valid_pixels":272},"geometry":{"type":"Polygon","coordinates":[[[118.786971,32.163881],[118.792272,32.163806],[118.79236,32.168315],[118.787059,32.16839],[118.786971,32.163881]]]}},{"type":"Feature","id":"g22-39","properties":{"lst_mean_c":45.43,"ndvi_mean":0.454,"green_share_pct":82.4,"hot_share_pct":19.7,"coverage_pct":100.0,"valid_pixels":289},"geometry":{"type":"Polygon","coordinates":[[[118.792272,32.163806],[118.797572,32.163731],[118.797661,32.16824],[118.79236,32.168315],[118.792272,32.163806]]]}},{"type":"Feature","id":"g23-39","properties":{"lst_mean_c":44.75,"ndvi_mean":0.517,"green_share_pct":96.5,"hot_share_pct":6.9,"coverage_pct":100.0,"valid_pixels":289},"geometry":{"type":"Polygon","coordinates":[[[118.797572,32.163731],[118.802872,32.163656],[118.802961,32.168164],[118.797661,32.16824],[118.797572,32.163731]]]}},{"type":"Feature","id":"g24-39","properties":{"lst_mean_c":43.74,"ndvi_mean":0.451,"green_share_pct":82.3,"hot_share_pct":5.3,"coverage_pct":97.8,"valid_pixels":266},"geometry":{"type":"Polygon","coordinates":[[[118.802872,32.163656],[118.808173,32.16358],[118.808262,32.168088],[118.802961,32.168164],[118.802872,32.163656]]]}},{"type":"Feature","id":"g25-39","properties":{"lst_mean_c":39.6,"ndvi_mean":0.542,"green_share_pct":90.1,"hot_share_pct":0.0,"coverage_pct":94.1,"valid_pixels":272},"geometry":{"type":"Polygon","coordinates":[[[118.808173,32.16358],[118.813473,32.163504],[118.813562,32.168013],[118.808262,32.168088],[118.808173,32.16358]]]}},{"type":"Feature","id":"g26-39","properties":{"lst_mean_c":40.98,"ndvi_mean":0.419,"green_share_pct":74.7,"hot_share_pct":0.0,"coverage_pct":64.4,"valid_pixels":186},"geometry":{"type":"Polygon","coordinates":[[[118.813473,32.163504],[118.818773,32.163428],[118.818863,32.167936],[118.813562,32.168013],[118.813473,32.163504]]]}},{"type":"Feature","id":"g40-39","properties":{"lst_mean_c":43.59,"ndvi_mean":0.501,"green_share_pct":79.5,"hot_share_pct":6.5,"coverage_pct":64.0,"valid_pixels":185},"geometry":{"type":"Polygon","coordinates":[[[118.887675,32.162418],[118.892975,32.162339],[118.893068,32.166848],[118.887768,32.166927],[118.887675,32.162418]]]}},{"type":"Feature","id":"g41-39","properties":{"lst_mean_c":43.25,"ndvi_mean":0.527,"green_share_pct":82.0,"hot_share_pct":5.5,"coverage_pct":100.0,"valid_pixels":289},"geometry":{"type":"Polygon","coordinates":[[[118.892975,32.162339],[118.898275,32.16226],[118.898368,32.166768],[118.893068,32.166848],[118.892975,32.162339]]]}},{"type":"Feature","id":"g42-39","properties":{"lst_mean_c":42.96,"ndvi_mean":0.59,"green_share_pct":95.8,"hot_share_pct":1.3,"coverage_pct":87.9,"valid_pixels":239},"geometry":{"type":"Polygon","coordinates":[[[118.898275,32.16226],[118.903575,32.16218],[118.903668,32.166688],[118.898368,32.166768],[118.898275,32.16226]]]}},{"type":"Feature","id":"g43-39","properties":{"lst_mean_c":41.46,"ndvi_mean":0.712,"green_share_pct":99.0,"hot_share_pct":0.0,"coverage_pct":66.8,"valid_pixels":193},"geometry":{"type":"Polygon","coordinates":[[[118.903575,32.16218],[118.908874,32.1621],[118.908969,32.166609],[118.903668,32.166688],[118.903575,32.16218]]]}},{"type":"Feature","id":"g44-39","properties":{"lst_mean_c":47.3,"ndvi_mean":0.31,"green_share_pct":38.9,"hot_share_pct":28.1,"coverage_pct":93.4,"valid_pixels":270},"geometry":{"type":"Polygon","coordinates":[[[118.908874,32.1621],[118.914174,32.16202],[118.914269,32.166528],[118.908969,32.166609],[118.908874,32.1621]]]}},{"type":"Feature","id":"g49-39","properties":{"lst_mean_c":48.86,"ndvi_mean":0.182,"green_share_pct":17.5,"hot_share_pct":76.9,"coverage_pct":86.9,"valid_pixels":251},"geometry":{"type":"Polygon","coordinates":[[[118.935374,32.161698],[118.940674,32.161616],[118.940769,32.166125],[118.935469,32.166206],[118.935374,32.161698]]]}},{"type":"Feature","id":"g50-39","properties":{"lst_mean_c":47.92,"ndvi_mean":0.31,"green_share_pct":48.9,"hot_share_pct":43.7,"coverage_pct":98.3,"valid_pixels":284},"geometry":{"type":"Polygon","coordinates":[[[118.940674,32.161616],[118.945973,32.161535],[118.946069,32.166043],[118.940769,32.166125],[118.940674,32.161616]]]}},{"type":"Feature","id":"g51-39","properties":{"lst_mean_c":46.19,"ndvi_mean":0.434,"green_share_pct":74.8,"hot_share_pct":8.1,"coverage_pct":99.3,"valid_pixels":270},"geometry":{"type":"Polygon","coordinates":[[[118.945973,32.161535],[118.951273,32.161453],[118.951369,32.165961],[118.946069,32.166043],[118.945973,32.161535]]]}},{"type":"Feature","id":"g52-39","properties":{"lst_mean_c":47.67,"ndvi_mean":0.368,"green_share_pct":69.1,"hot_share_pct":42.6,"coverage_pct":100.0,"valid_pixels":136},"geometry":{"type":"Polygon","coordinates":[[[118.951273,32.161453],[118.956573,32.161371],[118.956669,32.16588],[118.951369,32.165961],[118.951273,32.161453]]]}},{"type":"Feature","id":"g0-40","properties":{"lst_mean_c":51.21,"ndvi_mean":0.347,"green_share_pct":56.2,"hot_share_pct":100.0,"coverage_pct":100.0,"valid_pixels":96},"geometry":{"type":"Polygon","coordinates":[[[118.675742,32.169914],[118.681043,32.169843],[118.681126,32.174352],[118.675824,32.174422],[118.675742,32.169914]]]}},{"type":"Feature","id":"g1-40","properties":{"lst_mean_c":56.13,"ndvi_mean":0.151,"green_share_pct":13.2,"hot_share_pct":100.0,"coverage_pct":100.0,"valid_pixels":272},"geometry":{"type":"Polygon","coordinates":[[[118.681043,32.169843],[118.686344,32.169773],[118.686427,32.174281],[118.681126,32.174352],[118.681043,32.169843]]]}},{"type":"Feature","id":"g2-40","properties":{"lst_mean_c":55.46,"ndvi_mean":0.132,"green_share_pct":8.4,"hot_share_pct":100.0,"coverage_pct":91.9,"valid_pixels":250},"geometry":{"type":"Polygon","coordinates":[[[118.686344,32.169773],[118.691645,32.169702],[118.691728,32.174211],[118.686427,32.174281],[118.686344,32.169773]]]}},{"type":"Feature","id":"g7-40","properties":{"lst_mean_c":50.06,"ndvi_mean":0.454,"green_share_pct":77.2,"hot_share_pct":74.6,"coverage_pct":85.3,"valid_pixels":232},"geometry":{"type":"Polygon","coordinates":[[[118.712849,32.169417],[118.718149,32.169345],[118.718234,32.173853],[118.712933,32.173925],[118.712849,32.169417]]]}},{"type":"Feature","id":"g8-40","properties":{"lst_mean_c":46.47,"ndvi_mean":0.563,"green_share_pct":80.1,"hot_share_pct":27.6,"coverage_pct":100.0,"valid_pixels":272},"geometry":{"type":"Polygon","coordinates":[[[118.718149,32.169345],[118.72345,32.169273],[118.723535,32.173781],[118.718234,32.173853],[118.718149,32.169345]]]}},{"type":"Feature","id":"g9-40","properties":{"lst_mean_c":47.03,"ndvi_mean":0.535,"green_share_pct":89.1,"hot_share_pct":32.8,"coverage_pct":100.0,"valid_pixels":256},"geometry":{"type":"Polygon","coordinates":[[[118.72345,32.169273],[118.728751,32.1692],[118.728836,32.173709],[118.723535,32.173781],[118.72345,32.169273]]]}},{"type":"Feature","id":"g10-40","properties":{"lst_mean_c":44.18,"ndvi_mean":0.561,"green_share_pct":88.1,"hot_share_pct":8.5,"coverage_pct":95.6,"valid_pixels":260},"geometry":{"type":"Polygon","coordinates":[[[118.728751,32.1692],[118.734052,32.169128],[118.734137,32.173636],[118.728836,32.173709],[118.728751,32.1692]]]}},{"type":"Feature","id":"g11-40","properties":{"lst_mean_c":45.65,"ndvi_mean":0.556,"green_share_pct":95.6,"hot_share_pct":0.4,"coverage_pct":100.0,"valid_pixels":272},"geometry":{"type":"Polygon","coordinates":[[[118.734052,32.169128],[118.739353,32.169055],[118.739438,32.173564],[118.734137,32.173636],[118.734052,32.169128]]]}},{"type":"Feature","id":"g12-40","properties":{"lst_mean_c":42.81,"ndvi_mean":0.655,"green_share_pct":98.0,"hot_share_pct":0.0,"coverage_pct":100.0,"valid_pixels":256},"geometry":{"type":"Polygon","coordinates":[[[118.739353,32.169055],[118.744654,32.168982],[118.74474,32.17349],[118.739438,32.173564],[118.739353,32.169055]]]}},{"type":"Feature","id":"g13-40","properties":{"lst_mean_c":44.3,"ndvi_mean":0.574,"green_share_pct":96.7,"hot_share_pct":0.0,"coverage_pct":67.6,"valid_pixels":184},"geometry":{"type":"Polygon","coordinates":[[[118.744654,32.168982],[118.749954,32.168909],[118.750041,32.173417],[118.74474,32.17349],[118.744654,32.168982]]]}},{"type":"Feature","id":"g15-40","properties":{"lst_mean_c":50.57,"ndvi_mean":0.242,"green_share_pct":24.7,"hot_share_pct":81.5,"coverage_pct":63.3,"valid_pixels":162},"geometry":{"type":"Polygon","coordinates":[[[118.755255,32.168835],[118.760556,32.168761],[118.760643,32.17327],[118.755342,32.173344],[118.755255,32.168835]]]}},{"type":"Feature","id":"g19-40","properties":{"lst_mean_c":40.91,"ndvi_mean":0.6,"green_share_pct":91.9,"hot_share_pct":0.0,"coverage_pct":100.0,"valid_pixels":272},"geometry":{"type":"Polygon","coordinates":[[[118.776458,32.168539],[118.781759,32.168465],[118.781846,32.172973],[118.776546,32.173048],[118.776458,32.168539]]]}},{"type":"Feature","id":"g20-40","properties":{"lst_mean_c":43.76,"ndvi_mean":0.462,"green_share_pct":85.3,"hot_share_pct":2.2,"coverage_pct":100.0,"valid_pixels":272},"geometry":{"type":"Polygon","coordinates":[[[118.781759,32.168465],[118.787059,32.16839],[118.787147,32.172898],[118.781846,32.172973],[118.781759,32.168465]]]}},{"type":"Feature","id":"g21-40","properties":{"lst_mean_c":43.33,"ndvi_mean":0.536,"green_share_pct":96.1,"hot_share_pct":0.0,"coverage_pct":100.0,"valid_pixels":256},"geometry":{"type":"Polygon","coordinates":[[[118.787059,32.16839],[118.79236,32.168315],[118.792448,32.172823],[118.787147,32.172898],[118.787059,32.16839]]]}},{"type":"Feature","id":"g22-40","properties":{"lst_mean_c":47.16,"ndvi_mean":0.377,"green_share_pct":68.0,"hot_share_pct":16.5,"coverage_pct":100.0,"valid_pixels":272},"geometry":{"type":"Polygon","coordinates":[[[118.79236,32.168315],[118.797661,32.16824],[118.797749,32.172748],[118.792448,32.172823],[118.79236,32.168315]]]}},{"type":"Feature","id":"g23-40","properties":{"lst_mean_c":46.65,"ndvi_mean":0.383,"green_share_pct":65.4,"hot_share_pct":8.5,"coverage_pct":100.0,"valid_pixels":272},"geometry":{"type":"Polygon","coordinates":[[[118.797661,32.16824],[118.802961,32.168164],[118.80305,32.172673],[118.797749,32.172748],[118.797661,32.16824]]]}},{"type":"Feature","id":"g24-40","properties":{"lst_mean_c":48.35,"ndvi_mean":0.344,"green_share_pct":54.7,"hot_share_pct":52.0,"coverage_pct":100.0,"valid_pixels":256},"geometry":{"type":"Polygon","coordinates":[[[118.802961,32.168164],[118.808262,32.168088],[118.808351,32.172597],[118.80305,32.172673],[118.802961,32.168164]]]}},{"type":"Feature","id":"g25-40","properties":{"lst_mean_c":47.76,"ndvi_mean":0.394,"green_share_pct":80.5,"hot_share_pct":43.8,"coverage_pct":100.0,"valid_pixels":272},"geometry":{"type":"Polygon","coordinates":[[[118.808262,32.168088],[118.813562,32.168013],[118.813652,32.172521],[118.808351,32.172597],[118.808262,32.168088]]]}},{"type":"Feature","id":"g26-40","properties":{"lst_mean_c":45.24,"ndvi_mean":0.43,"green_share_pct":80.6,"hot_share_pct":18.3,"coverage_pct":96.7,"valid_pixels":263},"geometry":{"type":"Polygon","coordinates":[[[118.813562,32.168013],[118.818863,32.167936],[118.818952,32.172445],[118.813652,32.172521],[118.813562,32.168013]]]}},{"type":"Feature","id":"g27-40","properties":{"lst_mean_c":41.5,"ndvi_mean":0.605,"green_share_pct":87.6,"hot_share_pct":2.5,"coverage_pct":94.5,"valid_pixels":242},"geometry":{"type":"Polygon","coordinates":[[[118.818863,32.167936],[118.824163,32.16786],[118.824253,32.172369],[118.818952,32.172445],[118.818863,32.167936]]]}},{"type":"Feature","id":"g28-40","properties":{"lst_mean_c":44.67,"ndvi_mean":0.528,"green_share_pct":92.5,"hot_share_pct":0.4,"coverage_pct":98.5,"valid_pixels":268},"geometry":{"type":"Polygon","coordinates":[[[118.824163,32.16786],[118.829464,32.167784],[118.829554,32.172292],[118.824253,32.172369],[118.824163,32.16786]]]}},{"type":"Feature","id":"g29-40","properties":{"lst_mean_c":44.17,"ndvi_mean":0.495,"green_share_pct":88.7,"hot_share_pct":0.0,"coverage_pct":87.9,"valid_pixels":239},"geometry":{"type":"Polygon","coordinates":[[[118.829464,32.167784],[118.834764,32.167707],[118.834855,32.172215],[118.829554,32.172292],[118.829464,32.167784]]]}},{"type":"Feature","id":"g30-40","properties":{"lst_mean_c":40.2,"ndvi_mean":0.448,"green_share_pct":79.3,"hot_share_pct":0.0,"coverage_pct":73.4,"valid_pixels":188},"geometry":{"type":"Polygon","coordinates":[[[118.834764,32.167707],[118.840065,32.16763],[118.840155,32.172138],[118.834855,32.172215],[118.834764,32.167707]]]}},{"type":"Feature","id":"g40-40","properties":{"lst_mean_c":47.31,"ndvi_mean":0.346,"green_share_pct":48.2,"hot_share_pct":34.6,"coverage_pct":100.0,"valid_pixels":272},"geometry":{"type":"Polygon","coordinates":[[[118.887768,32.166927],[118.893068,32.166848],[118.893161,32.171356],[118.887861,32.171435],[118.887768,32.166927]]]}},{"type":"Feature","id":"g41-40","properties":{"lst_mean_c":41.84,"ndvi_mean":0.614,"green_share_pct":90.0,"hot_share_pct":0.0,"coverage_pct":99.3,"valid_pixels":270},"geometry":{"type":"Polygon","coordinates":[[[118.893068,32.166848],[118.898368,32.166768],[118.898462,32.171276],[118.893161,32.171356],[118.893068,32.166848]]]}},{"type":"Feature","id":"g44-40","properties":{"lst_mean_c":43.89,"ndvi_mean":0.368,"green_share_pct":48.3,"hot_share_pct":4.7,"coverage_pct":86.8,"valid_pixels":236},"geometry":{"type":"Polygon","coordinates":[[[118.908969,32.166609],[118.914269,32.166528],[118.914363,32.171037],[118.909063,32.171117],[118.908969,32.166609]]]}},{"type":"Feature","id":"g45-40","properties":{"lst_mean_c":42.62,"ndvi_mean":0.374,"green_share_pct":47.6,"hot_share_pct":0.0,"coverage_pct":65.6,"valid_pixels":168},"geometry":{"type":"Polygon","coordinates":[[[118.914269,32.166528],[118.919569,32.166448],[118.919663,32.170956],[118.914363,32.171037],[118.914269,32.166528]]]}},{"type":"Feature","id":"g50-40","properties":{"lst_mean_c":47.45,"ndvi_mean":0.289,"green_share_pct":38.5,"hot_share_pct":44.8,"coverage_pct":70.6,"valid_pixels":192},"geometry":{"type":"Polygon","coordinates":[[[118.940769,32.166125],[118.946069,32.166043],[118.946165,32.170551],[118.940865,32.170633],[118.940769,32.166125]]]}},{"type":"Feature","id":"g51-40","properties":{"lst_mean_c":43.83,"ndvi_mean":0.449,"green_share_pct":85.5,"hot_share_pct":0.0,"coverage_pct":72.7,"valid_pixels":186},"geometry":{"type":"Polygon","coordinates":[[[118.946069,32.166043],[118.951369,32.165961],[118.951465,32.17047],[118.946165,32.170551],[118.946069,32.166043]]]}},{"type":"Feature","id":"g52-40","properties":{"lst_mean_c":47.93,"ndvi_mean":0.228,"green_share_pct":25.8,"hot_share_pct":55.1,"coverage_pct":69.5,"valid_pixels":89},"geometry":{"type":"Polygon","coordinates":[[[118.951369,32.165961],[118.956669,32.16588],[118.956766,32.170388],[118.951465,32.17047],[118.951369,32.165961]]]}},{"type":"Feature","id":"g0-41","properties":{"lst_mean_c":51.11,"ndvi_mean":0.374,"green_share_pct":70.6,"hot_share_pct":100.0,"coverage_pct":100.0,"valid_pixels":102},"geometry":{"type":"Polygon","coordinates":[[[118.675824,32.174422],[118.681126,32.174352],[118.681208,32.178861],[118.675907,32.178931],[118.675824,32.174422]]]}},{"type":"Feature","id":"g1-41","properties":{"lst_mean_c":50.78,"ndvi_mean":0.395,"green_share_pct":66.4,"hot_share_pct":78.9,"coverage_pct":100.0,"valid_pixels":289},"geometry":{"type":"Polygon","coordinates":[[[118.681126,32.174352],[118.686427,32.174281],[118.68651,32.17879],[118.681208,32.178861],[118.681126,32.174352]]]}},{"type":"Feature","id":"g2-41","properties":{"lst_mean_c":50.87,"ndvi_mean":0.348,"green_share_pct":53.5,"hot_share_pct":74.7,"coverage_pct":99.7,"valid_pixels":288},"geometry":{"type":"Polygon","coordinates":[[[118.686427,32.174281],[118.691728,32.174211],[118.691811,32.17872],[118.68651,32.17879],[118.686427,32.174281]]]}},{"type":"Feature","id":"g7-41","properties":{"lst_mean_c":48.54,"ndvi_mean":0.445,"green_share_pct":70.8,"hot_share_pct":51.4,"coverage_pct":87.5,"valid_pixels":253},"geometry":{"type":"Polygon","coordinates":[[[118.712933,32.173925],[118.718234,32.173853],[118.718319,32.178362],[118.713017,32.178434],[118.712933,32.173925]]]}},{"type":"Feature","id":"g8-41","properties":{"lst_mean_c":45.21,"ndvi_mean":0.569,"green_share_pct":80.3,"hot_share_pct":15.2,"coverage_pct":100.0,"valid_pixels":289},"geometry":{"type":"Polygon","coordinates":[[[118.718234,32.173853],[118.723535,32.173781],[118.72362,32.17829],[118.718319,32.178362],[118.718234,32.173853]]]}},{"type":"Feature","id":"g9-41","properties":{"lst_mean_c":51.59,"ndvi_mean":0.345,"green_share_pct":42.6,"hot_share_pct":80.9,"coverage_pct":100.0,"valid_pixels":272},"geometry":{"type":"Polygon","coordinates":[[[118.723535,32.173781],[118.728836,32.173709],[118.728922,32.178218],[118.72362,32.17829],[118.723535,32.173781]]]}},{"type":"Feature","id":"g10-41","properties":{"lst_mean_c":48.09,"ndvi_mean":0.379,"green_share_pct":65.0,"hot_share_pct":45.1,"coverage_pct":95.8,"valid_pixels":277},"geometry":{"type":"Polygon","coordinates":[[[118.728836,32.173709],[118.734137,32.173636],[118.734223,32.178145],[118.728922,32.178218],[118.728836,32.173709]]]}},{"type":"Feature","id":"g11-41","properties":{"lst_mean_c":46.42,"ndvi_mean":0.458,"green_share_pct":69.3,"hot_share_pct":21.3,"coverage_pct":99.3,"valid_pixels":287},"geometry":{"type":"Polygon","coordinates":[[[118.734137,32.173636],[118.739438,32.173564],[118.739524,32.178072],[118.734223,32.178145],[118.734137,32.173636]]]}},{"type":"Feature","id":"g12-41","properties":{"lst_mean_c":44.47,"ndvi_mean":0.618,"green_share_pct":94.9,"hot_share_pct":9.2,"coverage_pct":100.0,"valid_pixels":272},"geometry":{"type":"Polygon","coordinates":[[[118.739438,32.173564],[118.74474,32.17349],[118.744826,32.177999],[118.739524,32.178072],[118.739438,32.173564]]]}},{"type":"Feature","id":"g13-41","properties":{"lst_mean_c":45.28,"ndvi_mean":0.546,"green_share_pct":80.6,"hot_share_pct":23.9,"coverage_pct":100.0,"valid_pixels":289},"geometry":{"type":"Polygon","coordinates":[[[118.74474,32.17349],[118.750041,32.173417],[118.750127,32.177926],[118.744826,32.177999],[118.74474,32.17349]]]}},{"type":"Feature","id":"g14-41","properties":{"lst_mean_c":42.49,"ndvi_mean":0.547,"green_share_pct":82.9,"hot_share_pct":7.8,"coverage_pct":93.1,"valid_pixels":269},"geometry":{"type":"Polygon","coordinates":[[[118.750041,32.173417],[118.755342,32.173344],[118.755428,32.177852],[118.750127,32.177926],[118.750041,32.173417]]]}},{"type":"Feature","id":"g15-41","properties":{"lst_mean_c":47.9,"ndvi_mean":0.238,"green_share_pct":24.8,"hot_share_pct":48.1,"coverage_pct":78.7,"valid_pixels":214},"geometry":{"type":"Polygon","coordinates":[[[118.755342,32.173344],[118.760643,32.17327],[118.760729,32.177779],[118.755428,32.177852],[118.755342,32.173344]]]}},{"type":"Feature","id":"g18-41","properties":{"lst_mean_c":36.02,"ndvi_mean":0.694,"green_share_pct":97.5,"hot_share_pct":0.0,"coverage_pct":73.5,"valid_pixels":200},"geometry":{"type":"Polygon","coordinates":[[[118.771245,32.173122],[118.776546,32.173048],[118.776633,32.177556],[118.771332,32.177631],[118.771245,32.173122]]]}},{"type":"Feature","id":"g19-41","properties":{"lst_mean_c":41.97,"ndvi_mean":0.562,"green_share_pct":95.8,"hot_share_pct":6.2,"coverage_pct":99.7,"valid_pixels":288},"geometry":{"type":"Polygon","coordinates":[[[118.776546,32.173048],[118.781846,32.172973],[118.781934,32.177482],[118.776633,32.177556],[118.776546,32.173048]]]}},{"type":"Feature","id":"g20-41","properties":{"lst_mean_c":47.06,"ndvi_mean":0.393,"green_share_pct":65.7,"hot_share_pct":30.4,"coverage_pct":100.0,"valid_pixels":289},"geometry":{"type":"Polygon","coordinates":[[[118.781846,32.172973],[118.787147,32.172898],[118.787235,32.177407],[118.781934,32.177482],[118.781846,32.172973]]]}},{"type":"Feature","id":"g21-41","properties":{"lst_mean_c":47.99,"ndvi_mean":0.415,"green_share_pct":76.8,"hot_share_pct":45.2,"coverage_pct":100.0,"valid_pixels":272},"geometry":{"type":"Polygon","coordinates":[[[118.787147,32.172898],[118.792448,32.172823],[118.792537,32.177332],[118.787235,32.177407],[118.787147,32.172898]]]}},{"type":"Feature","id":"g22-41","properties":{"lst_mean_c":48.5,"ndvi_mean":0.36,"green_share_pct":66.4,"hot_share_pct":63.3,"coverage_pct":100.0,"valid_pixels":289},"geometry":{"type":"Polygon","coordinates":[[[118.792448,32.172823],[118.797749,32.172748],[118.797838,32.177257],[118.792537,32.177332],[118.792448,32.172823]]]}},{"type":"Feature","id":"g23-41","properties":{"lst_mean_c":50.73,"ndvi_mean":0.324,"green_share_pct":52.6,"hot_share_pct":86.9,"coverage_pct":100.0,"valid_pixels":289},"geometry":{"type":"Polygon","coordinates":[[[118.797749,32.172748],[118.80305,32.172673],[118.803139,32.177181],[118.797838,32.177257],[118.797749,32.172748]]]}},{"type":"Feature","id":"g24-41","properties":{"lst_mean_c":51.64,"ndvi_mean":0.31,"green_share_pct":48.5,"hot_share_pct":100.0,"coverage_pct":100.0,"valid_pixels":272},"geometry":{"type":"Polygon","coordinates":[[[118.80305,32.172673],[118.808351,32.172597],[118.80844,32.177105],[118.803139,32.177181],[118.80305,32.172673]]]}},{"type":"Feature","id":"g25-41","properties":{"lst_mean_c":49.79,"ndvi_mean":0.402,"green_share_pct":66.8,"hot_share_pct":76.5,"coverage_pct":100.0,"valid_pixels":289},"geometry":{"type":"Polygon","coordinates":[[[118.808351,32.172597],[118.813652,32.172521],[118.813741,32.17703],[118.80844,32.177105],[118.808351,32.172597]]]}},{"type":"Feature","id":"g26-41","properties":{"lst_mean_c":49.93,"ndvi_mean":0.371,"green_share_pct":73.0,"hot_share_pct":79.6,"coverage_pct":100.0,"valid_pixels":289},"geometry":{"type":"Polygon","coordinates":[[[118.813652,32.172521],[118.818952,32.172445],[118.819042,32.176953],[118.813741,32.17703],[118.813652,32.172521]]]}},{"type":"Feature","id":"g27-41","properties":{"lst_mean_c":46.02,"ndvi_mean":0.497,"green_share_pct":89.1,"hot_share_pct":12.0,"coverage_pct":98.2,"valid_pixels":267},"geometry":{"type":"Polygon","coordinates":[[[118.818952,32.172445],[118.824253,32.172369],[118.824343,32.176877],[118.819042,32.176953],[118.818952,32.172445]]]}},{"type":"Feature","id":"g29-41","properties":{"lst_mean_c":44.55,"ndvi_mean":0.595,"green_share_pct":93.9,"hot_share_pct":0.0,"coverage_pct":90.7,"valid_pixels":262},"geometry":{"type":"Polygon","coordinates":[[[118.829554,32.172292],[118.834855,32.172215],[118.834945,32.176724],[118.829644,32.1768],[118.829554,32.172292]]]}},{"type":"Feature","id":"g30-41","properties":{"lst_mean_c":43.55,"ndvi_mean":0.576,"green_share_pct":97.1,"hot_share_pct":0.0,"coverage_pct":100.0,"valid_pixels":272},"geometry":{"type":"Polygon","coordinates":[[[118.834855,32.172215],[118.840155,32.172138],[118.840246,32.176647],[118.834945,32.176724],[118.834855,32.172215]]]}},{"type":"Feature","id":"g31-41","properties":{"lst_mean_c":43.13,"ndvi_mean":0.55,"green_share_pct":96.2,"hot_share_pct":0.0,"coverage_pct":100.0,"valid_pixels":289},"geometry":{"type":"Polygon","coordinates":[[[118.840155,32.172138],[118.845456,32.172061],[118.845547,32.176569],[118.840246,32.176647],[118.840155,32.172138]]]}},{"type":"Feature","id":"g40-41","properties":{"lst_mean_c":42.29,"ndvi_mean":0.398,"green_share_pct":60.8,"hot_share_pct":4.9,"coverage_pct":91.7,"valid_pixels":265},"geometry":{"type":"Polygon","coordinates":[[[118.887861,32.171435],[118.893161,32.171356],[118.893255,32.175864],[118.887954,32.175943],[118.887861,32.171435]]]}},{"type":"Feature","id":"g41-41","properties":{"lst_mean_c":38.88,"ndvi_mean":0.536,"green_share_pct":82.1,"hot_share_pct":0.0,"coverage_pct":85.1,"valid_pixels":246},"geometry":{"type":"Polygon","coordinates":[[[118.893161,32.171356],[118.898462,32.171276],[118.898555,32.175785],[118.893255,32.175864],[118.893161,32.171356]]]}},{"type":"Feature","id":"g42-41","properties":{"lst_mean_c":37.19,"ndvi_mean":0.605,"green_share_pct":97.3,"hot_share_pct":0.0,"coverage_pct":68.0,"valid_pixels":185},"geometry":{"type":"Polygon","coordinates":[[[118.898462,32.171276],[118.903762,32.171197],[118.903856,32.175705],[118.898555,32.175785],[118.898462,32.171276]]]}},{"type":"Feature","id":"g0-42","properties":{"lst_mean_c":48.86,"ndvi_mean":0.464,"green_share_pct":90.2,"hot_share_pct":69.6,"coverage_pct":100.0,"valid_pixels":102},"geometry":{"type":"Polygon","coordinates":[[[118.675907,32.178931],[118.681208,32.178861],[118.681291,32.18337],[118.67599,32.18344],[118.675907,32.178931]]]}},{"type":"Feature","id":"g1-42","properties":{"lst_mean_c":49.69,"ndvi_mean":0.417,"green_share_pct":74.4,"hot_share_pct":71.3,"coverage_pct":100.0,"valid_pixels":289},"geometry":{"type":"Polygon","coordinates":[[[118.681208,32.178861],[118.68651,32.17879],[118.686593,32.183299],[118.681291,32.18337],[118.681208,32.178861]]]}},{"type":"Feature","id":"g2-42","properties":{"lst_mean_c":49.33,"ndvi_mean":0.327,"green_share_pct":51.2,"hot_share_pct":66.4,"coverage_pct":100.0,"valid_pixels":289},"geometry":{"type":"Polygon","coordinates":[[[118.68651,32.17879],[118.691811,32.17872],[118.691895,32.183228],[118.686593,32.183299],[118.68651,32.17879]]]}},{"type":"Feature","id":"g3-42","properties":{"lst_mean_c":47.03,"ndvi_mean":0.515,"green_share_pct":100.0,"hot_share_pct":18.3,"coverage_pct":84.6,"valid_pixels":230},"geometry":{"type":"Polygon","coordinates":[[[118.691811,32.17872],[118.697113,32.178648],[118.697197,32.183157],[118.691895,32.183228],[118.691811,32.17872]]]}},{"type":"Feature","id":"g6-42","properties":{"lst_mean_c":48.07,"ndvi_mean":0.432,"green_share_pct":89.3,"hot_share_pct":45.2,"coverage_pct":100.0,"valid_pixels":272},"geometry":{"type":"Polygon","coordinates":[[[118.707716,32.178506],[118.713017,32.178434],[118.713102,32.182943],[118.7078,32.183015],[118.707716,32.178506]]]}},{"type":"Feature","id":"g7-42","properties":{"lst_mean_c":46.81,"ndvi_mean":0.497,"green_share_pct":87.2,"hot_share_pct":22.1,"coverage_pct":100.0,"valid_pixels":289},"geometry":{"type":"Polygon","coordinates":[[[118.713017,32.178434],[118.718319,32.178362],[118.718403,32.182871],[118.713102,32.182943],[118.713017,32.178434]]]}},{"type":"Feature","id":"g8-42","properties":{"lst_mean_c":44.57,"ndvi_mean":0.662,"green_share_pct":93.4,"hot_share_pct":18.7,"coverage_pct":100.0,"valid_pixels":289},"geometry":{"type":"Polygon","coordinates":[[[118.718319,32.178362],[118.72362,32.17829],[118.723705,32.182799],[118.718403,32.182871],[118.718319,32.178362]]]}},{"type":"Feature","id":"g9-42","properties":{"lst_mean_c":49.98,"ndvi_mean":0.424,"green_share_pct":58.1,"hot_share_pct":58.8,"coverage_pct":100.0,"valid_pixels":272},"geometry":{"type":"Polygon","coordinates":[[[118.72362,32.17829],[118.728922,32.178218],[118.729007,32.182726],[118.723705,32.182799],[118.72362,32.17829]]]}},{"type":"Feature","id":"g10-42","properties":{"lst_mean_c":55.07,"ndvi_mean":0.286,"green_share_pct":38.8,"hot_share_pct":97.6,"coverage_pct":100.0,"valid_pixels":289},"geometry":{"type":"Polygon","coordinates":[[[118.728922,32.178218],[118.734223,32.178145],[118.734308,32.182654],[118.729007,32.182726],[118.728922,32.178218]]]}},{"type":"Feature","id":"g11-42","properties":{"lst_mean_c":48.91,"ndvi_mean":0.31,"green_share_pct":52.4,"hot_share_pct":51.6,"coverage_pct":94.5,"valid_pixels":273},"geometry":{"type":"Polygon","coordinates":[[[118.734223,32.178145],[118.739524,32.178072],[118.73961,32.182581],[118.734308,32.182654],[118.734223,32.178145]]]}},{"type":"Feature","id":"g12-42","properties":{"lst_mean_c":45.31,"ndvi_mean":0.528,"green_share_pct":73.9,"hot_share_pct":30.9,"coverage_pct":100.0,"valid_pixels":272},"geometry":{"type":"Polygon","coordinates":[[[118.739524,32.178072],[118.744826,32.177999],[118.744912,32.182508],[118.73961,32.182581],[118.739524,32.178072]]]}},{"type":"Feature","id":"g13-42","properties":{"lst_mean_c":48.24,"ndvi_mean":0.379,"green_share_pct":66.3,"hot_share_pct":53.1,"coverage_pct":99.7,"valid_pixels":288},"geometry":{"type":"Polygon","coordinates":[[[118.744826,32.177999],[118.750127,32.177926],[118.750213,32.182435],[118.744912,32.182508],[118.744826,32.177999]]]}},{"type":"Feature","id":"g14-42","properties":{"lst_mean_c":47.27,"ndvi_mean":0.296,"green_share_pct":35.4,"hot_share_pct":29.7,"coverage_pct":67.5,"valid_pixels":195},"geometry":{"type":"Polygon","coordinates":[[[118.750127,32.177926],[118.755428,32.177852],[118.755515,32.182361],[118.750213,32.182435],[118.750127,32.177926]]]}},{"type":"Feature","id":"g15-42","properties":{"lst_mean_c":47.01,"ndvi_mean":0.32,"green_share_pct":39.5,"hot_share_pct":44.4,"coverage_pct":89.3,"valid_pixels":243},"geometry":{"type":"Polygon","coordinates":[[[118.755428,32.177852],[118.760729,32.177779],[118.760816,32.182287],[118.755515,32.182361],[118.755428,32.177852]]]}},{"type":"Feature","id":"g18-42","properties":{"lst_mean_c":36.69,"ndvi_mean":0.704,"green_share_pct":99.3,"hot_share_pct":0.0,"coverage_pct":99.3,"valid_pixels":270},"geometry":{"type":"Polygon","coordinates":[[[118.771332,32.177631],[118.776633,32.177556],[118.776721,32.182065],[118.771419,32.182139],[118.771332,32.177631]]]}},{"type":"Feature","id":"g19-42","properties":{"lst_mean_c":43.67,"ndvi_mean":0.504,"green_share_pct":92.0,"hot_share_pct":1.7,"coverage_pct":99.7,"valid_pixels":288},"geometry":{"type":"Polygon","coordinates":[[[118.776633,32.177556],[118.781934,32.177482],[118.782022,32.18199],[118.776721,32.182065],[118.776633,32.177556]]]}},{"type":"Feature","id":"g20-42","properties":{"lst_mean_c":43.02,"ndvi_mean":0.64,"green_share_pct":99.3,"hot_share_pct":0.0,"coverage_pct":100.0,"valid_pixels":289},"geometry":{"type":"Polygon","coordinates":[[[118.781934,32.177482],[118.787235,32.177407],[118.787324,32.181915],[118.782022,32.18199],[118.781934,32.177482]]]}},{"type":"Feature","id":"g21-42","properties":{"lst_mean_c":48.96,"ndvi_mean":0.384,"green_share_pct":71.3,"hot_share_pct":60.3,"coverage_pct":100.0,"valid_pixels":272},"geometry":{"type":"Polygon","coordinates":[[[118.787235,32.177407],[118.792537,32.177332],[118.792625,32.18184],[118.787324,32.181915],[118.787235,32.177407]]]}},{"type":"Feature","id":"g22-42","properties":{"lst_mean_c":48.49,"ndvi_mean":0.398,"green_share_pct":73.4,"hot_share_pct":58.5,"coverage_pct":100.0,"valid_pixels":289},"geometry":{"type":"Polygon","coordinates":[[[118.792537,32.177332],[118.797838,32.177257],[118.797926,32.181765],[118.792625,32.18184],[118.792537,32.177332]]]}},{"type":"Feature","id":"g23-42","properties":{"lst_mean_c":48.78,"ndvi_mean":0.417,"green_share_pct":78.5,"hot_share_pct":63.0,"coverage_pct":100.0,"valid_pixels":289},"geometry":{"type":"Polygon","coordinates":[[[118.797838,32.177257],[118.803139,32.177181],[118.803228,32.18169],[118.797926,32.181765],[118.797838,32.177257]]]}},{"type":"Feature","id":"g24-42","properties":{"lst_mean_c":46.02,"ndvi_mean":0.567,"green_share_pct":94.9,"hot_share_pct":21.7,"coverage_pct":100.0,"valid_pixels":272},"geometry":{"type":"Polygon","coordinates":[[[118.803139,32.177181],[118.80844,32.177105],[118.808529,32.181614],[118.803228,32.18169],[118.803139,32.177181]]]}},{"type":"Feature","id":"g25-42","properties":{"lst_mean_c":46.84,"ndvi_mean":0.477,"green_share_pct":90.3,"hot_share_pct":33.6,"coverage_pct":100.0,"valid_pixels":289},"geometry":{"type":"Polygon","coordinates":[[[118.80844,32.177105],[118.813741,32.17703],[118.81383,32.181538],[118.808529,32.181614],[118.80844,32.177105]]]}},{"type":"Feature","id":"g26-42","properties":{"lst_mean_c":44.55,"ndvi_mean":0.569,"green_share_pct":92.0,"hot_share_pct":21.8,"coverage_pct":100.0,"valid_pixels":289},"geometry":{"type":"Polygon","coordinates":[[[118.813741,32.17703],[118.819042,32.176953],[118.819132,32.181462],[118.81383,32.181538],[118.813741,32.17703]]]}},{"type":"Feature","id":"g27-42","properties":{"lst_mean_c":45.62,"ndvi_mean":0.522,"green_share_pct":93.1,"hot_share_pct":13.8,"coverage_pct":95.6,"valid_pixels":260},"geometry":{"type":"Polygon","coordinates":[[[118.819042,32.176953],[118.824343,32.176877],[118.824433,32.181386],[118.819132,32.181462],[118.819042,32.176953]]]}},{"type":"Feature","id":"g29-42","properties":{"lst_mean_c":48.96,"ndvi_mean":0.399,"green_share_pct":81.8,"hot_share_pct":76.3,"coverage_pct":87.5,"valid_pixels":253},"geometry":{"type":"Polygon","coordinates":[[[118.829644,32.1768],[118.834945,32.176724],[118.835035,32.181232],[118.829734,32.181309],[118.829644,32.1768]]]}},{"type":"Feature","id":"g30-42","properties":{"lst_mean_c":46.98,"ndvi_mean":0.412,"green_share_pct":84.9,"hot_share_pct":21.7,"coverage_pct":100.0,"valid_pixels":272},"geometry":{"type":"Polygon","coordinates":[[[118.834945,32.176724],[118.840246,32.176647],[118.840337,32.181155],[118.835035,32.181232],[118.834945,32.176724]]]}},{"type":"Feature","id":"g31-42","properties":{"lst_mean_c":45.33,"ndvi_mean":0.502,"green_share_pct":88.6,"hot_share_pct":14.2,"coverage_pct":100.0,"valid_pixels":289},"geometry":{"type":"Polygon","coordinates":[[[118.840246,32.176647],[118.845547,32.176569],[118.845638,32.181078],[118.840337,32.181155],[118.840246,32.176647]]]}},{"type":"Feature","id":"g32-42","properties":{"lst_mean_c":43.17,"ndvi_mean":0.488,"green_share_pct":93.4,"hot_share_pct":0.0,"coverage_pct":100.0,"valid_pixels":289},"geometry":{"type":"Polygon","coordinates":[[[118.845547,32.176569],[118.850848,32.176492],[118.850939,32.181],[118.845638,32.181078],[118.845547,32.176569]]]}},{"type":"Feature","id":"g0-43","properties":{"lst_mean_c":48.74,"ndvi_mean":0.344,"green_share_pct":54.2,"hot_share_pct":67.7,"coverage_pct":100.0,"valid_pixels":96},"geometry":{"type":"Polygon","coordinates":[[[118.67599,32.18344],[118.681291,32.18337],[118.681374,32.187879],[118.676072,32.187949],[118.67599,32.18344]]]}},{"type":"Feature","id":"g1-43","properties":{"lst_mean_c":48.91,"ndvi_mean":0.411,"green_share_pct":71.0,"hot_share_pct":54.0,"coverage_pct":100.0,"valid_pixels":272},"geometry":{"type":"Polygon","coordinates":[[[118.681291,32.18337],[118.686593,32.183299],[118.686676,32.187808],[118.681374,32.187879],[118.681291,32.18337]]]}},{"type":"Feature","id":"g2-43","properties":{"lst_mean_c":49.34,"ndvi_mean":0.38,"green_share_pct":65.1,"hot_share_pct":87.1,"coverage_pct":100.0,"valid_pixels":272},"geometry":{"type":"Polygon","coordinates":[[[118.686593,32.183299],[118.691895,32.183228],[118.691978,32.187737],[118.686676,32.187808],[118.686593,32.183299]]]}},{"type":"Feature","id":"g3-43","properties":{"lst_mean_c":46.14,"ndvi_mean":0.513,"green_share_pct":88.3,"hot_share_pct":40.2,"coverage_pct":100.0,"valid_pixels":256},"geometry":{"type":"Polygon","coordinates":[[[118.691895,32.183228],[118.697197,32.183157],[118.69728,32.187666],[118.691978,32.187737],[118.691895,32.183228]]]}},{"type":"Feature","id":"g4-43","properties":{"lst_mean_c":45.65,"ndvi_mean":0.513,"green_share_pct":87.5,"hot_share_pct":25.4,"coverage_pct":97.1,"valid_pixels":264},"geometry":{"type":"Polygon","coordinates":[[[118.697197,32.183157],[118.702498,32.183086],[118.702582,32.187595],[118.69728,32.187666],[118.697197,32.183157]]]}},{"type":"Feature","id":"g5-43","properties":{"lst_mean_c":46.29,"ndvi_mean":0.441,"green_share_pct":88.6,"hot_share_pct":13.2,"coverage_pct":100.0,"valid_pixels":272},"geometry":{"type":"Polygon","coordinates":[[[118.702498,32.183086],[118.7078,32.183015],[118.707884,32.187523],[118.702582,32.187595],[118.702498,32.183086]]]}},{"type":"Feature","id":"g6-43","properties":{"lst_mean_c":46.02,"ndvi_mean":0.475,"green_share_pct":96.9,"hot_share_pct":3.5,"coverage_pct":100.0,"valid_pixels":256},"geometry":{"type":"Polygon","coordinates":[[[118.7078,32.183015],[118.713102,32.182943],[118.713186,32.187452],[118.707884,32.187523],[118.7078,32.183015]]]}},{"type":"Feature","id":"g7-43","properties":{"lst_mean_c":45.96,"ndvi_mean":0.526,"green_share_pct":93.8,"hot_share_pct":7.7,"coverage_pct":100.0,"valid_pixels":272},"geometry":{"type":"Polygon","coordinates":[[[118.713102,32.182943],[118.718403,32.182871],[118.718488,32.18738],[118.713186,32.187452],[118.713102,32.182943]]]}},{"type":"Feature","id":"g8-43","properties":{"lst_mean_c":43.06,"ndvi_mean":0.678,"green_share_pct":98.5,"hot_share_pct":0.7,"coverage_pct":100.0,"valid_pixels":272},"geometry":{"type":"Polygon","coordinates":[[[118.718403,32.182871],[118.723705,32.182799],[118.72379,32.187307],[118.718488,32.18738],[118.718403,32.182871]]]}},{"type":"Feature","id":"g9-43","properties":{"lst_mean_c":44.05,"ndvi_mean":0.634,"green_share_pct":92.6,"hot_share_pct":11.3,"coverage_pct":100.0,"valid_pixels":256},"geometry":{"type":"Polygon","coordinates":[[[118.723705,32.182799],[118.729007,32.182726],[118.729092,32.187235],[118.72379,32.187307],[118.723705,32.182799]]]}},{"type":"Feature","id":"g10-43","properties":{"lst_mean_c":55.47,"ndvi_mean":0.317,"green_share_pct":52.6,"hot_share_pct":100.0,"coverage_pct":100.0,"valid_pixels":272},"geometry":{"type":"Polygon","coordinates":[[[118.729007,32.182726],[118.734308,32.182654],[118.734394,32.187162],[118.729092,32.187235],[118.729007,32.182726]]]}},{"type":"Feature","id":"g11-43","properties":{"lst_mean_c":51.42,"ndvi_mean":0.343,"green_share_pct":61.8,"hot_share_pct":88.0,"coverage_pct":98.2,"valid_pixels":267},"geometry":{"type":"Polygon","coordinates":[[[118.734308,32.182654],[118.73961,32.182581],[118.739696,32.18709],[118.734394,32.187162],[118.734308,32.182654]]]}},{"type":"Feature","id":"g12-43","properties":{"lst_mean_c":42.6,"ndvi_mean":0.559,"green_share_pct":85.3,"hot_share_pct":6.0,"coverage_pct":98.4,"valid_pixels":252},"geometry":{"type":"Polygon","coordinates":[[[118.73961,32.182581],[118.744912,32.182508],[118.744998,32.187017],[118.739696,32.18709],[118.73961,32.182581]]]}},{"type":"Feature","id":"g13-43","properties":{"lst_mean_c":47.41,"ndvi_mean":0.361,"green_share_pct":58.5,"hot_share_pct":36.4,"coverage_pct":94.9,"valid_pixels":258},"geometry":{"type":"Polygon","coordinates":[[[118.744912,32.182508],[118.750213,32.182435],[118.750299,32.186943],[118.744998,32.187017],[118.744912,32.182508]]]}},{"type":"Feature","id":"g15-43","properties":{"lst_mean_c":44.17,"ndvi_mean":0.5,"green_share_pct":83.0,"hot_share_pct":30.4,"coverage_pct":66.8,"valid_pixels":171},"geometry":{"type":"Polygon","coordinates":[[[118.755515,32.182361],[118.760816,32.182287],[118.760903,32.186796],[118.755601,32.18687],[118.755515,32.182361]]]}},{"type":"Feature","id":"g18-43","properties":{"lst_mean_c":41.2,"ndvi_mean":0.58,"green_share_pct":96.5,"hot_share_pct":0.4,"coverage_pct":99.2,"valid_pixels":254},"geometry":{"type":"Polygon","coordinates":[[[118.771419,32.182139],[118.776721,32.182065],[118.776808,32.186574],[118.771507,32.186648],[118.771419,32.182139]]]}},{"type":"Feature","id":"g19-43","properties":{"lst_mean_c":44.27,"ndvi_mean":0.627,"green_share_pct":99.6,"hot_share_pct":8.8,"coverage_pct":100.0,"valid_pixels":272},"geometry":{"type":"Polygon","coordinates":[[[118.776721,32.182065],[118.782022,32.18199],[118.78211,32.186499],[118.776808,32.186574],[118.776721,32.182065]]]}},{"type":"Feature","id":"g20-43","properties":{"lst_mean_c":44.23,"ndvi_mean":0.57,"green_share_pct":91.2,"hot_share_pct":4.8,"coverage_pct":100.0,"valid_pixels":272},"geometry":{"type":"Polygon","coordinates":[[[118.782022,32.18199],[118.787324,32.181915],[118.787412,32.186424],[118.78211,32.186499],[118.782022,32.18199]]]}},{"type":"Feature","id":"g21-43","properties":{"lst_mean_c":49.71,"ndvi_mean":0.415,"green_share_pct":79.7,"hot_share_pct":59.4,"coverage_pct":100.0,"valid_pixels":256},"geometry":{"type":"Polygon","coordinates":[[[118.787324,32.181915],[118.792625,32.18184],[118.792713,32.186349],[118.787412,32.186424],[118.787324,32.181915]]]}},{"type":"Feature","id":"g22-43","properties":{"lst_mean_c":48.34,"ndvi_mean":0.393,"green_share_pct":76.5,"hot_share_pct":50.7,"coverage_pct":100.0,"valid_pixels":272},"geometry":{"type":"Polygon","coordinates":[[[118.792625,32.18184],[118.797926,32.181765],[118.798015,32.186274],[118.792713,32.186349],[118.792625,32.18184]]]}},{"type":"Feature","id":"g23-43","properties":{"lst_mean_c":48.37,"ndvi_mean":0.432,"green_share_pct":76.1,"hot_share_pct":59.2,"coverage_pct":100.0,"valid_pixels":272},"geometry":{"type":"Polygon","coordinates":[[[118.797926,32.181765],[118.803228,32.18169],[118.803317,32.186198],[118.798015,32.186274],[118.797926,32.181765]]]}},{"type":"Feature","id":"g24-43","properties":{"lst_mean_c":47.17,"ndvi_mean":0.525,"green_share_pct":91.0,"hot_share_pct":32.4,"coverage_pct":100.0,"valid_pixels":256},"geometry":{"type":"Polygon","coordinates":[[[118.803228,32.18169],[118.808529,32.181614],[118.808618,32.186123],[118.803317,32.186198],[118.803228,32.18169]]]}},{"type":"Feature","id":"g25-43","properties":{"lst_mean_c":44.34,"ndvi_mean":0.563,"green_share_pct":96.3,"hot_share_pct":14.3,"coverage_pct":100.0,"valid_pixels":272},"geometry":{"type":"Polygon","coordinates":[[[118.808529,32.181614],[118.81383,32.181538],[118.81392,32.186047],[118.808618,32.186123],[118.808529,32.181614]]]}},{"type":"Feature","id":"g26-43","properties":{"lst_mean_c":45.99,"ndvi_mean":0.521,"green_share_pct":93.0,"hot_share_pct":26.5,"coverage_pct":100.0,"valid_pixels":272},"geometry":{"type":"Polygon","coordinates":[[[118.81383,32.181538],[118.819132,32.181462],[118.819221,32.18597],[118.81392,32.186047],[118.81383,32.181538]]]}},{"type":"Feature","id":"g27-43","properties":{"lst_mean_c":46.68,"ndvi_mean":0.473,"green_share_pct":88.3,"hot_share_pct":21.1,"coverage_pct":100.0,"valid_pixels":256},"geometry":{"type":"Polygon","coordinates":[[[118.819132,32.181462],[118.824433,32.181386],[118.824523,32.185894],[118.819221,32.18597],[118.819132,32.181462]]]}},{"type":"Feature","id":"g28-43","properties":{"lst_mean_c":46.5,"ndvi_mean":0.497,"green_share_pct":94.5,"hot_share_pct":8.5,"coverage_pct":100.0,"valid_pixels":272},"geometry":{"type":"Polygon","coordinates":[[[118.824433,32.181386],[118.829734,32.181309],[118.829824,32.185817],[118.824523,32.185894],[118.824433,32.181386]]]}},{"type":"Feature","id":"g29-43","properties":{"lst_mean_c":45.59,"ndvi_mean":0.525,"green_share_pct":93.8,"hot_share_pct":5.9,"coverage_pct":100.0,"valid_pixels":272},"geometry":{"type":"Polygon","coordinates":[[[118.829734,32.181309],[118.835035,32.181232],[118.835126,32.185741],[118.829824,32.185817],[118.829734,32.181309]]]}},{"type":"Feature","id":"g30-43","properties":{"lst_mean_c":45.38,"ndvi_mean":0.488,"green_share_pct":88.7,"hot_share_pct":9.0,"coverage_pct":100.0,"valid_pixels":256},"geometry":{"type":"Polygon","coordinates":[[[118.835035,32.181232],[118.840337,32.181155],[118.840427,32.185664],[118.835126,32.185741],[118.835035,32.181232]]]}},{"type":"Feature","id":"g31-43","properties":{"lst_mean_c":44.4,"ndvi_mean":0.512,"green_share_pct":98.9,"hot_share_pct":0.0,"coverage_pct":100.0,"valid_pixels":272},"geometry":{"type":"Polygon","coordinates":[[[118.840337,32.181155],[118.845638,32.181078],[118.845729,32.185586],[118.840427,32.185664],[118.840337,32.181155]]]}},{"type":"Feature","id":"g32-43","properties":{"lst_mean_c":42.74,"ndvi_mean":0.501,"green_share_pct":91.1,"hot_share_pct":0.0,"coverage_pct":98.9,"valid_pixels":269},"geometry":{"type":"Polygon","coordinates":[[[118.845638,32.181078],[118.850939,32.181],[118.85103,32.185509],[118.845729,32.185586],[118.845638,32.181078]]]}},{"type":"Feature","id":"g33-43","properties":{"lst_mean_c":42.38,"ndvi_mean":0.439,"green_share_pct":82.4,"hot_share_pct":0.0,"coverage_pct":95.7,"valid_pixels":245},"geometry":{"type":"Polygon","coordinates":[[[118.850939,32.181],[118.85624,32.180923],[118.856332,32.185431],[118.85103,32.185509],[118.850939,32.181]]]}},{"type":"Feature","id":"g34-43","properties":{"lst_mean_c":39.11,"ndvi_mean":0.597,"green_share_pct":96.1,"hot_share_pct":0.0,"coverage_pct":76.1,"valid_pixels":207},"geometry":{"type":"Polygon","coordinates":[[[118.85624,32.180923],[118.861541,32.180845],[118.861633,32.185353],[118.856332,32.185431],[118.85624,32.180923]]]}},{"type":"Feature","id":"g0-44","properties":{"lst_mean_c":52.12,"ndvi_mean":0.319,"green_share_pct":46.1,"hot_share_pct":95.1,"coverage_pct":100.0,"valid_pixels":102},"geometry":{"type":"Polygon","coordinates":[[[118.676072,32.187949],[118.681374,32.187879],[118.681457,32.192387],[118.676155,32.192458],[118.676072,32.187949]]]}},{"type":"Feature","id":"g1-44","properties":{"lst_mean_c":49.93,"ndvi_mean":0.407,"green_share_pct":62.6,"hot_share_pct":65.7,"coverage_pct":100.0,"valid_pixels":289},"geometry":{"type":"Polygon","coordinates":[[[118.681374,32.187879],[118.686676,32.187808],[118.686759,32.192317],[118.681457,32.192387],[118.681374,32.187879]]]}},{"type":"Feature","id":"g2-44","properties":{"lst_mean_c":46.6,"ndvi_mean":0.435,"green_share_pct":80.3,"hot_share_pct":17.0,"coverage_pct":100.0,"valid_pixels":289},"geometry":{"type":"Polygon","coordinates":[[[118.686676,32.187808],[118.691978,32.187737],[118.692062,32.192246],[118.686759,32.192317],[118.686676,32.187808]]]}},{"type":"Feature","id":"g3-44","properties":{"lst_mean_c":41.48,"ndvi_mean":0.668,"green_share_pct":95.2,"hot_share_pct":0.0,"coverage_pct":98.9,"valid_pixels":269},"geometry":{"type":"Polygon","coordinates":[[[118.691978,32.187737],[118.69728,32.187666],[118.697364,32.192175],[118.692062,32.192246],[118.691978,32.187737]]]}},{"type":"Feature","id":"g4-44","properties":{"lst_mean_c":39.73,"ndvi_mean":0.798,"green_share_pct":100.0,"hot_share_pct":0.0,"coverage_pct":100.0,"valid_pixels":289},"geometry":{"type":"Polygon","coordinates":[[[118.69728,32.187666],[118.702582,32.187595],[118.702666,32.192104],[118.697364,32.192175],[118.69728,32.187666]]]}},{"type":"Feature","id":"g5-44","properties":{"lst_mean_c":43.73,"ndvi_mean":0.596,"green_share_pct":99.3,"hot_share_pct":0.0,"coverage_pct":100.0,"valid_pixels":289},"geometry":{"type":"Polygon","coordinates":[[[118.702582,32.187595],[118.707884,32.187523],[118.707969,32.192032],[118.702666,32.192104],[118.702582,32.187595]]]}},{"type":"Feature","id":"g6-44","properties":{"lst_mean_c":45.4,"ndvi_mean":0.496,"green_share_pct":90.4,"hot_share_pct":2.9,"coverage_pct":100.0,"valid_pixels":272},"geometry":{"type":"Polygon","coordinates":[[[118.707884,32.187523],[118.713186,32.187452],[118.713271,32.19196],[118.707969,32.192032],[118.707884,32.187523]]]}},{"type":"Feature","id":"g7-44","properties":{"lst_mean_c":46.07,"ndvi_mean":0.519,"green_share_pct":93.1,"hot_share_pct":15.6,"coverage_pct":100.0,"valid_pixels":289},"geometry":{"type":"Polygon","coordinates":[[[118.713186,32.187452],[118.718488,32.18738],[118.718573,32.191888],[118.713271,32.19196],[118.713186,32.187452]]]}},{"type":"Feature","id":"g8-44","properties":{"lst_mean_c":43.51,"ndvi_mean":0.619,"green_share_pct":93.1,"hot_share_pct":0.7,"coverage_pct":100.0,"valid_pixels":289},"geometry":{"type":"Polygon","coordinates":[[[118.718488,32.18738],[118.72379,32.187307],[118.723875,32.191816],[118.718573,32.191888],[118.718488,32.18738]]]}},{"type":"Feature","id":"g9-44","properties":{"lst_mean_c":44.39,"ndvi_mean":0.62,"green_share_pct":93.0,"hot_share_pct":22.4,"coverage_pct":100.0,"valid_pixels":272},"geometry":{"type":"Polygon","coordinates":[[[118.72379,32.187307],[118.729092,32.187235],[118.729177,32.191744],[118.723875,32.191816],[118.72379,32.187307]]]}},{"type":"Feature","id":"g10-44","properties":{"lst_mean_c":54.62,"ndvi_mean":0.345,"green_share_pct":59.9,"hot_share_pct":95.2,"coverage_pct":100.0,"valid_pixels":289},"geometry":{"type":"Polygon","coordinates":[[[118.729092,32.187235],[118.734394,32.187162],[118.734479,32.191671],[118.729177,32.191744],[118.729092,32.187235]]]}},{"type":"Feature","id":"g11-44","properties":{"lst_mean_c":51.24,"ndvi_mean":0.344,"green_share_pct":58.5,"hot_share_pct":91.0,"coverage_pct":100.0,"valid_pixels":289},"geometry":{"type":"Polygon","coordinates":[[[118.734394,32.187162],[118.739696,32.18709],[118.739782,32.191598],[118.734479,32.191671],[118.734394,32.187162]]]}},{"type":"Feature","id":"g12-44","properties":{"lst_mean_c":52.03,"ndvi_mean":0.3,"green_share_pct":40.4,"hot_share_pct":82.0,"coverage_pct":100.0,"valid_pixels":272},"geometry":{"type":"Polygon","coordinates":[[[118.739696,32.18709],[118.744998,32.187017],[118.745084,32.191525],[118.739782,32.191598],[118.739696,32.18709]]]}},{"type":"Feature","id":"g13-44","properties":{"lst_mean_c":48.99,"ndvi_mean":0.259,"green_share_pct":31.2,"hot_share_pct":65.6,"coverage_pct":98.6,"valid_pixels":285},"geometry":{"type":"Polygon","coordinates":[[[118.744998,32.187017],[118.750299,32.186943],[118.750386,32.191452],[118.745084,32.191525],[118.744998,32.187017]]]}},{"type":"Feature","id":"g17-44","properties":{"lst_mean_c":36.48,"ndvi_mean":0.733,"green_share_pct":98.1,"hot_share_pct":0.0,"coverage_pct":90.3,"valid_pixels":261},"geometry":{"type":"Polygon","coordinates":[[[118.766205,32.186722],[118.771507,32.186648],[118.771594,32.191157],[118.766292,32.191231],[118.766205,32.186722]]]}},{"type":"Feature","id":"g18-44","properties":{"lst_mean_c":41.5,"ndvi_mean":0.607,"green_share_pct":98.2,"hot_share_pct":1.1,"coverage_pct":100.0,"valid_pixels":272},"geometry":{"type":"Polygon","coordinates":[[[118.771507,32.186648],[118.776808,32.186574],[118.776896,32.191082],[118.771594,32.191157],[118.771507,32.186648]]]}},{"type":"Feature","id":"g19-44","properties":{"lst_mean_c":46.46,"ndvi_mean":0.454,"green_share_pct":94.5,"hot_share_pct":12.5,"coverage_pct":100.0,"valid_pixels":289},"geometry":{"type":"Polygon","coordinates":[[[118.776808,32.186574],[118.78211,32.186499],[118.782198,32.191007],[118.776896,32.191082],[118.776808,32.186574]]]}},{"type":"Feature","id":"g20-44","properties":{"lst_mean_c":45.37,"ndvi_mean":0.522,"green_share_pct":98.3,"hot_share_pct":0.0,"coverage_pct":100.0,"valid_pixels":289},"geometry":{"type":"Polygon","coordinates":[[[118.78211,32.186499],[118.787412,32.186424],[118.7875,32.190933],[118.782198,32.191007],[118.78211,32.186499]]]}},{"type":"Feature","id":"g21-44","properties":{"lst_mean_c":47.8,"ndvi_mean":0.413,"green_share_pct":82.0,"hot_share_pct":34.2,"coverage_pct":100.0,"valid_pixels":272},"geometry":{"type":"Polygon","coordinates":[[[118.787412,32.186424],[118.792713,32.186349],[118.792802,32.190858],[118.7875,32.190933],[118.787412,32.186424]]]}},{"type":"Feature","id":"g22-44","properties":{"lst_mean_c":47.01,"ndvi_mean":0.449,"green_share_pct":93.1,"hot_share_pct":15.2,"coverage_pct":100.0,"valid_pixels":289},"geometry":{"type":"Polygon","coordinates":[[[118.792713,32.186349],[118.798015,32.186274],[118.798104,32.190782],[118.792802,32.190858],[118.792713,32.186349]]]}},{"type":"Feature","id":"g23-44","properties":{"lst_mean_c":47.67,"ndvi_mean":0.463,"green_share_pct":81.3,"hot_share_pct":43.3,"coverage_pct":100.0,"valid_pixels":289},"geometry":{"type":"Polygon","coordinates":[[[118.798015,32.186274],[118.803317,32.186198],[118.803406,32.190707],[118.798104,32.190782],[118.798015,32.186274]]]}},{"type":"Feature","id":"g24-44","properties":{"lst_mean_c":48.87,"ndvi_mean":0.408,"green_share_pct":64.3,"hot_share_pct":71.7,"coverage_pct":100.0,"valid_pixels":272},"geometry":{"type":"Polygon","coordinates":[[[118.803317,32.186198],[118.808618,32.186123],[118.808707,32.190631],[118.803406,32.190707],[118.803317,32.186198]]]}},{"type":"Feature","id":"g25-44","properties":{"lst_mean_c":48.39,"ndvi_mean":0.407,"green_share_pct":74.0,"hot_share_pct":53.6,"coverage_pct":100.0,"valid_pixels":289},"geometry":{"type":"Polygon","coordinates":[[[118.808618,32.186123],[118.81392,32.186047],[118.814009,32.190555],[118.808707,32.190631],[118.808618,32.186123]]]}},{"type":"Feature","id":"g26-44","properties":{"lst_mean_c":45.94,"ndvi_mean":0.533,"green_share_pct":95.8,"hot_share_pct":17.0,"coverage_pct":100.0,"valid_pixels":289},"geometry":{"type":"Polygon","coordinates":[[[118.81392,32.186047],[118.819221,32.18597],[118.819311,32.190479],[118.814009,32.190555],[118.81392,32.186047]]]}},{"type":"Feature","id":"g27-44","properties":{"lst_mean_c":43.2,"ndvi_mean":0.596,"green_share_pct":99.3,"hot_share_pct":0.0,"coverage_pct":100.0,"valid_pixels":272},"geometry":{"type":"Polygon","coordinates":[[[118.819221,32.18597],[118.824523,32.185894],[118.824613,32.190402],[118.819311,32.190479],[118.819221,32.18597]]]}},{"type":"Feature","id":"g28-44","properties":{"lst_mean_c":44.43,"ndvi_mean":0.487,"green_share_pct":93.4,"hot_share_pct":0.3,"coverage_pct":100.0,"valid_pixels":289},"geometry":{"type":"Polygon","coordinates":[[[118.824523,32.185894],[118.829824,32.185817],[118.829915,32.190326],[118.824613,32.190402],[118.824523,32.185894]]]}},{"type":"Feature","id":"g29-44","properties":{"lst_mean_c":45.65,"ndvi_mean":0.506,"green_share_pct":95.5,"hot_share_pct":17.3,"coverage_pct":100.0,"valid_pixels":289},"geometry":{"type":"Polygon","coordinates":[[[118.829824,32.185817],[118.835126,32.185741],[118.835216,32.190249],[118.829915,32.190326],[118.829824,32.185817]]]}},{"type":"Feature","id":"g30-44","properties":{"lst_mean_c":43.64,"ndvi_mean":0.514,"green_share_pct":88.5,"hot_share_pct":3.3,"coverage_pct":99.3,"valid_pixels":270},"geometry":{"type":"Polygon","coordinates":[[[118.835126,32.185741],[118.840427,32.185664],[118.840518,32.190172],[118.835216,32.190249],[118.835126,32.185741]]]}},{"type":"Feature","id":"g31-44","properties":{"lst_mean_c":40.91,"ndvi_mean":0.665,"green_share_pct":99.3,"hot_share_pct":0.0,"coverage_pct":99.7,"valid_pixels":288},"geometry":{"type":"Polygon","coordinates":[[[118.840427,32.185664],[118.845729,32.185586],[118.84582,32.190095],[118.840518,32.190172],[118.840427,32.185664]]]}},{"type":"Feature","id":"g32-44","properties":{"lst_mean_c":41.16,"ndvi_mean":0.435,"green_share_pct":77.1,"hot_share_pct":0.0,"coverage_pct":92.0,"valid_pixels":266},"geometry":{"type":"Polygon","coordinates":[[[118.845729,32.185586],[118.85103,32.185509],[118.851122,32.190017],[118.84582,32.190095],[118.845729,32.185586]]]}},{"type":"Feature","id":"g33-44","properties":{"lst_mean_c":40.68,"ndvi_mean":0.569,"green_share_pct":94.4,"hot_share_pct":0.0,"coverage_pct":99.3,"valid_pixels":270},"geometry":{"type":"Polygon","coordinates":[[[118.85103,32.185509],[118.856332,32.185431],[118.856423,32.189939],[118.851122,32.190017],[118.85103,32.185509]]]}},{"type":"Feature","id":"g45-44","properties":{"lst_mean_c":38.76,"ndvi_mean":0.677,"green_share_pct":100.0,"hot_share_pct":0.0,"coverage_pct":99.6,"valid_pixels":271},"geometry":{"type":"Polygon","coordinates":[[[118.914646,32.184561],[118.919947,32.184481],[118.920042,32.188989],[118.91474,32.18907],[118.914646,32.184561]]]}},{"type":"Feature","id":"g46-44","properties":{"lst_mean_c":38.48,"ndvi_mean":0.692,"green_share_pct":99.7,"hot_share_pct":0.0,"coverage_pct":100.0,"valid_pixels":289},"geometry":{"type":"Polygon","coordinates":[[[118.919947,32.184481],[118.925248,32.1844],[118.925343,32.188909],[118.920042,32.188989],[118.919947,32.184481]]]}},{"type":"Feature","id":"g47-44","properties":{"lst_mean_c":38.93,"ndvi_mean":0.66,"green_share_pct":99.3,"hot_share_pct":0.0,"coverage_pct":100.0,"valid_pixels":289},"geometry":{"type":"Polygon","coordinates":[[[118.925248,32.1844],[118.93055,32.18432],[118.930645,32.188828],[118.925343,32.188909],[118.925248,32.1844]]]}},{"type":"Feature","id":"g48-44","properties":{"lst_mean_c":39.31,"ndvi_mean":0.612,"green_share_pct":97.6,"hot_share_pct":0.0,"coverage_pct":91.5,"valid_pixels":249},"geometry":{"type":"Polygon","coordinates":[[[118.93055,32.18432],[118.935851,32.184239],[118.935946,32.188747],[118.930645,32.188828],[118.93055,32.18432]]]}},{"type":"Feature","id":"g0-45","properties":{"lst_mean_c":48.96,"ndvi_mean":0.503,"green_share_pct":86.3,"hot_share_pct":53.9,"coverage_pct":100.0,"valid_pixels":102},"geometry":{"type":"Polygon","coordinates":[[[118.676155,32.192458],[118.681457,32.192387],[118.68154,32.196896],[118.676237,32.196967],[118.676155,32.192458]]]}},{"type":"Feature","id":"g1-45","properties":{"lst_mean_c":47.57,"ndvi_mean":0.498,"green_share_pct":86.5,"hot_share_pct":38.4,"coverage_pct":100.0,"valid_pixels":289},"geometry":{"type":"Polygon","coordinates":[[[118.681457,32.192387],[118.686759,32.192317],[118.686843,32.196826],[118.68154,32.196896],[118.681457,32.192387]]]}},{"type":"Feature","id":"g2-45","properties":{"lst_mean_c":45.38,"ndvi_mean":0.535,"green_share_pct":94.1,"hot_share_pct":4.5,"coverage_pct":100.0,"valid_pixels":289},"geometry":{"type":"Polygon","coordinates":[[[118.686759,32.192317],[118.692062,32.192246],[118.692145,32.196755],[118.686843,32.196826],[118.686759,32.192317]]]}},{"type":"Feature","id":"g3-45","properties":{"lst_mean_c":43.91,"ndvi_mean":0.435,"green_share_pct":52.2,"hot_share_pct":0.7,"coverage_pct":100.0,"valid_pixels":272},"geometry":{"type":"Polygon","coordinates":[[[118.692062,32.192246],[118.697364,32.192175],[118.697448,32.196684],[118.692145,32.196755],[118.692062,32.192246]]]}},{"type":"Feature","id":"g4-45","properties":{"lst_mean_c":39.06,"ndvi_mean":0.765,"green_share_pct":100.0,"hot_share_pct":0.0,"coverage_pct":100.0,"valid_pixels":289},"geometry":{"type":"Polygon","coordinates":[[[118.697364,32.192175],[118.702666,32.192104],[118.70275,32.196612],[118.697448,32.196684],[118.697364,32.192175]]]}},{"type":"Feature","id":"g5-45","properties":{"lst_mean_c":39.46,"ndvi_mean":0.795,"green_share_pct":100.0,"hot_share_pct":0.0,"coverage_pct":100.0,"valid_pixels":289},"geometry":{"type":"Polygon","coordinates":[[[118.702666,32.192104],[118.707969,32.192032],[118.708053,32.196541],[118.70275,32.196612],[118.702666,32.192104]]]}},{"type":"Feature","id":"g6-45","properties":{"lst_mean_c":39.92,"ndvi_mean":0.772,"green_share_pct":100.0,"hot_share_pct":0.0,"coverage_pct":100.0,"valid_pixels":272},"geometry":{"type":"Polygon","coordinates":[[[118.707969,32.192032],[118.713271,32.19196],[118.713355,32.196469],[118.708053,32.196541],[118.707969,32.192032]]]}},{"type":"Feature","id":"g7-45","properties":{"lst_mean_c":42.64,"ndvi_mean":0.629,"green_share_pct":94.5,"hot_share_pct":3.8,"coverage_pct":100.0,"valid_pixels":289},"geometry":{"type":"Polygon","coordinates":[[[118.713271,32.19196],[118.718573,32.191888],[118.718658,32.196397],[118.713355,32.196469],[118.713271,32.19196]]]}},{"type":"Feature","id":"g8-45","properties":{"lst_mean_c":43.27,"ndvi_mean":0.632,"green_share_pct":97.2,"hot_share_pct":1.0,"coverage_pct":100.0,"valid_pixels":289},"geometry":{"type":"Polygon","coordinates":[[[118.718573,32.191888],[118.723875,32.191816],[118.72396,32.196325],[118.718658,32.196397],[118.718573,32.191888]]]}},{"type":"Feature","id":"g9-45","properties":{"lst_mean_c":42.51,"ndvi_mean":0.61,"green_share_pct":93.4,"hot_share_pct":2.6,"coverage_pct":100.0,"valid_pixels":272},"geometry":{"type":"Polygon","coordinates":[[[118.723875,32.191816],[118.729177,32.191744],[118.729263,32.196252],[118.72396,32.196325],[118.723875,32.191816]]]}},{"type":"Feature","id":"g10-45","properties":{"lst_mean_c":47.49,"ndvi_mean":0.469,"green_share_pct":75.4,"hot_share_pct":36.7,"coverage_pct":100.0,"valid_pixels":289},"geometry":{"type":"Polygon","coordinates":[[[118.729177,32.191744],[118.734479,32.191671],[118.734565,32.19618],[118.729263,32.196252],[118.729177,32.191744]]]}},{"type":"Feature","id":"g11-45","properties":{"lst_mean_c":45.56,"ndvi_mean":0.625,"green_share_pct":96.5,"hot_share_pct":8.7,"coverage_pct":100.0,"valid_pixels":289},"geometry":{"type":"Polygon","coordinates":[[[118.734479,32.191671],[118.739782,32.191598],[118.739867,32.196107],[118.734565,32.19618],[118.734479,32.191671]]]}},{"type":"Feature","id":"g12-45","properties":{"lst_mean_c":56.65,"ndvi_mean":0.279,"green_share_pct":26.5,"hot_share_pct":95.6,"coverage_pct":100.0,"valid_pixels":272},"geometry":{"type":"Polygon","coordinates":[[[118.739782,32.191598],[118.745084,32.191525],[118.74517,32.196034],[118.739867,32.196107],[118.739782,32.191598]]]}},{"type":"Feature","id":"g13-45","properties":{"lst_mean_c":50.63,"ndvi_mean":0.233,"green_share_pct":19.6,"hot_share_pct":92.7,"coverage_pct":99.0,"valid_pixels":286},"geometry":{"type":"Polygon","coordinates":[[[118.745084,32.191525],[118.750386,32.191452],[118.750472,32.195961],[118.74517,32.196034],[118.745084,32.191525]]]}},{"type":"Feature","id":"g14-45","properties":{"lst_mean_c":49.91,"ndvi_mean":0.178,"green_share_pct":6.9,"hot_share_pct":89.9,"coverage_pct":75.1,"valid_pixels":217},"geometry":{"type":"Polygon","coordinates":[[[118.750386,32.191452],[118.755688,32.191378],[118.755774,32.195887],[118.750472,32.195961],[118.750386,32.191452]]]}},{"type":"Feature","id":"g15-45","properties":{"lst_mean_c":42.34,"ndvi_mean":0.523,"green_share_pct":82.7,"hot_share_pct":5.2,"coverage_pct":70.2,"valid_pixels":191},"geometry":{"type":"Polygon","coordinates":[[[118.755688,32.191378],[118.76099,32.191305],[118.761077,32.195813],[118.755774,32.195887],[118.755688,32.191378]]]}},{"type":"Feature","id":"g17-45","properties":{"lst_mean_c":38.44,"ndvi_mean":0.646,"green_share_pct":97.2,"hot_share_pct":0.0,"coverage_pct":100.0,"valid_pixels":289},"geometry":{"type":"Polygon","coordinates":[[[118.766292,32.191231],[118.771594,32.191157],[118.771681,32.195665],[118.766379,32.195739],[118.766292,32.191231]]]}},{"type":"Feature","id":"g18-45","properties":{"lst_mean_c":42.17,"ndvi_mean":0.57,"green_share_pct":95.6,"hot_share_pct":0.0,"coverage_pct":100.0,"valid_pixels":272},"geometry":{"type":"Polygon","coordinates":[[[118.771594,32.191157],[118.776896,32.191082],[118.776983,32.195591],[118.771681,32.195665],[118.771594,32.191157]]]}},{"type":"Feature","id":"g19-45","properties":{"lst_mean_c":43.5,"ndvi_mean":0.514,"green_share_pct":96.9,"hot_share_pct":0.0,"coverage_pct":100.0,"valid_pixels":289},"geometry":{"type":"Polygon","coordinates":[[[118.776896,32.191082],[118.782198,32.191007],[118.782286,32.195516],[118.776983,32.195591],[118.776896,32.191082]]]}},{"type":"Feature","id":"g20-45","properties":{"lst_mean_c":44.57,"ndvi_mean":0.561,"green_share_pct":91.3,"hot_share_pct":19.7,"coverage_pct":100.0,"valid_pixels":289},"geometry":{"type":"Polygon","coordinates":[[[118.782198,32.191007],[118.7875,32.190933],[118.787588,32.195441],[118.782286,32.195516],[118.782198,32.191007]]]}},{"type":"Feature","id":"g21-45","properties":{"lst_mean_c":47.5,"ndvi_mean":0.401,"green_share_pct":76.8,"hot_share_pct":36.8,"coverage_pct":100.0,"valid_pixels":272},"geometry":{"type":"Polygon","coordinates":[[[118.7875,32.190933],[118.792802,32.190858],[118.79289,32.195366],[118.787588,32.195441],[118.7875,32.190933]]]}},{"type":"Feature","id":"g22-45","properties":{"lst_mean_c":47.61,"ndvi_mean":0.39,"green_share_pct":69.6,"hot_share_pct":34.6,"coverage_pct":100.0,"valid_pixels":289},"geometry":{"type":"Polygon","coordinates":[[[118.792802,32.190858],[118.798104,32.190782],[118.798192,32.195291],[118.79289,32.195366],[118.792802,32.190858]]]}},{"type":"Feature","id":"g23-45","properties":{"lst_mean_c":48.36,"ndvi_mean":0.39,"green_share_pct":73.0,"hot_share_pct":50.5,"coverage_pct":100.0,"valid_pixels":289},"geometry":{"type":"Polygon","coordinates":[[[118.798104,32.190782],[118.803406,32.190707],[118.803494,32.195215],[118.798192,32.195291],[118.798104,32.190782]]]}},{"type":"Feature","id":"g24-45","properties":{"lst_mean_c":48.21,"ndvi_mean":0.44,"green_share_pct":72.7,"hot_share_pct":43.1,"coverage_pct":98.2,"valid_pixels":267},"geometry":{"type":"Polygon","coordinates":[[[118.803406,32.190707],[118.808707,32.190631],[118.808797,32.19514],[118.803494,32.195215],[118.803406,32.190707]]]}},{"type":"Feature","id":"g25-45","properties":{"lst_mean_c":47.22,"ndvi_mean":0.47,"green_share_pct":88.1,"hot_share_pct":37.8,"coverage_pct":96.2,"valid_pixels":278},"geometry":{"type":"Polygon","coordinates":[[[118.808707,32.190631],[118.814009,32.190555],[118.814099,32.195064],[118.808797,32.19514],[118.808707,32.190631]]]}},{"type":"Feature","id":"g26-45","properties":{"lst_mean_c":45.84,"ndvi_mean":0.512,"green_share_pct":97.6,"hot_share_pct":12.5,"coverage_pct":100.0,"valid_pixels":289},"geometry":{"type":"Polygon","coordinates":[[[118.814009,32.190555],[118.819311,32.190479],[118.819401,32.194987],[118.814099,32.195064],[118.814009,32.190555]]]}},{"type":"Feature","id":"g27-45","properties":{"lst_mean_c":44.0,"ndvi_mean":0.53,"green_share_pct":96.3,"hot_share_pct":0.0,"coverage_pct":99.3,"valid_pixels":270},"geometry":{"type":"Polygon","coordinates":[[[118.819311,32.190479],[118.824613,32.190402],[118.824703,32.194911],[118.819401,32.194987],[118.819311,32.190479]]]}},{"type":"Feature","id":"g28-45","properties":{"lst_mean_c":46.04,"ndvi_mean":0.496,"green_share_pct":95.5,"hot_share_pct":4.5,"coverage_pct":100.0,"valid_pixels":289},"geometry":{"type":"Polygon","coordinates":[[[118.824613,32.190402],[118.829915,32.190326],[118.830005,32.194834],[118.824703,32.194911],[118.824613,32.190402]]]}},{"type":"Feature","id":"g29-45","properties":{"lst_mean_c":45.36,"ndvi_mean":0.531,"green_share_pct":91.0,"hot_share_pct":11.1,"coverage_pct":100.0,"valid_pixels":289},"geometry":{"type":"Polygon","coordinates":[[[118.829915,32.190326],[118.835216,32.190249],[118.835307,32.194757],[118.830005,32.194834],[118.829915,32.190326]]]}},{"type":"Feature","id":"g30-45","properties":{"lst_mean_c":44.99,"ndvi_mean":0.557,"green_share_pct":94.1,"hot_share_pct":0.4,"coverage_pct":99.3,"valid_pixels":270},"geometry":{"type":"Polygon","coordinates":[[[118.835216,32.190249],[118.840518,32.190172],[118.840609,32.19468],[118.835307,32.194757],[118.835216,32.190249]]]}},{"type":"Feature","id":"g31-45","properties":{"lst_mean_c":43.68,"ndvi_mean":0.608,"green_share_pct":98.3,"hot_share_pct":0.0,"coverage_pct":100.0,"valid_pixels":289},"geometry":{"type":"Polygon","coordinates":[[[118.840518,32.190172],[118.84582,32.190095],[118.845911,32.194603],[118.840609,32.19468],[118.840518,32.190172]]]}},{"type":"Feature","id":"g32-45","properties":{"lst_mean_c":43.08,"ndvi_mean":0.502,"green_share_pct":91.6,"hot_share_pct":0.0,"coverage_pct":99.0,"valid_pixels":286},"geometry":{"type":"Polygon","coordinates":[[[118.84582,32.190095],[118.851122,32.190017],[118.851213,32.194526],[118.845911,32.194603],[118.84582,32.190095]]]}},{"type":"Feature","id":"g33-45","properties":{"lst_mean_c":40.72,"ndvi_mean":0.598,"green_share_pct":98.2,"hot_share_pct":0.0,"coverage_pct":100.0,"valid_pixels":272},"geometry":{"type":"Polygon","coordinates":[[[118.851122,32.190017],[118.856423,32.189939],[118.856515,32.194448],[118.851213,32.194526],[118.851122,32.190017]]]}},{"type":"Feature","id":"g38-45","properties":{"lst_mean_c":37.93,"ndvi_mean":0.695,"green_share_pct":99.6,"hot_share_pct":0.0,"coverage_pct":97.2,"valid_pixels":281},"geometry":{"type":"Polygon","coordinates":[[[118.87763,32.189626],[118.882931,32.189547],[118.883024,32.194056],[118.877722,32.194135],[118.87763,32.189626]]]}},{"type":"Feature","id":"g41-45","properties":{"lst_mean_c":41.21,"ndvi_mean":0.46,"green_share_pct":76.0,"hot_share_pct":0.4,"coverage_pct":80.6,"valid_pixels":233},"geometry":{"type":"Polygon","coordinates":[[[118.893535,32.189389],[118.898836,32.18931],[118.89893,32.193818],[118.893628,32.193897],[118.893535,32.189389]]]}},{"type":"Feature","id":"g42-45","properties":{"lst_mean_c":44.21,"ndvi_mean":0.486,"green_share_pct":79.2,"hot_share_pct":11.0,"coverage_pct":90.1,"valid_pixels":245},"geometry":{"type":"Polygon","coordinates":[[[118.898836,32.18931],[118.904138,32.18923],[118.904231,32.193738],[118.89893,32.193818],[118.898836,32.18931]]]}},{"type":"Feature","id":"g43-45","properties":{"lst_mean_c":45.39,"ndvi_mean":0.362,"green_share_pct":45.3,"hot_share_pct":21.8,"coverage_pct":100.0,"valid_pixels":289},"geometry":{"type":"Polygon","coordinates":[[[118.904138,32.18923],[118.909439,32.18915],[118.909533,32.193658],[118.904231,32.193738],[118.904138,32.18923]]]}},{"type":"Feature","id":"g44-45","properties":{"lst_mean_c":39.68,"ndvi_mean":0.67,"green_share_pct":92.7,"hot_share_pct":0.0,"coverage_pct":100.0,"valid_pixels":289},"geometry":{"type":"Polygon","coordinates":[[[118.909439,32.18915],[118.91474,32.18907],[118.914835,32.193578],[118.909533,32.193658],[118.909439,32.18915]]]}},{"type":"Feature","id":"g45-45","properties":{"lst_mean_c":38.01,"ndvi_mean":0.736,"green_share_pct":100.0,"hot_share_pct":0.0,"coverage_pct":100.0,"valid_pixels":272},"geometry":{"type":"Polygon","coordinates":[[[118.91474,32.18907],[118.920042,32.188989],[118.920137,32.193498],[118.914835,32.193578],[118.91474,32.18907]]]}},{"type":"Feature","id":"g46-45","properties":{"lst_mean_c":36.94,"ndvi_mean":0.802,"green_share_pct":100.0,"hot_share_pct":0.0,"coverage_pct":100.0,"valid_pixels":289},"geometry":{"type":"Polygon","coordinates":[[[118.920042,32.188989],[118.925343,32.188909],[118.925438,32.193417],[118.920137,32.193498],[118.920042,32.188989]]]}},{"type":"Feature","id":"g47-45","properties":{"lst_mean_c":39.3,"ndvi_mean":0.714,"green_share_pct":100.0,"hot_share_pct":0.0,"coverage_pct":100.0,"valid_pixels":289},"geometry":{"type":"Polygon","coordinates":[[[118.925343,32.188909],[118.930645,32.188828],[118.93074,32.193336],[118.925438,32.193417],[118.925343,32.188909]]]}},{"type":"Feature","id":"g48-45","properties":{"lst_mean_c":39.89,"ndvi_mean":0.681,"green_share_pct":99.3,"hot_share_pct":0.0,"coverage_pct":100.0,"valid_pixels":272},"geometry":{"type":"Polygon","coordinates":[[[118.930645,32.188828],[118.935946,32.188747],[118.936042,32.193255],[118.93074,32.193336],[118.930645,32.188828]]]}},{"type":"Feature","id":"g49-45","properties":{"lst_mean_c":39.57,"ndvi_mean":0.683,"green_share_pct":96.9,"hot_share_pct":0.0,"coverage_pct":100.0,"valid_pixels":289},"geometry":{"type":"Polygon","coordinates":[[[118.935946,32.188747],[118.941247,32.188665],[118.941343,32.193174],[118.936042,32.193255],[118.935946,32.188747]]]}},{"type":"Feature","id":"g50-45","properties":{"lst_mean_c":41.6,"ndvi_mean":0.62,"green_share_pct":99.0,"hot_share_pct":0.0,"coverage_pct":99.7,"valid_pixels":288},"geometry":{"type":"Polygon","coordinates":[[[118.941247,32.188665],[118.946549,32.188584],[118.946645,32.193092],[118.941343,32.193174],[118.941247,32.188665]]]}},{"type":"Feature","id":"g51-45","properties":{"lst_mean_c":37.62,"ndvi_mean":0.578,"green_share_pct":90.8,"hot_share_pct":0.0,"coverage_pct":71.7,"valid_pixels":195},"geometry":{"type":"Polygon","coordinates":[[[118.946549,32.188584],[118.95185,32.188502],[118.951946,32.19301],[118.946645,32.193092],[118.946549,32.188584]]]}},{"type":"Feature","id":"g0-46","properties":{"lst_mean_c":47.77,"ndvi_mean":0.388,"green_share_pct":71.9,"hot_share_pct":38.5,"coverage_pct":100.0,"valid_pixels":96},"geometry":{"type":"Polygon","coordinates":[[[118.676237,32.196967],[118.68154,32.196896],[118.681623,32.201405],[118.67632,32.201475],[118.676237,32.196967]]]}},{"type":"Feature","id":"g1-46","properties":{"lst_mean_c":45.2,"ndvi_mean":0.559,"green_share_pct":88.2,"hot_share_pct":6.6,"coverage_pct":100.0,"valid_pixels":272},"geometry":{"type":"Polygon","coordinates":[[[118.68154,32.196896],[118.686843,32.196826],[118.686926,32.201334],[118.681623,32.201405],[118.68154,32.196896]]]}},{"type":"Feature","id":"g2-46","properties":{"lst_mean_c":47.25,"ndvi_mean":0.506,"green_share_pct":88.6,"hot_share_pct":40.4,"coverage_pct":100.0,"valid_pixels":272},"geometry":{"type":"Polygon","coordinates":[[[118.686843,32.196826],[118.692145,32.196755],[118.692229,32.201263],[118.686926,32.201334],[118.686843,32.196826]]]}},{"type":"Feature","id":"g3-46","properties":{"lst_mean_c":46.78,"ndvi_mean":0.454,"green_share_pct":80.5,"hot_share_pct":21.5,"coverage_pct":100.0,"valid_pixels":256},"geometry":{"type":"Polygon","coordinates":[[[118.692145,32.196755],[118.697448,32.196684],[118.697531,32.201192],[118.692229,32.201263],[118.692145,32.196755]]]}},{"type":"Feature","id":"g4-46","properties":{"lst_mean_c":47.55,"ndvi_mean":0.39,"green_share_pct":51.8,"hot_share_pct":47.1,"coverage_pct":100.0,"valid_pixels":272},"geometry":{"type":"Polygon","coordinates":[[[118.697448,32.196684],[118.70275,32.196612],[118.702834,32.201121],[118.697531,32.201192],[118.697448,32.196684]]]}},{"type":"Feature","id":"g5-46","properties":{"lst_mean_c":41.04,"ndvi_mean":0.736,"green_share_pct":97.8,"hot_share_pct":0.4,"coverage_pct":100.0,"valid_pixels":272},"geometry":{"type":"Polygon","coordinates":[[[118.70275,32.196612],[118.708053,32.196541],[118.708137,32.20105],[118.702834,32.201121],[118.70275,32.196612]]]}},{"type":"Feature","id":"g6-46","properties":{"lst_mean_c":39.14,"ndvi_mean":0.804,"green_share_pct":100.0,"hot_share_pct":0.0,"coverage_pct":100.0,"valid_pixels":256},"geometry":{"type":"Polygon","coordinates":[[[118.708053,32.196541],[118.713355,32.196469],[118.71344,32.200978],[118.708137,32.20105],[118.708053,32.196541]]]}},{"type":"Feature","id":"g7-46","properties":{"lst_mean_c":44.62,"ndvi_mean":0.541,"green_share_pct":84.9,"hot_share_pct":18.8,"coverage_pct":100.0,"valid_pixels":272},"geometry":{"type":"Polygon","coordinates":[[[118.713355,32.196469],[118.718658,32.196397],[118.718742,32.200906],[118.71344,32.200978],[118.713355,32.196469]]]}},{"type":"Feature","id":"g8-46","properties":{"lst_mean_c":46.98,"ndvi_mean":0.434,"green_share_pct":89.3,"hot_share_pct":25.7,"coverage_pct":100.0,"valid_pixels":272},"geometry":{"type":"Polygon","coordinates":[[[118.718658,32.196397],[118.72396,32.196325],[118.724045,32.200834],[118.718742,32.200906],[118.718658,32.196397]]]}},{"type":"Feature","id":"g9-46","properties":{"lst_mean_c":46.04,"ndvi_mean":0.5,"green_share_pct":97.3,"hot_share_pct":12.5,"coverage_pct":99.6,"valid_pixels":255},"geometry":{"type":"Polygon","coordinates":[[[118.72396,32.196325],[118.729263,32.196252],[118.729348,32.200761],[118.724045,32.200834],[118.72396,32.196325]]]}},{"type":"Feature","id":"g10-46","properties":{"lst_mean_c":44.1,"ndvi_mean":0.564,"green_share_pct":97.0,"hot_share_pct":6.6,"coverage_pct":99.6,"valid_pixels":271},"geometry":{"type":"Polygon","coordinates":[[[118.729263,32.196252],[118.734565,32.19618],[118.734651,32.200689],[118.729348,32.200761],[118.729263,32.196252]]]}},{"type":"Feature","id":"g11-46","properties":{"lst_mean_c":46.9,"ndvi_mean":0.498,"green_share_pct":92.6,"hot_share_pct":23.5,"coverage_pct":100.0,"valid_pixels":272},"geometry":{"type":"Polygon","coordinates":[[[118.734565,32.19618],[118.739867,32.196107],[118.739953,32.200616],[118.734651,32.200689],[118.734565,32.19618]]]}},{"type":"Feature","id":"g12-46","properties":{"lst_mean_c":52.43,"ndvi_mean":0.298,"green_share_pct":39.1,"hot_share_pct":82.4,"coverage_pct":100.0,"valid_pixels":256},"geometry":{"type":"Polygon","coordinates":[[[118.739867,32.196107],[118.74517,32.196034],[118.745256,32.200543],[118.739953,32.200616],[118.739867,32.196107]]]}},{"type":"Feature","id":"g13-46","properties":{"lst_mean_c":48.42,"ndvi_mean":0.214,"green_share_pct":13.5,"hot_share_pct":46.8,"coverage_pct":98.2,"valid_pixels":267},"geometry":{"type":"Polygon","coordinates":[[[118.74517,32.196034],[118.750472,32.195961],[118.750558,32.200469],[118.745256,32.200543],[118.74517,32.196034]]]}},{"type":"Feature","id":"g14-46","properties":{"lst_mean_c":47.36,"ndvi_mean":0.234,"green_share_pct":27.4,"hot_share_pct":27.0,"coverage_pct":95.2,"valid_pixels":259},"geometry":{"type":"Polygon","coordinates":[[[118.750472,32.195961],[118.755774,32.195887],[118.755861,32.200396],[118.750558,32.200469],[118.750472,32.195961]]]}},{"type":"Feature","id":"g17-46","properties":{"lst_mean_c":41.51,"ndvi_mean":0.473,"green_share_pct":86.8,"hot_share_pct":0.0,"coverage_pct":97.8,"valid_pixels":266},"geometry":{"type":"Polygon","coordinates":[[[118.766379,32.195739],[118.771681,32.195665],[118.771769,32.200174],[118.766466,32.200248],[118.766379,32.195739]]]}},{"type":"Feature","id":"g18-46","properties":{"lst_mean_c":45.44,"ndvi_mean":0.437,"green_share_pct":87.1,"hot_share_pct":7.1,"coverage_pct":99.6,"valid_pixels":255},"geometry":{"type":"Polygon","coordinates":[[[118.771681,32.195665],[118.776983,32.195591],[118.777071,32.200099],[118.771769,32.200174],[118.771681,32.195665]]]}},{"type":"Feature","id":"g19-46","properties":{"lst_mean_c":45.13,"ndvi_mean":0.497,"green_share_pct":90.4,"hot_share_pct":5.1,"coverage_pct":100.0,"valid_pixels":272},"geometry":{"type":"Polygon","coordinates":[[[118.776983,32.195591],[118.782286,32.195516],[118.782374,32.200025],[118.777071,32.200099],[118.776983,32.195591]]]}},{"type":"Feature","id":"g20-46","properties":{"lst_mean_c":47.63,"ndvi_mean":0.396,"green_share_pct":77.9,"hot_share_pct":39.0,"coverage_pct":100.0,"valid_pixels":272},"geometry":{"type":"Polygon","coordinates":[[[118.782286,32.195516],[118.787588,32.195441],[118.787676,32.19995],[118.782374,32.200025],[118.782286,32.195516]]]}},{"type":"Feature","id":"g21-46","properties":{"lst_mean_c":46.91,"ndvi_mean":0.402,"green_share_pct":87.5,"hot_share_pct":14.5,"coverage_pct":100.0,"valid_pixels":256},"geometry":{"type":"Polygon","coordinates":[[[118.787588,32.195441],[118.79289,32.195366],[118.792979,32.199875],[118.787676,32.19995],[118.787588,32.195441]]]}},{"type":"Feature","id":"g22-46","properties":{"lst_mean_c":46.78,"ndvi_mean":0.409,"green_share_pct":87.9,"hot_share_pct":16.9,"coverage_pct":100.0,"valid_pixels":272},"geometry":{"type":"Polygon","coordinates":[[[118.79289,32.195366],[118.798192,32.195291],[118.798281,32.199799],[118.792979,32.199875],[118.79289,32.195366]]]}},{"type":"Feature","id":"g23-46","properties":{"lst_mean_c":41.41,"ndvi_mean":0.657,"green_share_pct":99.3,"hot_share_pct":0.0,"coverage_pct":100.0,"valid_pixels":272},"geometry":{"type":"Polygon","coordinates":[[[118.798192,32.195291],[118.803494,32.195215],[118.803583,32.199724],[118.798281,32.199799],[118.798192,32.195291]]]}},{"type":"Feature","id":"g24-46","properties":{"lst_mean_c":41.76,"ndvi_mean":0.642,"green_share_pct":97.9,"hot_share_pct":1.7,"coverage_pct":94.1,"valid_pixels":241},"geometry":{"type":"Polygon","coordinates":[[[118.803494,32.195215],[118.808797,32.19514],[118.808886,32.199648],[118.803583,32.199724],[118.803494,32.195215]]]}},{"type":"Feature","id":"g26-46","properties":{"lst_mean_c":45.7,"ndvi_mean":0.501,"green_share_pct":94.1,"hot_share_pct":9.2,"coverage_pct":100.0,"valid_pixels":272},"geometry":{"type":"Polygon","coordinates":[[[118.814099,32.195064],[118.819401,32.194987],[118.819491,32.199496],[118.814188,32.199572],[118.814099,32.195064]]]}},{"type":"Feature","id":"g27-46","properties":{"lst_mean_c":46.67,"ndvi_mean":0.486,"green_share_pct":89.2,"hot_share_pct":16.4,"coverage_pct":97.7,"valid_pixels":250},"geometry":{"type":"Polygon","coordinates":[[[118.819401,32.194987],[118.824703,32.194911],[118.824793,32.199419],[118.819491,32.199496],[118.819401,32.194987]]]}},{"type":"Feature","id":"g28-46","properties":{"lst_mean_c":45.34,"ndvi_mean":0.52,"green_share_pct":94.1,"hot_share_pct":0.0,"coverage_pct":100.0,"valid_pixels":272},"geometry":{"type":"Polygon","coordinates":[[[118.824703,32.194911],[118.830005,32.194834],[118.830095,32.199343],[118.824793,32.199419],[118.824703,32.194911]]]}},{"type":"Feature","id":"g29-46","properties":{"lst_mean_c":47.08,"ndvi_mean":0.497,"green_share_pct":87.9,"hot_share_pct":27.6,"coverage_pct":100.0,"valid_pixels":272},"geometry":{"type":"Polygon","coordinates":[[[118.830005,32.194834],[118.835307,32.194757],[118.835397,32.199266],[118.830095,32.199343],[118.830005,32.194834]]]}},{"type":"Feature","id":"g30-46","properties":{"lst_mean_c":48.72,"ndvi_mean":0.401,"green_share_pct":83.3,"hot_share_pct":69.8,"coverage_pct":98.4,"valid_pixels":252},"geometry":{"type":"Polygon","coordinates":[[[118.835307,32.194757],[118.840609,32.19468],[118.8407,32.199189],[118.835397,32.199266],[118.835307,32.194757]]]}},{"type":"Feature","id":"g31-46","properties":{"lst_mean_c":46.74,"ndvi_mean":0.467,"green_share_pct":90.3,"hot_share_pct":15.6,"coverage_pct":98.9,"valid_pixels":269},"geometry":{"type":"Polygon","coordinates":[[[118.840609,32.19468],[118.845911,32.194603],[118.846002,32.199111],[118.8407,32.199189],[118.840609,32.19468]]]}},{"type":"Feature","id":"g32-46","properties":{"lst_mean_c":45.76,"ndvi_mean":0.434,"green_share_pct":67.4,"hot_share_pct":33.0,"coverage_pct":99.3,"valid_pixels":270},"geometry":{"type":"Polygon","coordinates":[[[118.845911,32.194603],[118.851213,32.194526],[118.851304,32.199034],[118.846002,32.199111],[118.845911,32.194603]]]}},{"type":"Feature","id":"g33-46","properties":{"lst_mean_c":38.05,"ndvi_mean":0.683,"green_share_pct":98.4,"hot_share_pct":0.0,"coverage_pct":99.6,"valid_pixels":255},"geometry":{"type":"Polygon","coordinates":[[[118.851213,32.194526],[118.856515,32.194448],[118.856606,32.198956],[118.851304,32.199034],[118.851213,32.194526]]]}},{"type":"Feature","id":"g36-46","properties":{"lst_mean_c":36.83,"ndvi_mean":0.7,"green_share_pct":99.2,"hot_share_pct":0.0,"coverage_pct":98.0,"valid_pixels":251},"geometry":{"type":"Polygon","coordinates":[[[118.867119,32.194292],[118.872421,32.194213],[118.872513,32.198722],[118.867211,32.1988],[118.867119,32.194292]]]}},{"type":"Feature","id":"g37-46","properties":{"lst_mean_c":39.34,"ndvi_mean":0.666,"green_share_pct":97.8,"hot_share_pct":0.0,"coverage_pct":99.6,"valid_pixels":271},"geometry":{"type":"Polygon","coordinates":[[[118.872421,32.194213],[118.877722,32.194135],[118.877815,32.198643],[118.872513,32.198722],[118.872421,32.194213]]]}},{"type":"Feature","id":"g38-46","properties":{"lst_mean_c":41.88,"ndvi_mean":0.605,"green_share_pct":91.9,"hot_share_pct":3.1,"coverage_pct":95.2,"valid_pixels":259},"geometry":{"type":"Polygon","coordinates":[[[118.877722,32.194135],[118.883024,32.194056],[118.883117,32.198564],[118.877815,32.198643],[118.877722,32.194135]]]}},{"type":"Feature","id":"g39-46","properties":{"lst_mean_c":48.22,"ndvi_mean":0.385,"green_share_pct":63.7,"hot_share_pct":56.2,"coverage_pct":88.3,"valid_pixels":226},"geometry":{"type":"Polygon","coordinates":[[[118.883024,32.194056],[118.888326,32.193977],[118.888419,32.198485],[118.883117,32.198564],[118.883024,32.194056]]]}},{"type":"Feature","id":"g40-46","properties":{"lst_mean_c":46.11,"ndvi_mean":0.437,"green_share_pct":72.0,"hot_share_pct":15.5,"coverage_pct":99.6,"valid_pixels":271},"geometry":{"type":"Polygon","coordinates":[[[118.888326,32.193977],[118.893628,32.193897],[118.893721,32.198406],[118.888419,32.198485],[118.888326,32.193977]]]}},{"type":"Feature","id":"g41-46","properties":{"lst_mean_c":43.25,"ndvi_mean":0.481,"green_share_pct":62.9,"hot_share_pct":4.0,"coverage_pct":100.0,"valid_pixels":272},"geometry":{"type":"Polygon","coordinates":[[[118.893628,32.193897],[118.89893,32.193818],[118.899023,32.198326],[118.893721,32.198406],[118.893628,32.193897]]]}},{"type":"Feature","id":"g42-46","properties":{"lst_mean_c":46.61,"ndvi_mean":0.416,"green_share_pct":65.6,"hot_share_pct":28.1,"coverage_pct":100.0,"valid_pixels":256},"geometry":{"type":"Polygon","coordinates":[[[118.89893,32.193818],[118.904231,32.193738],[118.904325,32.198246],[118.899023,32.198326],[118.89893,32.193818]]]}},{"type":"Feature","id":"g43-46","properties":{"lst_mean_c":44.82,"ndvi_mean":0.395,"green_share_pct":48.2,"hot_share_pct":15.4,"coverage_pct":100.0,"valid_pixels":272},"geometry":{"type":"Polygon","coordinates":[[[118.904231,32.193738],[118.909533,32.193658],[118.909627,32.198166],[118.904325,32.198246],[118.904231,32.193738]]]}},{"type":"Feature","id":"g44-46","properties":{"lst_mean_c":43.9,"ndvi_mean":0.509,"green_share_pct":72.4,"hot_share_pct":4.8,"coverage_pct":100.0,"valid_pixels":272},"geometry":{"type":"Polygon","coordinates":[[[118.909533,32.193658],[118.914835,32.193578],[118.914929,32.198086],[118.909627,32.198166],[118.909533,32.193658]]]}},{"type":"Feature","id":"g45-46","properties":{"lst_mean_c":39.44,"ndvi_mean":0.721,"green_share_pct":100.0,"hot_share_pct":0.0,"coverage_pct":100.0,"valid_pixels":256},"geometry":{"type":"Polygon","coordinates":[[[118.914835,32.193578],[118.920137,32.193498],[118.920231,32.198006],[118.914929,32.198086],[118.914835,32.193578]]]}},{"type":"Feature","id":"g46-46","properties":{"lst_mean_c":39.67,"ndvi_mean":0.699,"green_share_pct":100.0,"hot_share_pct":0.0,"coverage_pct":100.0,"valid_pixels":272},"geometry":{"type":"Polygon","coordinates":[[[118.920137,32.193498],[118.925438,32.193417],[118.925533,32.197925],[118.920231,32.198006],[118.920137,32.193498]]]}},{"type":"Feature","id":"g47-46","properties":{"lst_mean_c":38.68,"ndvi_mean":0.736,"green_share_pct":100.0,"hot_share_pct":0.0,"coverage_pct":100.0,"valid_pixels":272},"geometry":{"type":"Polygon","coordinates":[[[118.925438,32.193417],[118.93074,32.193336],[118.930835,32.197844],[118.925533,32.197925],[118.925438,32.193417]]]}},{"type":"Feature","id":"g48-46","properties":{"lst_mean_c":38.2,"ndvi_mean":0.778,"green_share_pct":100.0,"hot_share_pct":0.0,"coverage_pct":100.0,"valid_pixels":256},"geometry":{"type":"Polygon","coordinates":[[[118.93074,32.193336],[118.936042,32.193255],[118.936137,32.197763],[118.930835,32.197844],[118.93074,32.193336]]]}},{"type":"Feature","id":"g49-46","properties":{"lst_mean_c":40.2,"ndvi_mean":0.678,"green_share_pct":97.8,"hot_share_pct":0.0,"coverage_pct":100.0,"valid_pixels":272},"geometry":{"type":"Polygon","coordinates":[[[118.936042,32.193255],[118.941343,32.193174],[118.941439,32.197682],[118.936137,32.197763],[118.936042,32.193255]]]}},{"type":"Feature","id":"g50-46","properties":{"lst_mean_c":41.11,"ndvi_mean":0.513,"green_share_pct":83.8,"hot_share_pct":0.0,"coverage_pct":83.8,"valid_pixels":228},"geometry":{"type":"Polygon","coordinates":[[[118.941343,32.193174],[118.946645,32.193092],[118.946741,32.1976],[118.941439,32.197682],[118.941343,32.193174]]]}},{"type":"Feature","id":"g51-46","properties":{"lst_mean_c":41.58,"ndvi_mean":0.484,"green_share_pct":87.1,"hot_share_pct":4.9,"coverage_pct":87.5,"valid_pixels":224},"geometry":{"type":"Polygon","coordinates":[[[118.946645,32.193092],[118.951946,32.19301],[118.952043,32.197518],[118.946741,32.1976],[118.946645,32.193092]]]}},{"type":"Feature","id":"g52-46","properties":{"lst_mean_c":42.42,"ndvi_mean":0.61,"green_share_pct":97.7,"hot_share_pct":3.1,"coverage_pct":100.0,"valid_pixels":128},"geometry":{"type":"Polygon","coordinates":[[[118.951946,32.19301],[118.957248,32.192928],[118.957344,32.197437],[118.952043,32.197518],[118.951946,32.19301]]]}},{"type":"Feature","id":"g0-47","properties":{"lst_mean_c":45.48,"ndvi_mean":0.553,"green_share_pct":95.1,"hot_share_pct":15.7,"coverage_pct":100.0,"valid_pixels":102},"geometry":{"type":"Polygon","coordinates":[[[118.67632,32.201475],[118.681623,32.201405],[118.681706,32.205914],[118.676403,32.205984],[118.67632,32.201475]]]}},{"type":"Feature","id":"g1-47","properties":{"lst_mean_c":42.27,"ndvi_mean":0.641,"green_share_pct":98.6,"hot_share_pct":0.0,"coverage_pct":100.0,"valid_pixels":289},"geometry":{"type":"Polygon","coordinates":[[[118.681623,32.201405],[118.686926,32.201334],[118.687009,32.205843],[118.681706,32.205914],[118.681623,32.201405]]]}},{"type":"Feature","id":"g2-47","properties":{"lst_mean_c":47.06,"ndvi_mean":0.543,"green_share_pct":95.8,"hot_share_pct":38.4,"coverage_pct":100.0,"valid_pixels":289},"geometry":{"type":"Polygon","coordinates":[[[118.686926,32.201334],[118.692229,32.201263],[118.692312,32.205772],[118.687009,32.205843],[118.686926,32.201334]]]}},{"type":"Feature","id":"g3-47","properties":{"lst_mean_c":47.12,"ndvi_mean":0.455,"green_share_pct":75.0,"hot_share_pct":35.7,"coverage_pct":100.0,"valid_pixels":272},"geometry":{"type":"Polygon","coordinates":[[[118.692229,32.201263],[118.697531,32.201192],[118.697615,32.205701],[118.692312,32.205772],[118.692229,32.201263]]]}},{"type":"Feature","id":"g4-47","properties":{"lst_mean_c":48.82,"ndvi_mean":0.38,"green_share_pct":60.2,"hot_share_pct":55.0,"coverage_pct":100.0,"valid_pixels":289},"geometry":{"type":"Polygon","coordinates":[[[118.697531,32.201192],[118.702834,32.201121],[118.702918,32.20563],[118.697615,32.205701],[118.697531,32.201192]]]}},{"type":"Feature","id":"g5-47","properties":{"lst_mean_c":46.67,"ndvi_mean":0.466,"green_share_pct":84.0,"hot_share_pct":22.2,"coverage_pct":99.7,"valid_pixels":288},"geometry":{"type":"Polygon","coordinates":[[[118.702834,32.201121],[118.708137,32.20105],[118.708221,32.205558],[118.702918,32.20563],[118.702834,32.201121]]]}},{"type":"Feature","id":"g6-47","properties":{"lst_mean_c":47.64,"ndvi_mean":0.47,"green_share_pct":80.5,"hot_share_pct":55.9,"coverage_pct":100.0,"valid_pixels":272},"geometry":{"type":"Polygon","coordinates":[[[118.708137,32.20105],[118.71344,32.200978],[118.713524,32.205487],[118.708221,32.205558],[118.708137,32.20105]]]}},{"type":"Feature","id":"g7-47","properties":{"lst_mean_c":46.64,"ndvi_mean":0.467,"green_share_pct":76.9,"hot_share_pct":33.3,"coverage_pct":88.2,"valid_pixels":255},"geometry":{"type":"Polygon","coordinates":[[[118.71344,32.200978],[118.718742,32.200906],[118.718827,32.205415],[118.713524,32.205487],[118.71344,32.200978]]]}},{"type":"Feature","id":"g8-47","properties":{"lst_mean_c":47.32,"ndvi_mean":0.417,"green_share_pct":79.0,"hot_share_pct":41.7,"coverage_pct":95.5,"valid_pixels":276},"geometry":{"type":"Polygon","coordinates":[[[118.718742,32.200906],[118.724045,32.200834],[118.72413,32.205342],[118.718827,32.205415],[118.718742,32.200906]]]}},{"type":"Feature","id":"g9-47","properties":{"lst_mean_c":46.72,"ndvi_mean":0.4,"green_share_pct":77.6,"hot_share_pct":35.5,"coverage_pct":90.1,"valid_pixels":245},"geometry":{"type":"Polygon","coordinates":[[[118.724045,32.200834],[118.729348,32.200761],[118.729433,32.20527],[118.72413,32.205342],[118.724045,32.200834]]]}},{"type":"Feature","id":"g10-47","properties":{"lst_mean_c":47.12,"ndvi_mean":0.371,"green_share_pct":58.6,"hot_share_pct":54.7,"coverage_pct":98.6,"valid_pixels":285},"geometry":{"type":"Polygon","coordinates":[[[118.729348,32.200761],[118.734651,32.200689],[118.734736,32.205197],[118.729433,32.20527],[118.729348,32.200761]]]}},{"type":"Feature","id":"g11-47","properties":{"lst_mean_c":46.37,"ndvi_mean":0.491,"green_share_pct":90.7,"hot_share_pct":21.8,"coverage_pct":100.0,"valid_pixels":289},"geometry":{"type":"Polygon","coordinates":[[[118.734651,32.200689],[118.739953,32.200616],[118.740039,32.205124],[118.734736,32.205197],[118.734651,32.200689]]]}},{"type":"Feature","id":"g12-47","properties":{"lst_mean_c":48.68,"ndvi_mean":0.403,"green_share_pct":67.0,"hot_share_pct":52.4,"coverage_pct":68.0,"valid_pixels":185},"geometry":{"type":"Polygon","coordinates":[[[118.739953,32.200616],[118.745256,32.200543],[118.745342,32.205051],[118.740039,32.205124],[118.739953,32.200616]]]}},{"type":"Feature","id":"g13-47","properties":{"lst_mean_c":51.55,"ndvi_mean":0.257,"green_share_pct":26.5,"hot_share_pct":88.4,"coverage_pct":92.7,"valid_pixels":268},"geometry":{"type":"Polygon","coordinates":[[[118.745256,32.200543],[118.750558,32.200469],[118.750645,32.204978],[118.745342,32.205051],[118.745256,32.200543]]]}},{"type":"Feature","id":"g14-47","properties":{"lst_mean_c":45.7,"ndvi_mean":0.271,"green_share_pct":35.3,"hot_share_pct":4.5,"coverage_pct":100.0,"valid_pixels":289},"geometry":{"type":"Polygon","coordinates":[[[118.750558,32.200469],[118.755861,32.200396],[118.755948,32.204904],[118.750645,32.204978],[118.750558,32.200469]]]}},{"type":"Feature","id":"g17-47","properties":{"lst_mean_c":41.23,"ndvi_mean":0.549,"green_share_pct":98.3,"hot_share_pct":0.0,"coverage_pct":100.0,"valid_pixels":289},"geometry":{"type":"Polygon","coordinates":[[[118.766466,32.200248],[118.771769,32.200174],[118.771856,32.204682],[118.766553,32.204757],[118.766466,32.200248]]]}},{"type":"Feature","id":"g18-47","properties":{"lst_mean_c":43.56,"ndvi_mean":0.481,"green_share_pct":94.0,"hot_share_pct":0.0,"coverage_pct":98.2,"valid_pixels":267},"geometry":{"type":"Polygon","coordinates":[[[118.771769,32.200174],[118.777071,32.200099],[118.777159,32.204608],[118.771856,32.204682],[118.771769,32.200174]]]}},{"type":"Feature","id":"g19-47","properties":{"lst_mean_c":44.88,"ndvi_mean":0.441,"green_share_pct":91.0,"hot_share_pct":0.0,"coverage_pct":99.7,"valid_pixels":288},"geometry":{"type":"Polygon","coordinates":[[[118.777071,32.200099],[118.782374,32.200025],[118.782462,32.204533],[118.777159,32.204608],[118.777071,32.200099]]]}},{"type":"Feature","id":"g20-47","properties":{"lst_mean_c":43.97,"ndvi_mean":0.559,"green_share_pct":91.0,"hot_share_pct":1.0,"coverage_pct":100.0,"valid_pixels":289},"geometry":{"type":"Polygon","coordinates":[[[118.782374,32.200025],[118.787676,32.19995],[118.787764,32.204458],[118.782462,32.204533],[118.782374,32.200025]]]}},{"type":"Feature","id":"g21-47","properties":{"lst_mean_c":45.3,"ndvi_mean":0.516,"green_share_pct":92.3,"hot_share_pct":16.9,"coverage_pct":100.0,"valid_pixels":272},"geometry":{"type":"Polygon","coordinates":[[[118.787676,32.19995],[118.792979,32.199875],[118.793067,32.204383],[118.787764,32.204458],[118.787676,32.19995]]]}},{"type":"Feature","id":"g22-47","properties":{"lst_mean_c":43.14,"ndvi_mean":0.475,"green_share_pct":84.0,"hot_share_pct":17.0,"coverage_pct":99.7,"valid_pixels":288},"geometry":{"type":"Polygon","coordinates":[[[118.792979,32.199875],[118.798281,32.199799],[118.79837,32.204308],[118.793067,32.204383],[118.792979,32.199875]]]}},{"type":"Feature","id":"g23-47","properties":{"lst_mean_c":41.0,"ndvi_mean":0.566,"green_share_pct":100.0,"hot_share_pct":0.0,"coverage_pct":100.0,"valid_pixels":289},"geometry":{"type":"Polygon","coordinates":[[[118.798281,32.199799],[118.803583,32.199724],[118.803672,32.204232],[118.79837,32.204308],[118.798281,32.199799]]]}},{"type":"Feature","id":"g24-47","properties":{"lst_mean_c":42.6,"ndvi_mean":0.585,"green_share_pct":98.5,"hot_share_pct":0.0,"coverage_pct":100.0,"valid_pixels":272},"geometry":{"type":"Polygon","coordinates":[[[118.803583,32.199724],[118.808886,32.199648],[118.808975,32.204157],[118.803672,32.204232],[118.803583,32.199724]]]}},{"type":"Feature","id":"g25-47","properties":{"lst_mean_c":48.15,"ndvi_mean":0.402,"green_share_pct":72.0,"hot_share_pct":48.6,"coverage_pct":88.9,"valid_pixels":257},"geometry":{"type":"Polygon","coordinates":[[[118.808886,32.199648],[118.814188,32.199572],[118.814278,32.204081],[118.808975,32.204157],[118.808886,32.199648]]]}},{"type":"Feature","id":"g26-47","properties":{"lst_mean_c":45.81,"ndvi_mean":0.513,"green_share_pct":90.3,"hot_share_pct":5.2,"coverage_pct":100.0,"valid_pixels":289},"geometry":{"type":"Polygon","coordinates":[[[118.814188,32.199572],[118.819491,32.199496],[118.81958,32.204004],[118.814278,32.204081],[118.814188,32.199572]]]}},{"type":"Feature","id":"g27-47","properties":{"lst_mean_c":44.57,"ndvi_mean":0.588,"green_share_pct":99.3,"hot_share_pct":0.0,"coverage_pct":100.0,"valid_pixels":272},"geometry":{"type":"Polygon","coordinates":[[[118.819491,32.199496],[118.824793,32.199419],[118.824883,32.203928],[118.81958,32.204004],[118.819491,32.199496]]]}},{"type":"Feature","id":"g28-47","properties":{"lst_mean_c":45.32,"ndvi_mean":0.529,"green_share_pct":94.8,"hot_share_pct":0.0,"coverage_pct":100.0,"valid_pixels":289},"geometry":{"type":"Polygon","coordinates":[[[118.824793,32.199419],[118.830095,32.199343],[118.830185,32.203851],[118.824883,32.203928],[118.824793,32.199419]]]}},{"type":"Feature","id":"g29-47","properties":{"lst_mean_c":45.2,"ndvi_mean":0.463,"green_share_pct":83.9,"hot_share_pct":3.1,"coverage_pct":99.0,"valid_pixels":286},"geometry":{"type":"Polygon","coordinates":[[[118.830095,32.199343],[118.835397,32.199266],[118.835488,32.203774],[118.830185,32.203851],[118.830095,32.199343]]]}},{"type":"Feature","id":"g30-47","properties":{"lst_mean_c":45.58,"ndvi_mean":0.477,"green_share_pct":85.9,"hot_share_pct":10.8,"coverage_pct":98.9,"valid_pixels":269},"geometry":{"type":"Polygon","coordinates":[[[118.835397,32.199266],[118.8407,32.199189],[118.840791,32.203697],[118.835488,32.203774],[118.835397,32.199266]]]}},{"type":"Feature","id":"g31-47","properties":{"lst_mean_c":45.29,"ndvi_mean":0.567,"green_share_pct":92.7,"hot_share_pct":15.6,"coverage_pct":100.0,"valid_pixels":289},"geometry":{"type":"Polygon","coordinates":[[[118.8407,32.199189],[118.846002,32.199111],[118.846093,32.20362],[118.840791,32.203697],[118.8407,32.199189]]]}},{"type":"Feature","id":"g32-47","properties":{"lst_mean_c":45.87,"ndvi_mean":0.434,"green_share_pct":69.9,"hot_share_pct":30.4,"coverage_pct":100.0,"valid_pixels":289},"geometry":{"type":"Polygon","coordinates":[[[118.846002,32.199111],[118.851304,32.199034],[118.851396,32.203542],[118.846093,32.20362],[118.846002,32.199111]]]}},{"type":"Feature","id":"g33-47","properties":{"lst_mean_c":38.71,"ndvi_mean":0.678,"green_share_pct":98.3,"hot_share_pct":0.0,"coverage_pct":89.0,"valid_pixels":242},"geometry":{"type":"Polygon","coordinates":[[[118.851304,32.199034],[118.856606,32.198956],[118.856698,32.203465],[118.851396,32.203542],[118.851304,32.199034]]]}},{"type":"Feature","id":"g35-47","properties":{"lst_mean_c":37.7,"ndvi_mean":0.629,"green_share_pct":92.4,"hot_share_pct":0.0,"coverage_pct":63.7,"valid_pixels":184},"geometry":{"type":"Polygon","coordinates":[[[118.861909,32.198878],[118.867211,32.1988],[118.867303,32.203308],[118.862,32.203387],[118.861909,32.198878]]]}},{"type":"Feature","id":"g36-47","properties":{"lst_mean_c":40.7,"ndvi_mean":0.618,"green_share_pct":100.0,"hot_share_pct":0.0,"coverage_pct":100.0,"valid_pixels":272},"geometry":{"type":"Polygon","coordinates":[[[118.867211,32.1988],[118.872513,32.198722],[118.872605,32.20323],[118.867303,32.203308],[118.867211,32.1988]]]}},{"type":"Feature","id":"g37-47","properties":{"lst_mean_c":44.4,"ndvi_mean":0.53,"green_share_pct":98.6,"hot_share_pct":0.3,"coverage_pct":100.0,"valid_pixels":289},"geometry":{"type":"Polygon","coordinates":[[[118.872513,32.198722],[118.877815,32.198643],[118.877908,32.203151],[118.872605,32.20323],[118.872513,32.198722]]]}},{"type":"Feature","id":"g38-47","properties":{"lst_mean_c":46.78,"ndvi_mean":0.409,"green_share_pct":59.5,"hot_share_pct":45.0,"coverage_pct":100.0,"valid_pixels":289},"geometry":{"type":"Polygon","coordinates":[[[118.877815,32.198643],[118.883117,32.198564],[118.88321,32.203072],[118.877908,32.203151],[118.877815,32.198643]]]}},{"type":"Feature","id":"g39-47","properties":{"lst_mean_c":49.87,"ndvi_mean":0.412,"green_share_pct":56.6,"hot_share_pct":62.5,"coverage_pct":100.0,"valid_pixels":272},"geometry":{"type":"Polygon","coordinates":[[[118.883117,32.198564],[118.888419,32.198485],[118.888512,32.202993],[118.88321,32.203072],[118.883117,32.198564]]]}},{"type":"Feature","id":"g40-47","properties":{"lst_mean_c":44.35,"ndvi_mean":0.494,"green_share_pct":76.1,"hot_share_pct":19.7,"coverage_pct":100.0,"valid_pixels":289},"geometry":{"type":"Polygon","coordinates":[[[118.888419,32.198485],[118.893721,32.198406],[118.893815,32.202914],[118.888512,32.202993],[118.888419,32.198485]]]}},{"type":"Feature","id":"g41-47","properties":{"lst_mean_c":44.93,"ndvi_mean":0.44,"green_share_pct":60.2,"hot_share_pct":34.3,"coverage_pct":100.0,"valid_pixels":289},"geometry":{"type":"Polygon","coordinates":[[[118.893721,32.198406],[118.899023,32.198326],[118.899117,32.202834],[118.893815,32.202914],[118.893721,32.198406]]]}},{"type":"Feature","id":"g42-47","properties":{"lst_mean_c":44.82,"ndvi_mean":0.331,"green_share_pct":49.3,"hot_share_pct":10.7,"coverage_pct":100.0,"valid_pixels":272},"geometry":{"type":"Polygon","coordinates":[[[118.899023,32.198326],[118.904325,32.198246],[118.904419,32.202755],[118.899117,32.202834],[118.899023,32.198326]]]}},{"type":"Feature","id":"g43-47","properties":{"lst_mean_c":41.85,"ndvi_mean":0.553,"green_share_pct":79.2,"hot_share_pct":0.0,"coverage_pct":100.0,"valid_pixels":289},"geometry":{"type":"Polygon","coordinates":[[[118.904325,32.198246],[118.909627,32.198166],[118.909722,32.202675],[118.904419,32.202755],[118.904325,32.198246]]]}},{"type":"Feature","id":"g44-47","properties":{"lst_mean_c":45.99,"ndvi_mean":0.398,"green_share_pct":55.0,"hot_share_pct":17.6,"coverage_pct":100.0,"valid_pixels":289},"geometry":{"type":"Polygon","coordinates":[[[118.909627,32.198166],[118.914929,32.198086],[118.915024,32.202594],[118.909722,32.202675],[118.909627,32.198166]]]}},{"type":"Feature","id":"g45-47","properties":{"lst_mean_c":45.93,"ndvi_mean":0.502,"green_share_pct":84.2,"hot_share_pct":18.8,"coverage_pct":100.0,"valid_pixels":272},"geometry":{"type":"Polygon","coordinates":[[[118.914929,32.198086],[118.920231,32.198006],[118.920326,32.202514],[118.915024,32.202594],[118.914929,32.198086]]]}},{"type":"Feature","id":"g46-47","properties":{"lst_mean_c":36.89,"ndvi_mean":0.827,"green_share_pct":100.0,"hot_share_pct":0.0,"coverage_pct":100.0,"valid_pixels":289},"geometry":{"type":"Polygon","coordinates":[[[118.920231,32.198006],[118.925533,32.197925],[118.925628,32.202433],[118.920326,32.202514],[118.920231,32.198006]]]}},{"type":"Feature","id":"g47-47","properties":{"lst_mean_c":38.4,"ndvi_mean":0.745,"green_share_pct":100.0,"hot_share_pct":0.0,"coverage_pct":100.0,"valid_pixels":289},"geometry":{"type":"Polygon","coordinates":[[[118.925533,32.197925],[118.930835,32.197844],[118.93093,32.202352],[118.925628,32.202433],[118.925533,32.197925]]]}},{"type":"Feature","id":"g48-47","properties":{"lst_mean_c":40.51,"ndvi_mean":0.675,"green_share_pct":99.6,"hot_share_pct":0.0,"coverage_pct":92.6,"valid_pixels":252},"geometry":{"type":"Polygon","coordinates":[[[118.930835,32.197844],[118.936137,32.197763],[118.936233,32.202271],[118.93093,32.202352],[118.930835,32.197844]]]}},{"type":"Feature","id":"g49-47","properties":{"lst_mean_c":39.62,"ndvi_mean":0.599,"green_share_pct":87.9,"hot_share_pct":0.0,"coverage_pct":91.3,"valid_pixels":264},"geometry":{"type":"Polygon","coordinates":[[[118.936137,32.197763],[118.941439,32.197682],[118.941535,32.20219],[118.936233,32.202271],[118.936137,32.197763]]]}},{"type":"Feature","id":"g50-47","properties":{"lst_mean_c":44.93,"ndvi_mean":0.55,"green_share_pct":89.5,"hot_share_pct":24.4,"coverage_pct":99.3,"valid_pixels":287},"geometry":{"type":"Polygon","coordinates":[[[118.941439,32.197682],[118.946741,32.1976],[118.946837,32.202108],[118.941535,32.20219],[118.941439,32.197682]]]}},{"type":"Feature","id":"g51-47","properties":{"lst_mean_c":46.62,"ndvi_mean":0.45,"green_share_pct":84.2,"hot_share_pct":23.9,"coverage_pct":100.0,"valid_pixels":272},"geometry":{"type":"Polygon","coordinates":[[[118.946741,32.1976],[118.952043,32.197518],[118.952139,32.202027],[118.946837,32.202108],[118.946741,32.1976]]]}},{"type":"Feature","id":"g52-47","properties":{"lst_mean_c":45.66,"ndvi_mean":0.48,"green_share_pct":88.2,"hot_share_pct":4.4,"coverage_pct":100.0,"valid_pixels":136},"geometry":{"type":"Polygon","coordinates":[[[118.952043,32.197518],[118.957344,32.197437],[118.957441,32.201945],[118.952139,32.202027],[118.952043,32.197518]]]}},{"type":"Feature","id":"g0-48","properties":{"lst_mean_c":42.43,"ndvi_mean":0.677,"green_share_pct":100.0,"hot_share_pct":0.0,"coverage_pct":100.0,"valid_pixels":102},"geometry":{"type":"Polygon","coordinates":[[[118.676403,32.205984],[118.681706,32.205914],[118.681789,32.210423],[118.676486,32.210493],[118.676403,32.205984]]]}},{"type":"Feature","id":"g1-48","properties":{"lst_mean_c":41.45,"ndvi_mean":0.7,"green_share_pct":100.0,"hot_share_pct":0.0,"coverage_pct":100.0,"valid_pixels":289},"geometry":{"type":"Polygon","coordinates":[[[118.681706,32.205914],[118.687009,32.205843],[118.687092,32.210352],[118.681789,32.210423],[118.681706,32.205914]]]}},{"type":"Feature","id":"g2-48","properties":{"lst_mean_c":40.87,"ndvi_mean":0.693,"green_share_pct":100.0,"hot_share_pct":0.3,"coverage_pct":100.0,"valid_pixels":289},"geometry":{"type":"Polygon","coordinates":[[[118.687009,32.205843],[118.692312,32.205772],[118.692396,32.210281],[118.687092,32.210352],[118.687009,32.205843]]]}},{"type":"Feature","id":"g3-48","properties":{"lst_mean_c":45.76,"ndvi_mean":0.502,"green_share_pct":93.8,"hot_share_pct":4.4,"coverage_pct":100.0,"valid_pixels":272},"geometry":{"type":"Polygon","coordinates":[[[118.692312,32.205772],[118.697615,32.205701],[118.697699,32.21021],[118.692396,32.210281],[118.692312,32.205772]]]}},{"type":"Feature","id":"g4-48","properties":{"lst_mean_c":47.83,"ndvi_mean":0.432,"green_share_pct":79.6,"hot_share_pct":34.6,"coverage_pct":100.0,"valid_pixels":289},"geometry":{"type":"Polygon","coordinates":[[[118.697615,32.205701],[118.702918,32.20563],[118.703002,32.210139],[118.697699,32.21021],[118.697615,32.205701]]]}},{"type":"Feature","id":"g5-48","properties":{"lst_mean_c":46.07,"ndvi_mean":0.519,"green_share_pct":94.1,"hot_share_pct":7.3,"coverage_pct":100.0,"valid_pixels":289},"geometry":{"type":"Polygon","coordinates":[[[118.702918,32.20563],[118.708221,32.205558],[118.708306,32.210067],[118.703002,32.210139],[118.702918,32.20563]]]}},{"type":"Feature","id":"g6-48","properties":{"lst_mean_c":47.4,"ndvi_mean":0.451,"green_share_pct":78.7,"hot_share_pct":36.0,"coverage_pct":100.0,"valid_pixels":272},"geometry":{"type":"Polygon","coordinates":[[[118.708221,32.205558],[118.713524,32.205487],[118.713609,32.209995],[118.708306,32.210067],[118.708221,32.205558]]]}},{"type":"Feature","id":"g7-48","properties":{"lst_mean_c":48.71,"ndvi_mean":0.464,"green_share_pct":83.7,"hot_share_pct":59.5,"coverage_pct":100.0,"valid_pixels":289},"geometry":{"type":"Polygon","coordinates":[[[118.713524,32.205487],[118.718827,32.205415],[118.718912,32.209923],[118.713609,32.209995],[118.713524,32.205487]]]}},{"type":"Feature","id":"g8-48","properties":{"lst_mean_c":48.74,"ndvi_mean":0.461,"green_share_pct":72.4,"hot_share_pct":54.2,"coverage_pct":99.0,"valid_pixels":286},"geometry":{"type":"Polygon","coordinates":[[[118.718827,32.205415],[118.72413,32.205342],[118.724215,32.209851],[118.718912,32.209923],[118.718827,32.205415]]]}},{"type":"Feature","id":"g9-48","properties":{"lst_mean_c":50.28,"ndvi_mean":0.378,"green_share_pct":71.8,"hot_share_pct":89.4,"coverage_pct":90.1,"valid_pixels":245},"geometry":{"type":"Polygon","coordinates":[[[118.72413,32.205342],[118.729433,32.20527],[118.729519,32.209779],[118.724215,32.209851],[118.72413,32.205342]]]}},{"type":"Feature","id":"g10-48","properties":{"lst_mean_c":47.94,"ndvi_mean":0.365,"green_share_pct":73.4,"hot_share_pct":34.9,"coverage_pct":100.0,"valid_pixels":289},"geometry":{"type":"Polygon","coordinates":[[[118.729433,32.20527],[118.734736,32.205197],[118.734822,32.209706],[118.729519,32.209779],[118.729433,32.20527]]]}},{"type":"Feature","id":"g11-48","properties":{"lst_mean_c":45.25,"ndvi_mean":0.456,"green_share_pct":90.3,"hot_share_pct":0.0,"coverage_pct":99.7,"valid_pixels":288},"geometry":{"type":"Polygon","coordinates":[[[118.734736,32.205197],[118.740039,32.205124],[118.740125,32.209633],[118.734822,32.209706],[118.734736,32.205197]]]}},{"type":"Feature","id":"g13-48","properties":{"lst_mean_c":47.23,"ndvi_mean":0.323,"green_share_pct":54.0,"hot_share_pct":27.4,"coverage_pct":74.4,"valid_pixels":215},"geometry":{"type":"Polygon","coordinates":[[[118.745342,32.205051],[118.750645,32.204978],[118.750731,32.209487],[118.745428,32.20956],[118.745342,32.205051]]]}},{"type":"Feature","id":"g14-48","properties":{"lst_mean_c":47.1,"ndvi_mean":0.251,"green_share_pct":27.3,"hot_share_pct":21.1,"coverage_pct":100.0,"valid_pixels":289},"geometry":{"type":"Polygon","coordinates":[[[118.750645,32.204978],[118.755948,32.204904],[118.756034,32.209413],[118.750731,32.209487],[118.750645,32.204978]]]}},{"type":"Feature","id":"g17-48","properties":{"lst_mean_c":37.22,"ndvi_mean":0.721,"green_share_pct":99.0,"hot_share_pct":0.0,"coverage_pct":99.7,"valid_pixels":288},"geometry":{"type":"Polygon","coordinates":[[[118.766553,32.204757],[118.771856,32.204682],[118.771943,32.209191],[118.76664,32.209265],[118.766553,32.204757]]]}},{"type":"Feature","id":"g18-48","properties":{"lst_mean_c":41.28,"ndvi_mean":0.591,"green_share_pct":91.5,"hot_share_pct":0.0,"coverage_pct":100.0,"valid_pixels":272},"geometry":{"type":"Polygon","coordinates":[[[118.771856,32.204682],[118.777159,32.204608],[118.777247,32.209116],[118.771943,32.209191],[118.771856,32.204682]]]}},{"type":"Feature","id":"g19-48","properties":{"lst_mean_c":45.99,"ndvi_mean":0.402,"green_share_pct":78.2,"hot_share_pct":6.6,"coverage_pct":100.0,"valid_pixels":289},"geometry":{"type":"Polygon","coordinates":[[[118.777159,32.204608],[118.782462,32.204533],[118.78255,32.209042],[118.777247,32.209116],[118.777159,32.204608]]]}},{"type":"Feature","id":"g20-48","properties":{"lst_mean_c":44.98,"ndvi_mean":0.49,"green_share_pct":93.8,"hot_share_pct":0.0,"coverage_pct":100.0,"valid_pixels":289},"geometry":{"type":"Polygon","coordinates":[[[118.782462,32.204533],[118.787764,32.204458],[118.787853,32.208967],[118.78255,32.209042],[118.782462,32.204533]]]}},{"type":"Feature","id":"g21-48","properties":{"lst_mean_c":44.24,"ndvi_mean":0.477,"green_share_pct":94.9,"hot_share_pct":1.5,"coverage_pct":100.0,"valid_pixels":272},"geometry":{"type":"Polygon","coordinates":[[[118.787764,32.204458],[118.793067,32.204383],[118.793156,32.208892],[118.787853,32.208967],[118.787764,32.204458]]]}},{"type":"Feature","id":"g22-48","properties":{"lst_mean_c":42.49,"ndvi_mean":0.506,"green_share_pct":96.2,"hot_share_pct":0.0,"coverage_pct":100.0,"valid_pixels":289},"geometry":{"type":"Polygon","coordinates":[[[118.793067,32.204383],[118.79837,32.204308],[118.798458,32.208816],[118.793156,32.208892],[118.793067,32.204383]]]}},{"type":"Feature","id":"g23-48","properties":{"lst_mean_c":44.53,"ndvi_mean":0.532,"green_share_pct":97.2,"hot_share_pct":0.7,"coverage_pct":100.0,"valid_pixels":289},"geometry":{"type":"Polygon","coordinates":[[[118.79837,32.204308],[118.803672,32.204232],[118.803761,32.208741],[118.798458,32.208816],[118.79837,32.204308]]]}},{"type":"Feature","id":"g24-48","properties":{"lst_mean_c":46.61,"ndvi_mean":0.435,"green_share_pct":91.9,"hot_share_pct":16.2,"coverage_pct":100.0,"valid_pixels":272},"geometry":{"type":"Polygon","coordinates":[[[118.803672,32.204232],[118.808975,32.204157],[118.809064,32.208665],[118.803761,32.208741],[118.803672,32.204232]]]}},{"type":"Feature","id":"g25-48","properties":{"lst_mean_c":47.44,"ndvi_mean":0.415,"green_share_pct":83.4,"hot_share_pct":31.1,"coverage_pct":100.0,"valid_pixels":289},"geometry":{"type":"Polygon","coordinates":[[[118.808975,32.204157],[118.814278,32.204081],[118.814367,32.208589],[118.809064,32.208665],[118.808975,32.204157]]]}},{"type":"Feature","id":"g26-48","properties":{"lst_mean_c":46.76,"ndvi_mean":0.429,"green_share_pct":82.6,"hot_share_pct":6.0,"coverage_pct":97.6,"valid_pixels":282},"geometry":{"type":"Polygon","coordinates":[[[118.814278,32.204081],[118.81958,32.204004],[118.81967,32.208513],[118.814367,32.208589],[118.814278,32.204081]]]}},{"type":"Feature","id":"g27-48","properties":{"lst_mean_c":45.6,"ndvi_mean":0.492,"green_share_pct":91.2,"hot_share_pct":5.3,"coverage_pct":96.3,"valid_pixels":262},"geometry":{"type":"Polygon","coordinates":[[[118.81958,32.204004],[118.824883,32.203928],[118.824973,32.208436],[118.81967,32.208513],[118.81958,32.204004]]]}},{"type":"Feature","id":"g28-48","properties":{"lst_mean_c":45.28,"ndvi_mean":0.492,"green_share_pct":93.0,"hot_share_pct":0.0,"coverage_pct":99.3,"valid_pixels":287},"geometry":{"type":"Polygon","coordinates":[[[118.824883,32.203928],[118.830185,32.203851],[118.830276,32.20836],[118.824973,32.208436],[118.824883,32.203928]]]}},{"type":"Feature","id":"g29-48","properties":{"lst_mean_c":42.74,"ndvi_mean":0.607,"green_share_pct":97.2,"hot_share_pct":0.0,"coverage_pct":100.0,"valid_pixels":289},"geometry":{"type":"Polygon","coordinates":[[[118.830185,32.203851],[118.835488,32.203774],[118.835579,32.208283],[118.830276,32.20836],[118.830185,32.203851]]]}},{"type":"Feature","id":"g30-48","properties":{"lst_mean_c":40.98,"ndvi_mean":0.618,"green_share_pct":94.8,"hot_share_pct":0.0,"coverage_pct":98.2,"valid_pixels":267},"geometry":{"type":"Polygon","coordinates":[[[118.835488,32.203774],[118.840791,32.203697],[118.840881,32.208206],[118.835579,32.208283],[118.835488,32.203774]]]}},{"type":"Feature","id":"g31-48","properties":{"lst_mean_c":41.11,"ndvi_mean":0.603,"green_share_pct":99.3,"hot_share_pct":0.0,"coverage_pct":100.0,"valid_pixels":289},"geometry":{"type":"Polygon","coordinates":[[[118.840791,32.203697],[118.846093,32.20362],[118.846184,32.208128],[118.840881,32.208206],[118.840791,32.203697]]]}},{"type":"Feature","id":"g32-48","properties":{"lst_mean_c":42.2,"ndvi_mean":0.529,"green_share_pct":86.2,"hot_share_pct":1.0,"coverage_pct":100.0,"valid_pixels":289},"geometry":{"type":"Polygon","coordinates":[[[118.846093,32.20362],[118.851396,32.203542],[118.851487,32.208051],[118.846184,32.208128],[118.846093,32.20362]]]}},{"type":"Feature","id":"g35-48","properties":{"lst_mean_c":37.11,"ndvi_mean":0.568,"green_share_pct":91.3,"hot_share_pct":0.0,"coverage_pct":79.6,"valid_pixels":230},"geometry":{"type":"Polygon","coordinates":[[[118.862,32.203387],[118.867303,32.203308],[118.867395,32.207817],[118.862092,32.207895],[118.862,32.203387]]]}},{"type":"Feature","id":"g36-48","properties":{"lst_mean_c":43.16,"ndvi_mean":0.538,"green_share_pct":94.9,"hot_share_pct":0.0,"coverage_pct":100.0,"valid_pixels":272},"geometry":{"type":"Polygon","coordinates":[[[118.867303,32.203308],[118.872605,32.20323],[118.872698,32.207738],[118.867395,32.207817],[118.867303,32.203308]]]}},{"type":"Feature","id":"g37-48","properties":{"lst_mean_c":42.11,"ndvi_mean":0.594,"green_share_pct":98.3,"hot_share_pct":4.2,"coverage_pct":100.0,"valid_pixels":289},"geometry":{"type":"Polygon","coordinates":[[[118.872605,32.20323],[118.877908,32.203151],[118.878,32.20766],[118.872698,32.207738],[118.872605,32.20323]]]}},{"type":"Feature","id":"g38-48","properties":{"lst_mean_c":42.17,"ndvi_mean":0.579,"green_share_pct":92.0,"hot_share_pct":11.8,"coverage_pct":100.0,"valid_pixels":289},"geometry":{"type":"Polygon","coordinates":[[[118.877908,32.203151],[118.88321,32.203072],[118.883303,32.207581],[118.878,32.20766],[118.877908,32.203151]]]}},{"type":"Feature","id":"g39-48","properties":{"lst_mean_c":39.09,"ndvi_mean":0.697,"green_share_pct":100.0,"hot_share_pct":0.0,"coverage_pct":100.0,"valid_pixels":272},"geometry":{"type":"Polygon","coordinates":[[[118.88321,32.203072],[118.888512,32.202993],[118.888606,32.207502],[118.883303,32.207581],[118.88321,32.203072]]]}},{"type":"Feature","id":"g40-48","properties":{"lst_mean_c":41.22,"ndvi_mean":0.578,"green_share_pct":93.4,"hot_share_pct":0.0,"coverage_pct":100.0,"valid_pixels":289},"geometry":{"type":"Polygon","coordinates":[[[118.888512,32.202993],[118.893815,32.202914],[118.893908,32.207422],[118.888606,32.207502],[118.888512,32.202993]]]}},{"type":"Feature","id":"g41-48","properties":{"lst_mean_c":43.18,"ndvi_mean":0.537,"green_share_pct":77.9,"hot_share_pct":23.5,"coverage_pct":100.0,"valid_pixels":289},"geometry":{"type":"Polygon","coordinates":[[[118.893815,32.202914],[118.899117,32.202834],[118.899211,32.207343],[118.893908,32.207422],[118.893815,32.202914]]]}},{"type":"Feature","id":"g42-48","properties":{"lst_mean_c":44.49,"ndvi_mean":0.346,"green_share_pct":50.4,"hot_share_pct":1.8,"coverage_pct":100.0,"valid_pixels":272},"geometry":{"type":"Polygon","coordinates":[[[118.899117,32.202834],[118.904419,32.202755],[118.904513,32.207263],[118.899211,32.207343],[118.899117,32.202834]]]}},{"type":"Feature","id":"g43-48","properties":{"lst_mean_c":42.06,"ndvi_mean":0.574,"green_share_pct":89.3,"hot_share_pct":0.0,"coverage_pct":100.0,"valid_pixels":289},"geometry":{"type":"Polygon","coordinates":[[[118.904419,32.202755],[118.909722,32.202675],[118.909816,32.207183],[118.904513,32.207263],[118.904419,32.202755]]]}},{"type":"Feature","id":"g44-48","properties":{"lst_mean_c":44.31,"ndvi_mean":0.501,"green_share_pct":70.9,"hot_share_pct":11.1,"coverage_pct":100.0,"valid_pixels":289},"geometry":{"type":"Polygon","coordinates":[[[118.909722,32.202675],[118.915024,32.202594],[118.915118,32.207103],[118.909816,32.207183],[118.909722,32.202675]]]}},{"type":"Feature","id":"g45-48","properties":{"lst_mean_c":43.0,"ndvi_mean":0.586,"green_share_pct":84.2,"hot_share_pct":15.4,"coverage_pct":100.0,"valid_pixels":272},"geometry":{"type":"Polygon","coordinates":[[[118.915024,32.202594],[118.920326,32.202514],[118.920421,32.207022],[118.915118,32.207103],[118.915024,32.202594]]]}},{"type":"Feature","id":"g46-48","properties":{"lst_mean_c":37.99,"ndvi_mean":0.751,"green_share_pct":100.0,"hot_share_pct":0.0,"coverage_pct":100.0,"valid_pixels":289},"geometry":{"type":"Polygon","coordinates":[[[118.920326,32.202514],[118.925628,32.202433],[118.925723,32.206941],[118.920421,32.207022],[118.920326,32.202514]]]}},{"type":"Feature","id":"g47-48","properties":{"lst_mean_c":39.61,"ndvi_mean":0.631,"green_share_pct":94.6,"hot_share_pct":0.0,"coverage_pct":96.2,"valid_pixels":278},"geometry":{"type":"Polygon","coordinates":[[[118.925628,32.202433],[118.93093,32.202352],[118.931026,32.206861],[118.925723,32.206941],[118.925628,32.202433]]]}},{"type":"Feature","id":"g48-48","properties":{"lst_mean_c":40.45,"ndvi_mean":0.604,"green_share_pct":93.8,"hot_share_pct":0.0,"coverage_pct":89.3,"valid_pixels":243},"geometry":{"type":"Polygon","coordinates":[[[118.93093,32.202352],[118.936233,32.202271],[118.936328,32.206779],[118.931026,32.206861],[118.93093,32.202352]]]}},{"type":"Feature","id":"g49-48","properties":{"lst_mean_c":40.89,"ndvi_mean":0.682,"green_share_pct":99.7,"hot_share_pct":0.0,"coverage_pct":100.0,"valid_pixels":289},"geometry":{"type":"Polygon","coordinates":[[[118.936233,32.202271],[118.941535,32.20219],[118.941631,32.206698],[118.936328,32.206779],[118.936233,32.202271]]]}},{"type":"Feature","id":"g50-48","properties":{"lst_mean_c":45.1,"ndvi_mean":0.544,"green_share_pct":88.9,"hot_share_pct":8.3,"coverage_pct":100.0,"valid_pixels":289},"geometry":{"type":"Polygon","coordinates":[[[118.941535,32.20219],[118.946837,32.202108],[118.946933,32.206617],[118.941631,32.206698],[118.941535,32.20219]]]}},{"type":"Feature","id":"g51-48","properties":{"lst_mean_c":45.2,"ndvi_mean":0.492,"green_share_pct":92.3,"hot_share_pct":2.6,"coverage_pct":100.0,"valid_pixels":272},"geometry":{"type":"Polygon","coordinates":[[[118.946837,32.202108],[118.952139,32.202027],[118.952235,32.206535],[118.946933,32.206617],[118.946837,32.202108]]]}},{"type":"Feature","id":"g52-48","properties":{"lst_mean_c":43.49,"ndvi_mean":0.528,"green_share_pct":89.0,"hot_share_pct":0.0,"coverage_pct":100.0,"valid_pixels":136},"geometry":{"type":"Polygon","coordinates":[[[118.952139,32.202027],[118.957441,32.201945],[118.957538,32.206453],[118.952235,32.206535],[118.952139,32.202027]]]}},{"type":"Feature","id":"g0-49","properties":{"lst_mean_c":40.5,"ndvi_mean":0.717,"green_share_pct":100.0,"hot_share_pct":0.0,"coverage_pct":100.0,"valid_pixels":96},"geometry":{"type":"Polygon","coordinates":[[[118.676486,32.210493],[118.681789,32.210423],[118.681872,32.214931],[118.676568,32.215002],[118.676486,32.210493]]]}},{"type":"Feature","id":"g1-49","properties":{"lst_mean_c":42.06,"ndvi_mean":0.677,"green_share_pct":99.6,"hot_share_pct":0.0,"coverage_pct":100.0,"valid_pixels":272},"geometry":{"type":"Polygon","coordinates":[[[118.681789,32.210423],[118.687092,32.210352],[118.687176,32.214861],[118.681872,32.214931],[118.681789,32.210423]]]}},{"type":"Feature","id":"g2-49","properties":{"lst_mean_c":43.14,"ndvi_mean":0.618,"green_share_pct":99.6,"hot_share_pct":0.0,"coverage_pct":100.0,"valid_pixels":272},"geometry":{"type":"Polygon","coordinates":[[[118.687092,32.210352],[118.692396,32.210281],[118.692479,32.21479],[118.687176,32.214861],[118.687092,32.210352]]]}},{"type":"Feature","id":"g3-49","properties":{"lst_mean_c":44.92,"ndvi_mean":0.572,"green_share_pct":95.7,"hot_share_pct":4.3,"coverage_pct":100.0,"valid_pixels":256},"geometry":{"type":"Polygon","coordinates":[[[118.692396,32.210281],[118.697699,32.21021],[118.697783,32.214719],[118.692479,32.21479],[118.692396,32.210281]]]}},{"type":"Feature","id":"g4-49","properties":{"lst_mean_c":46.42,"ndvi_mean":0.487,"green_share_pct":91.2,"hot_share_pct":11.8,"coverage_pct":100.0,"valid_pixels":272},"geometry":{"type":"Polygon","coordinates":[[[118.697699,32.21021],[118.703002,32.210139],[118.703086,32.214647],[118.697783,32.214719],[118.697699,32.21021]]]}},{"type":"Feature","id":"g5-49","properties":{"lst_mean_c":47.73,"ndvi_mean":0.358,"green_share_pct":66.9,"hot_share_pct":35.7,"coverage_pct":100.0,"valid_pixels":272},"geometry":{"type":"Polygon","coordinates":[[[118.703002,32.210139],[118.708306,32.210067],[118.70839,32.214576],[118.703086,32.214647],[118.703002,32.210139]]]}},{"type":"Feature","id":"g6-49","properties":{"lst_mean_c":46.6,"ndvi_mean":0.465,"green_share_pct":80.9,"hot_share_pct":16.8,"coverage_pct":100.0,"valid_pixels":256},"geometry":{"type":"Polygon","coordinates":[[[118.708306,32.210067],[118.713609,32.209995],[118.713693,32.214504],[118.70839,32.214576],[118.708306,32.210067]]]}},{"type":"Feature","id":"g7-49","properties":{"lst_mean_c":43.6,"ndvi_mean":0.547,"green_share_pct":96.7,"hot_share_pct":3.7,"coverage_pct":100.0,"valid_pixels":272},"geometry":{"type":"Polygon","coordinates":[[[118.713609,32.209995],[118.718912,32.209923],[118.718997,32.214432],[118.713693,32.214504],[118.713609,32.209995]]]}},{"type":"Feature","id":"g8-49","properties":{"lst_mean_c":43.59,"ndvi_mean":0.625,"green_share_pct":100.0,"hot_share_pct":1.2,"coverage_pct":61.4,"valid_pixels":167},"geometry":{"type":"Polygon","coordinates":[[[118.718912,32.209923],[118.724215,32.209851],[118.7243,32.21436],[118.718997,32.214432],[118.718912,32.209923]]]}},{"type":"Feature","id":"g10-49","properties":{"lst_mean_c":49.96,"ndvi_mean":0.401,"green_share_pct":81.2,"hot_share_pct":94.9,"coverage_pct":100.0,"valid_pixels":272},"geometry":{"type":"Polygon","coordinates":[[[118.729519,32.209779],[118.734822,32.209706],[118.734907,32.214215],[118.729604,32.214287],[118.729519,32.209779]]]}},{"type":"Feature","id":"g11-49","properties":{"lst_mean_c":47.38,"ndvi_mean":0.456,"green_share_pct":87.5,"hot_share_pct":25.4,"coverage_pct":100.0,"valid_pixels":272},"geometry":{"type":"Polygon","coordinates":[[[118.734822,32.209706],[118.740125,32.209633],[118.740211,32.214142],[118.734907,32.214215],[118.734822,32.209706]]]}},{"type":"Feature","id":"g12-49","properties":{"lst_mean_c":45.51,"ndvi_mean":0.519,"green_share_pct":85.8,"hot_share_pct":21.1,"coverage_pct":96.5,"valid_pixels":247},"geometry":{"type":"Polygon","coordinates":[[[118.740125,32.209633],[118.745428,32.20956],[118.745514,32.214069],[118.740211,32.214142],[118.740125,32.209633]]]}},{"type":"Feature","id":"g13-49","properties":{"lst_mean_c":44.32,"ndvi_mean":0.487,"green_share_pct":83.8,"hot_share_pct":0.4,"coverage_pct":100.0,"valid_pixels":272},"geometry":{"type":"Polygon","coordinates":[[[118.745428,32.20956],[118.750731,32.209487],[118.750818,32.213995],[118.745514,32.214069],[118.745428,32.20956]]]}},{"type":"Feature","id":"g14-49","properties":{"lst_mean_c":46.03,"ndvi_mean":0.423,"green_share_pct":78.3,"hot_share_pct":2.9,"coverage_pct":100.0,"valid_pixels":272},"geometry":{"type":"Polygon","coordinates":[[[118.750731,32.209487],[118.756034,32.209413],[118.756121,32.213922],[118.750818,32.213995],[118.750731,32.209487]]]}},{"type":"Feature","id":"g15-49","properties":{"lst_mean_c":46.89,"ndvi_mean":0.229,"green_share_pct":24.9,"hot_share_pct":31.0,"coverage_pct":95.7,"valid_pixels":245},"geometry":{"type":"Polygon","coordinates":[[[118.756034,32.209413],[118.761337,32.209339],[118.761424,32.213848],[118.756121,32.213922],[118.756034,32.209413]]]}},{"type":"Feature","id":"g18-49","properties":{"lst_mean_c":37.42,"ndvi_mean":0.713,"green_share_pct":100.0,"hot_share_pct":0.0,"coverage_pct":96.5,"valid_pixels":247},"geometry":{"type":"Polygon","coordinates":[[[118.771943,32.209191],[118.777247,32.209116],[118.777334,32.213625],[118.772031,32.2137],[118.771943,32.209191]]]}},{"type":"Feature","id":"g19-49","properties":{"lst_mean_c":44.01,"ndvi_mean":0.506,"green_share_pct":84.9,"hot_share_pct":4.4,"coverage_pct":100.0,"valid_pixels":272},"geometry":{"type":"Polygon","coordinates":[[[118.777247,32.209116],[118.78255,32.209042],[118.782638,32.21355],[118.777334,32.213625],[118.777247,32.209116]]]}},{"type":"Feature","id":"g20-49","properties":{"lst_mean_c":45.18,"ndvi_mean":0.448,"green_share_pct":86.0,"hot_share_pct":1.1,"coverage_pct":100.0,"valid_pixels":272},"geometry":{"type":"Polygon","coordinates":[[[118.78255,32.209042],[118.787853,32.208967],[118.787941,32.213475],[118.782638,32.21355],[118.78255,32.209042]]]}},{"type":"Feature","id":"g21-49","properties":{"lst_mean_c":45.95,"ndvi_mean":0.384,"green_share_pct":83.2,"hot_share_pct":0.8,"coverage_pct":100.0,"valid_pixels":256},"geometry":{"type":"Polygon","coordinates":[[[118.787853,32.208967],[118.793156,32.208892],[118.793244,32.2134],[118.787941,32.213475],[118.787853,32.208967]]]}},{"type":"Feature","id":"g22-49","properties":{"lst_mean_c":45.33,"ndvi_mean":0.423,"green_share_pct":88.2,"hot_share_pct":0.0,"coverage_pct":100.0,"valid_pixels":272},"geometry":{"type":"Polygon","coordinates":[[[118.793156,32.208892],[118.798458,32.208816],[118.798547,32.213325],[118.793244,32.2134],[118.793156,32.208892]]]}},{"type":"Feature","id":"g23-49","properties":{"lst_mean_c":45.84,"ndvi_mean":0.453,"green_share_pct":89.7,"hot_share_pct":5.1,"coverage_pct":100.0,"valid_pixels":272},"geometry":{"type":"Polygon","coordinates":[[[118.798458,32.208816],[118.803761,32.208741],[118.80385,32.213249],[118.798547,32.213325],[118.798458,32.208816]]]}},{"type":"Feature","id":"g24-49","properties":{"lst_mean_c":46.04,"ndvi_mean":0.47,"green_share_pct":91.4,"hot_share_pct":9.0,"coverage_pct":100.0,"valid_pixels":256},"geometry":{"type":"Polygon","coordinates":[[[118.803761,32.208741],[118.809064,32.208665],[118.809154,32.213174],[118.80385,32.213249],[118.803761,32.208741]]]}},{"type":"Feature","id":"g25-49","properties":{"lst_mean_c":46.63,"ndvi_mean":0.462,"green_share_pct":82.7,"hot_share_pct":21.3,"coverage_pct":100.0,"valid_pixels":272},"geometry":{"type":"Polygon","coordinates":[[[118.809064,32.208665],[118.814367,32.208589],[118.814457,32.213098],[118.809154,32.213174],[118.809064,32.208665]]]}},{"type":"Feature","id":"g26-49","properties":{"lst_mean_c":47.22,"ndvi_mean":0.438,"green_share_pct":72.1,"hot_share_pct":31.6,"coverage_pct":100.0,"valid_pixels":272},"geometry":{"type":"Polygon","coordinates":[[[118.814367,32.208589],[118.81967,32.208513],[118.81976,32.213021],[118.814457,32.213098],[118.814367,32.208589]]]}},{"type":"Feature","id":"g27-49","properties":{"lst_mean_c":45.05,"ndvi_mean":0.553,"green_share_pct":94.5,"hot_share_pct":7.4,"coverage_pct":100.0,"valid_pixels":256},"geometry":{"type":"Polygon","coordinates":[[[118.81967,32.208513],[118.824973,32.208436],[118.825063,32.212945],[118.81976,32.213021],[118.81967,32.208513]]]}},{"type":"Feature","id":"g28-49","properties":{"lst_mean_c":45.15,"ndvi_mean":0.538,"green_share_pct":96.0,"hot_share_pct":8.8,"coverage_pct":100.0,"valid_pixels":272},"geometry":{"type":"Polygon","coordinates":[[[118.824973,32.208436],[118.830276,32.20836],[118.830366,32.212868],[118.825063,32.212945],[118.824973,32.208436]]]}},{"type":"Feature","id":"g29-49","properties":{"lst_mean_c":44.42,"ndvi_mean":0.51,"green_share_pct":96.7,"hot_share_pct":1.5,"coverage_pct":100.0,"valid_pixels":272},"geometry":{"type":"Polygon","coordinates":[[[118.830276,32.20836],[118.835579,32.208283],[118.835669,32.212791],[118.830366,32.212868],[118.830276,32.20836]]]}},{"type":"Feature","id":"g30-49","properties":{"lst_mean_c":41.78,"ndvi_mean":0.574,"green_share_pct":96.5,"hot_share_pct":0.0,"coverage_pct":100.0,"valid_pixels":256},"geometry":{"type":"Polygon","coordinates":[[[118.835579,32.208283],[118.840881,32.208206],[118.840972,32.212714],[118.835669,32.212791],[118.835579,32.208283]]]}},{"type":"Feature","id":"g31-49","properties":{"lst_mean_c":41.96,"ndvi_mean":0.536,"green_share_pct":96.2,"hot_share_pct":0.0,"coverage_pct":97.8,"valid_pixels":266},"geometry":{"type":"Polygon","coordinates":[[[118.840881,32.208206],[118.846184,32.208128],[118.846275,32.212637],[118.840972,32.212714],[118.840881,32.208206]]]}},{"type":"Feature","id":"g32-49","properties":{"lst_mean_c":39.09,"ndvi_mean":0.635,"green_share_pct":95.5,"hot_share_pct":0.0,"coverage_pct":98.9,"valid_pixels":269},"geometry":{"type":"Polygon","coordinates":[[[118.846184,32.208128],[118.851487,32.208051],[118.851578,32.212559],[118.846275,32.212637],[118.846184,32.208128]]]}},{"type":"Feature","id":"g35-49","properties":{"lst_mean_c":39.38,"ndvi_mean":0.661,"green_share_pct":99.6,"hot_share_pct":0.0,"coverage_pct":99.3,"valid_pixels":270},"geometry":{"type":"Polygon","coordinates":[[[118.862092,32.207895],[118.867395,32.207817],[118.867487,32.212325],[118.862184,32.212403],[118.862092,32.207895]]]}},{"type":"Feature","id":"g36-49","properties":{"lst_mean_c":42.28,"ndvi_mean":0.616,"green_share_pct":97.3,"hot_share_pct":4.7,"coverage_pct":100.0,"valid_pixels":256},"geometry":{"type":"Polygon","coordinates":[[[118.867395,32.207817],[118.872698,32.207738],[118.87279,32.212247],[118.867487,32.212325],[118.867395,32.207817]]]}},{"type":"Feature","id":"g37-49","properties":{"lst_mean_c":38.14,"ndvi_mean":0.694,"green_share_pct":99.6,"hot_share_pct":0.0,"coverage_pct":100.0,"valid_pixels":272},"geometry":{"type":"Polygon","coordinates":[[[118.872698,32.207738],[118.878,32.20766],[118.878093,32.212168],[118.87279,32.212247],[118.872698,32.207738]]]}},{"type":"Feature","id":"g38-49","properties":{"lst_mean_c":36.78,"ndvi_mean":0.762,"green_share_pct":100.0,"hot_share_pct":0.0,"coverage_pct":100.0,"valid_pixels":272},"geometry":{"type":"Polygon","coordinates":[[[118.878,32.20766],[118.883303,32.207581],[118.883396,32.212089],[118.878093,32.212168],[118.878,32.20766]]]}},{"type":"Feature","id":"g39-49","properties":{"lst_mean_c":36.36,"ndvi_mean":0.757,"green_share_pct":100.0,"hot_share_pct":0.0,"coverage_pct":100.0,"valid_pixels":256},"geometry":{"type":"Polygon","coordinates":[[[118.883303,32.207581],[118.888606,32.207502],[118.888699,32.21201],[118.883396,32.212089],[118.883303,32.207581]]]}},{"type":"Feature","id":"g40-49","properties":{"lst_mean_c":36.55,"ndvi_mean":0.74,"green_share_pct":100.0,"hot_share_pct":0.0,"coverage_pct":100.0,"valid_pixels":272},"geometry":{"type":"Polygon","coordinates":[[[118.888606,32.207502],[118.893908,32.207422],[118.894002,32.211931],[118.888699,32.21201],[118.888606,32.207502]]]}},{"type":"Feature","id":"g41-49","properties":{"lst_mean_c":36.74,"ndvi_mean":0.742,"green_share_pct":100.0,"hot_share_pct":0.0,"coverage_pct":100.0,"valid_pixels":272},"geometry":{"type":"Polygon","coordinates":[[[118.893908,32.207422],[118.899211,32.207343],[118.899304,32.211851],[118.894002,32.211931],[118.893908,32.207422]]]}},{"type":"Feature","id":"g42-49","properties":{"lst_mean_c":41.32,"ndvi_mean":0.551,"green_share_pct":81.6,"hot_share_pct":0.0,"coverage_pct":100.0,"valid_pixels":256},"geometry":{"type":"Polygon","coordinates":[[[118.899211,32.207343],[118.904513,32.207263],[118.904607,32.211771],[118.899304,32.211851],[118.899211,32.207343]]]}},{"type":"Feature","id":"g43-49","properties":{"lst_mean_c":38.65,"ndvi_mean":0.726,"green_share_pct":99.3,"hot_share_pct":0.0,"coverage_pct":100.0,"valid_pixels":272},"geometry":{"type":"Polygon","coordinates":[[[118.904513,32.207263],[118.909816,32.207183],[118.90991,32.211691],[118.904607,32.211771],[118.904513,32.207263]]]}},{"type":"Feature","id":"g44-49","properties":{"lst_mean_c":36.73,"ndvi_mean":0.815,"green_share_pct":100.0,"hot_share_pct":0.0,"coverage_pct":100.0,"valid_pixels":272},"geometry":{"type":"Polygon","coordinates":[[[118.909816,32.207183],[118.915118,32.207103],[118.915213,32.211611],[118.90991,32.211691],[118.909816,32.207183]]]}},{"type":"Feature","id":"g45-49","properties":{"lst_mean_c":36.42,"ndvi_mean":0.81,"green_share_pct":100.0,"hot_share_pct":0.0,"coverage_pct":100.0,"valid_pixels":256},"geometry":{"type":"Polygon","coordinates":[[[118.915118,32.207103],[118.920421,32.207022],[118.920516,32.21153],[118.915213,32.211611],[118.915118,32.207103]]]}},{"type":"Feature","id":"g46-49","properties":{"lst_mean_c":38.84,"ndvi_mean":0.698,"green_share_pct":98.5,"hot_share_pct":0.0,"coverage_pct":100.0,"valid_pixels":272},"geometry":{"type":"Polygon","coordinates":[[[118.920421,32.207022],[118.925723,32.206941],[118.925818,32.21145],[118.920516,32.21153],[118.920421,32.207022]]]}},{"type":"Feature","id":"g47-49","properties":{"lst_mean_c":41.52,"ndvi_mean":0.532,"green_share_pct":82.2,"hot_share_pct":0.0,"coverage_pct":93.0,"valid_pixels":253},"geometry":{"type":"Polygon","coordinates":[[[118.925723,32.206941],[118.931026,32.206861],[118.931121,32.211369],[118.925818,32.21145],[118.925723,32.206941]]]}},{"type":"Feature","id":"g48-49","properties":{"lst_mean_c":45.4,"ndvi_mean":0.477,"green_share_pct":88.7,"hot_share_pct":9.8,"coverage_pct":100.0,"valid_pixels":256},"geometry":{"type":"Polygon","coordinates":[[[118.931026,32.206861],[118.936328,32.206779],[118.936424,32.211288],[118.931121,32.211369],[118.931026,32.206861]]]}},{"type":"Feature","id":"g49-49","properties":{"lst_mean_c":45.64,"ndvi_mean":0.497,"green_share_pct":86.8,"hot_share_pct":14.0,"coverage_pct":100.0,"valid_pixels":272},"geometry":{"type":"Polygon","coordinates":[[[118.936328,32.206779],[118.941631,32.206698],[118.941726,32.211206],[118.936424,32.211288],[118.936328,32.206779]]]}},{"type":"Feature","id":"g50-49","properties":{"lst_mean_c":41.69,"ndvi_mean":0.634,"green_share_pct":91.9,"hot_share_pct":0.0,"coverage_pct":100.0,"valid_pixels":272},"geometry":{"type":"Polygon","coordinates":[[[118.941631,32.206698],[118.946933,32.206617],[118.947029,32.211125],[118.941726,32.211206],[118.941631,32.206698]]]}},{"type":"Feature","id":"g51-49","properties":{"lst_mean_c":45.71,"ndvi_mean":0.455,"green_share_pct":85.2,"hot_share_pct":9.4,"coverage_pct":100.0,"valid_pixels":256},"geometry":{"type":"Polygon","coordinates":[[[118.946933,32.206617],[118.952235,32.206535],[118.952332,32.211043],[118.947029,32.211125],[118.946933,32.206617]]]}},{"type":"Feature","id":"g52-49","properties":{"lst_mean_c":44.24,"ndvi_mean":0.451,"green_share_pct":75.8,"hot_share_pct":0.0,"coverage_pct":100.0,"valid_pixels":128},"geometry":{"type":"Polygon","coordinates":[[[118.952235,32.206535],[118.957538,32.206453],[118.957634,32.210961],[118.952332,32.211043],[118.952235,32.206535]]]}},{"type":"Feature","id":"g0-50","properties":{"lst_mean_c":42.33,"ndvi_mean":0.705,"green_share_pct":100.0,"hot_share_pct":0.0,"coverage_pct":100.0,"valid_pixels":102},"geometry":{"type":"Polygon","coordinates":[[[118.676568,32.215002],[118.681872,32.214931],[118.681955,32.21944],[118.676651,32.219511],[118.676568,32.215002]]]}},{"type":"Feature","id":"g1-50","properties":{"lst_mean_c":43.48,"ndvi_mean":0.628,"green_share_pct":98.6,"hot_share_pct":0.0,"coverage_pct":99.7,"valid_pixels":288},"geometry":{"type":"Polygon","coordinates":[[[118.681872,32.214931],[118.687176,32.214861],[118.687259,32.21937],[118.681955,32.21944],[118.681872,32.214931]]]}},{"type":"Feature","id":"g2-50","properties":{"lst_mean_c":42.82,"ndvi_mean":0.61,"green_share_pct":100.0,"hot_share_pct":4.2,"coverage_pct":100.0,"valid_pixels":289},"geometry":{"type":"Polygon","coordinates":[[[118.687176,32.214861],[118.692479,32.21479],[118.692563,32.219299],[118.687259,32.21937],[118.687176,32.214861]]]}},{"type":"Feature","id":"g3-50","properties":{"lst_mean_c":42.46,"ndvi_mean":0.636,"green_share_pct":100.0,"hot_share_pct":0.0,"coverage_pct":100.0,"valid_pixels":272},"geometry":{"type":"Polygon","coordinates":[[[118.692479,32.21479],[118.697783,32.214719],[118.697867,32.219227],[118.692563,32.219299],[118.692479,32.21479]]]}},{"type":"Feature","id":"g4-50","properties":{"lst_mean_c":43.18,"ndvi_mean":0.626,"green_share_pct":99.7,"hot_share_pct":0.0,"coverage_pct":100.0,"valid_pixels":289},"geometry":{"type":"Polygon","coordinates":[[[118.697783,32.214719],[118.703086,32.214647],[118.70317,32.219156],[118.697867,32.219227],[118.697783,32.214719]]]}},{"type":"Feature","id":"g5-50","properties":{"lst_mean_c":43.99,"ndvi_mean":0.58,"green_share_pct":93.8,"hot_share_pct":4.2,"coverage_pct":100.0,"valid_pixels":289},"geometry":{"type":"Polygon","coordinates":[[[118.703086,32.214647],[118.70839,32.214576],[118.708474,32.219085],[118.70317,32.219156],[118.703086,32.214647]]]}},{"type":"Feature","id":"g6-50","properties":{"lst_mean_c":49.08,"ndvi_mean":0.388,"green_share_pct":63.6,"hot_share_pct":69.9,"coverage_pct":100.0,"valid_pixels":272},"geometry":{"type":"Polygon","coordinates":[[[118.70839,32.214576],[118.713693,32.214504],[118.713778,32.219013],[118.708474,32.219085],[118.70839,32.214576]]]}},{"type":"Feature","id":"g7-50","properties":{"lst_mean_c":47.52,"ndvi_mean":0.439,"green_share_pct":70.6,"hot_share_pct":48.4,"coverage_pct":100.0,"valid_pixels":289},"geometry":{"type":"Polygon","coordinates":[[[118.713693,32.214504],[118.718997,32.214432],[118.719082,32.218941],[118.713778,32.219013],[118.713693,32.214504]]]}},{"type":"Feature","id":"g8-50","properties":{"lst_mean_c":43.79,"ndvi_mean":0.561,"green_share_pct":98.6,"hot_share_pct":0.7,"coverage_pct":100.0,"valid_pixels":289},"geometry":{"type":"Polygon","coordinates":[[[118.718997,32.214432],[118.7243,32.21436],[118.724386,32.218868],[118.719082,32.218941],[118.718997,32.214432]]]}},{"type":"Feature","id":"g9-50","properties":{"lst_mean_c":49.25,"ndvi_mean":0.381,"green_share_pct":77.9,"hot_share_pct":83.8,"coverage_pct":100.0,"valid_pixels":272},"geometry":{"type":"Polygon","coordinates":[[[118.7243,32.21436],[118.729604,32.214287],[118.729689,32.218796],[118.724386,32.218868],[118.7243,32.21436]]]}},{"type":"Feature","id":"g10-50","properties":{"lst_mean_c":50.01,"ndvi_mean":0.364,"green_share_pct":72.0,"hot_share_pct":90.0,"coverage_pct":100.0,"valid_pixels":289},"geometry":{"type":"Polygon","coordinates":[[[118.729604,32.214287],[118.734907,32.214215],[118.734993,32.218723],[118.729689,32.218796],[118.729604,32.214287]]]}},{"type":"Feature","id":"g11-50","properties":{"lst_mean_c":47.45,"ndvi_mean":0.483,"green_share_pct":85.8,"hot_share_pct":45.3,"coverage_pct":100.0,"valid_pixels":289},"geometry":{"type":"Polygon","coordinates":[[[118.734907,32.214215],[118.740211,32.214142],[118.740297,32.21865],[118.734993,32.218723],[118.734907,32.214215]]]}},{"type":"Feature","id":"g12-50","properties":{"lst_mean_c":43.77,"ndvi_mean":0.561,"green_share_pct":89.0,"hot_share_pct":2.9,"coverage_pct":100.0,"valid_pixels":272},"geometry":{"type":"Polygon","coordinates":[[[118.740211,32.214142],[118.745514,32.214069],[118.7456,32.218577],[118.740297,32.21865],[118.740211,32.214142]]]}},{"type":"Feature","id":"g13-50","properties":{"lst_mean_c":43.4,"ndvi_mean":0.543,"green_share_pct":96.5,"hot_share_pct":7.6,"coverage_pct":100.0,"valid_pixels":289},"geometry":{"type":"Polygon","coordinates":[[[118.745514,32.214069],[118.750818,32.213995],[118.750904,32.218504],[118.7456,32.218577],[118.745514,32.214069]]]}},{"type":"Feature","id":"g14-50","properties":{"lst_mean_c":48.94,"ndvi_mean":0.442,"green_share_pct":78.2,"hot_share_pct":61.6,"coverage_pct":100.0,"valid_pixels":289},"geometry":{"type":"Polygon","coordinates":[[[118.750818,32.213995],[118.756121,32.213922],[118.756208,32.21843],[118.750904,32.218504],[118.750818,32.213995]]]}},{"type":"Feature","id":"g15-50","properties":{"lst_mean_c":48.82,"ndvi_mean":0.284,"green_share_pct":32.4,"hot_share_pct":76.5,"coverage_pct":100.0,"valid_pixels":272},"geometry":{"type":"Polygon","coordinates":[[[118.756121,32.213922],[118.761424,32.213848],[118.761511,32.218356],[118.756208,32.21843],[118.756121,32.213922]]]}},{"type":"Feature","id":"g16-50","properties":{"lst_mean_c":47.97,"ndvi_mean":0.228,"green_share_pct":24.1,"hot_share_pct":65.0,"coverage_pct":92.0,"valid_pixels":266},"geometry":{"type":"Polygon","coordinates":[[[118.761424,32.213848],[118.766728,32.213774],[118.766815,32.218282],[118.761511,32.218356],[118.761424,32.213848]]]}},{"type":"Feature","id":"g19-50","properties":{"lst_mean_c":38.54,"ndvi_mean":0.696,"green_share_pct":98.8,"hot_share_pct":0.0,"coverage_pct":89.3,"valid_pixels":258},"geometry":{"type":"Polygon","coordinates":[[[118.777334,32.213625],[118.782638,32.21355],[118.782726,32.218059],[118.777422,32.218134],[118.777334,32.213625]]]}},{"type":"Feature","id":"g20-50","properties":{"lst_mean_c":43.08,"ndvi_mean":0.55,"green_share_pct":97.2,"hot_share_pct":0.0,"coverage_pct":100.0,"valid_pixels":289},"geometry":{"type":"Polygon","coordinates":[[[118.782638,32.21355],[118.787941,32.213475],[118.788029,32.217984],[118.782726,32.218059],[118.782638,32.21355]]]}},{"type":"Feature","id":"g21-50","properties":{"lst_mean_c":46.74,"ndvi_mean":0.366,"green_share_pct":73.5,"hot_share_pct":12.1,"coverage_pct":100.0,"valid_pixels":272},"geometry":{"type":"Polygon","coordinates":[[[118.787941,32.213475],[118.793244,32.2134],[118.793333,32.217909],[118.788029,32.217984],[118.787941,32.213475]]]}},{"type":"Feature","id":"g22-50","properties":{"lst_mean_c":45.75,"ndvi_mean":0.449,"green_share_pct":70.9,"hot_share_pct":26.6,"coverage_pct":100.0,"valid_pixels":289},"geometry":{"type":"Polygon","coordinates":[[[118.793244,32.2134],[118.798547,32.213325],[118.798636,32.217833],[118.793333,32.217909],[118.793244,32.2134]]]}},{"type":"Feature","id":"g23-50","properties":{"lst_mean_c":44.3,"ndvi_mean":0.567,"green_share_pct":99.7,"hot_share_pct":4.5,"coverage_pct":100.0,"valid_pixels":289},"geometry":{"type":"Polygon","coordinates":[[[118.798547,32.213325],[118.80385,32.213249],[118.803939,32.217758],[118.798636,32.217833],[118.798547,32.213325]]]}},{"type":"Feature","id":"g24-50","properties":{"lst_mean_c":44.74,"ndvi_mean":0.552,"green_share_pct":92.6,"hot_share_pct":2.6,"coverage_pct":100.0,"valid_pixels":272},"geometry":{"type":"Polygon","coordinates":[[[118.80385,32.213249],[118.809154,32.213174],[118.809243,32.217682],[118.803939,32.217758],[118.80385,32.213249]]]}},{"type":"Feature","id":"g25-50","properties":{"lst_mean_c":45.83,"ndvi_mean":0.525,"green_share_pct":96.2,"hot_share_pct":10.7,"coverage_pct":100.0,"valid_pixels":289},"geometry":{"type":"Polygon","coordinates":[[[118.809154,32.213174],[118.814457,32.213098],[118.814546,32.217606],[118.809243,32.217682],[118.809154,32.213174]]]}},{"type":"Feature","id":"g26-50","properties":{"lst_mean_c":45.85,"ndvi_mean":0.514,"green_share_pct":94.5,"hot_share_pct":16.6,"coverage_pct":100.0,"valid_pixels":289},"geometry":{"type":"Polygon","coordinates":[[[118.814457,32.213098],[118.81976,32.213021],[118.81985,32.21753],[118.814546,32.217606],[118.814457,32.213098]]]}},{"type":"Feature","id":"g27-50","properties":{"lst_mean_c":46.49,"ndvi_mean":0.455,"green_share_pct":87.9,"hot_share_pct":21.0,"coverage_pct":100.0,"valid_pixels":272},"geometry":{"type":"Polygon","coordinates":[[[118.81976,32.213021],[118.825063,32.212945],[118.825153,32.217453],[118.81985,32.21753],[118.81976,32.213021]]]}},{"type":"Feature","id":"g28-50","properties":{"lst_mean_c":45.95,"ndvi_mean":0.496,"green_share_pct":94.8,"hot_share_pct":7.6,"coverage_pct":100.0,"valid_pixels":289},"geometry":{"type":"Polygon","coordinates":[[[118.825063,32.212945],[118.830366,32.212868],[118.830456,32.217377],[118.825153,32.217453],[118.825063,32.212945]]]}},{"type":"Feature","id":"g29-50","properties":{"lst_mean_c":44.41,"ndvi_mean":0.479,"green_share_pct":85.8,"hot_share_pct":6.2,"coverage_pct":100.0,"valid_pixels":289},"geometry":{"type":"Polygon","coordinates":[[[118.830366,32.212868],[118.835669,32.212791],[118.83576,32.2173],[118.830456,32.217377],[118.830366,32.212868]]]}},{"type":"Feature","id":"g30-50","properties":{"lst_mean_c":41.99,"ndvi_mean":0.528,"green_share_pct":96.7,"hot_share_pct":0.0,"coverage_pct":99.6,"valid_pixels":271},"geometry":{"type":"Polygon","coordinates":[[[118.835669,32.212791],[118.840972,32.212714],[118.841063,32.217223],[118.83576,32.2173],[118.835669,32.212791]]]}},{"type":"Feature","id":"g31-50","properties":{"lst_mean_c":37.19,"ndvi_mean":0.667,"green_share_pct":98.2,"hot_share_pct":0.0,"coverage_pct":96.2,"valid_pixels":278},"geometry":{"type":"Polygon","coordinates":[[[118.840972,32.212714],[118.846275,32.212637],[118.846366,32.217145],[118.841063,32.217223],[118.840972,32.212714]]]}},{"type":"Feature","id":"g32-50","properties":{"lst_mean_c":36.96,"ndvi_mean":0.646,"green_share_pct":97.2,"hot_share_pct":0.0,"coverage_pct":73.0,"valid_pixels":211},"geometry":{"type":"Polygon","coordinates":[[[118.846275,32.212637],[118.851578,32.212559],[118.85167,32.217068],[118.846366,32.217145],[118.846275,32.212637]]]}},{"type":"Feature","id":"g34-50","properties":{"lst_mean_c":38.29,"ndvi_mean":0.646,"green_share_pct":95.6,"hot_share_pct":0.0,"coverage_pct":94.8,"valid_pixels":274},"geometry":{"type":"Polygon","coordinates":[[[118.856881,32.212481],[118.862184,32.212403],[118.862276,32.216912],[118.856973,32.21699],[118.856881,32.212481]]]}},{"type":"Feature","id":"g35-50","properties":{"lst_mean_c":42.86,"ndvi_mean":0.581,"green_share_pct":94.5,"hot_share_pct":0.3,"coverage_pct":100.0,"valid_pixels":289},"geometry":{"type":"Polygon","coordinates":[[[118.862184,32.212403],[118.867487,32.212325],[118.867579,32.216833],[118.862276,32.216912],[118.862184,32.212403]]]}},{"type":"Feature","id":"g36-50","properties":{"lst_mean_c":39.69,"ndvi_mean":0.67,"green_share_pct":98.9,"hot_share_pct":0.0,"coverage_pct":98.5,"valid_pixels":268},"geometry":{"type":"Polygon","coordinates":[[[118.867487,32.212325],[118.87279,32.212247],[118.872883,32.216755],[118.867579,32.216833],[118.867487,32.212325]]]}},{"type":"Feature","id":"g37-50","properties":{"lst_mean_c":38.47,"ndvi_mean":0.726,"green_share_pct":98.6,"hot_share_pct":0.0,"coverage_pct":100.0,"valid_pixels":289},"geometry":{"type":"Polygon","coordinates":[[[118.87279,32.212247],[118.878093,32.212168],[118.878186,32.216676],[118.872883,32.216755],[118.87279,32.212247]]]}},{"type":"Feature","id":"g38-50","properties":{"lst_mean_c":38.68,"ndvi_mean":0.729,"green_share_pct":98.6,"hot_share_pct":0.0,"coverage_pct":100.0,"valid_pixels":289},"geometry":{"type":"Polygon","coordinates":[[[118.878093,32.212168],[118.883396,32.212089],[118.883489,32.216597],[118.878186,32.216676],[118.878093,32.212168]]]}},{"type":"Feature","id":"g39-50","properties":{"lst_mean_c":37.16,"ndvi_mean":0.732,"green_share_pct":100.0,"hot_share_pct":0.0,"coverage_pct":100.0,"valid_pixels":272},"geometry":{"type":"Polygon","coordinates":[[[118.883396,32.212089],[118.888699,32.21201],[118.888792,32.216518],[118.883489,32.216597],[118.883396,32.212089]]]}},{"type":"Feature","id":"g40-50","properties":{"lst_mean_c":38.12,"ndvi_mean":0.696,"green_share_pct":100.0,"hot_share_pct":0.0,"coverage_pct":100.0,"valid_pixels":289},"geometry":{"type":"Polygon","coordinates":[[[118.888699,32.21201],[118.894002,32.211931],[118.894095,32.216439],[118.888792,32.216518],[118.888699,32.21201]]]}},{"type":"Feature","id":"g41-50","properties":{"lst_mean_c":36.72,"ndvi_mean":0.762,"green_share_pct":100.0,"hot_share_pct":0.0,"coverage_pct":100.0,"valid_pixels":289},"geometry":{"type":"Polygon","coordinates":[[[118.894002,32.211931],[118.899304,32.211851],[118.899398,32.216359],[118.894095,32.216439],[118.894002,32.211931]]]}},{"type":"Feature","id":"g42-50","properties":{"lst_mean_c":38.94,"ndvi_mean":0.647,"green_share_pct":90.8,"hot_share_pct":0.0,"coverage_pct":100.0,"valid_pixels":272},"geometry":{"type":"Polygon","coordinates":[[[118.899304,32.211851],[118.904607,32.211771],[118.904701,32.216279],[118.899398,32.216359],[118.899304,32.211851]]]}},{"type":"Feature","id":"g43-50","properties":{"lst_mean_c":37.0,"ndvi_mean":0.802,"green_share_pct":100.0,"hot_share_pct":0.0,"coverage_pct":100.0,"valid_pixels":289},"geometry":{"type":"Polygon","coordinates":[[[118.904607,32.211771],[118.90991,32.211691],[118.910004,32.216199],[118.904701,32.216279],[118.904607,32.211771]]]}},{"type":"Feature","id":"g44-50","properties":{"lst_mean_c":36.91,"ndvi_mean":0.788,"green_share_pct":100.0,"hot_share_pct":0.0,"coverage_pct":100.0,"valid_pixels":289},"geometry":{"type":"Polygon","coordinates":[[[118.90991,32.211691],[118.915213,32.211611],[118.915307,32.216119],[118.910004,32.216199],[118.90991,32.211691]]]}},{"type":"Feature","id":"g45-50","properties":{"lst_mean_c":37.94,"ndvi_mean":0.724,"green_share_pct":97.4,"hot_share_pct":0.0,"coverage_pct":99.3,"valid_pixels":270},"geometry":{"type":"Polygon","coordinates":[[[118.915213,32.211611],[118.920516,32.21153],[118.92061,32.216039],[118.915307,32.216119],[118.915213,32.211611]]]}},{"type":"Feature","id":"g46-50","properties":{"lst_mean_c":38.87,"ndvi_mean":0.641,"green_share_pct":92.8,"hot_share_pct":0.0,"coverage_pct":91.3,"valid_pixels":264},"geometry":{"type":"Polygon","coordinates":[[[118.920516,32.21153],[118.925818,32.21145],[118.925913,32.215958],[118.92061,32.216039],[118.920516,32.21153]]]}},{"type":"Feature","id":"g47-50","properties":{"lst_mean_c":45.58,"ndvi_mean":0.385,"green_share_pct":55.6,"hot_share_pct":40.8,"coverage_pct":95.8,"valid_pixels":277},"geometry":{"type":"Polygon","coordinates":[[[118.925818,32.21145],[118.931121,32.211369],[118.931216,32.215877],[118.925913,32.215958],[118.925818,32.21145]]]}},{"type":"Feature","id":"g48-50","properties":{"lst_mean_c":47.55,"ndvi_mean":0.458,"green_share_pct":81.2,"hot_share_pct":36.4,"coverage_pct":100.0,"valid_pixels":272},"geometry":{"type":"Polygon","coordinates":[[[118.931121,32.211369],[118.936424,32.211288],[118.936519,32.215796],[118.931216,32.215877],[118.931121,32.211369]]]}},{"type":"Feature","id":"g49-50","properties":{"lst_mean_c":47.14,"ndvi_mean":0.411,"green_share_pct":78.9,"hot_share_pct":21.8,"coverage_pct":100.0,"valid_pixels":289},"geometry":{"type":"Polygon","coordinates":[[[118.936424,32.211288],[118.941726,32.211206],[118.941822,32.215714],[118.936519,32.215796],[118.936424,32.211288]]]}},{"type":"Feature","id":"g50-50","properties":{"lst_mean_c":44.04,"ndvi_mean":0.545,"green_share_pct":92.7,"hot_share_pct":3.1,"coverage_pct":100.0,"valid_pixels":289},"geometry":{"type":"Polygon","coordinates":[[[118.941726,32.211206],[118.947029,32.211125],[118.947125,32.215633],[118.941822,32.215714],[118.941726,32.211206]]]}},{"type":"Feature","id":"g51-50","properties":{"lst_mean_c":43.85,"ndvi_mean":0.534,"green_share_pct":88.6,"hot_share_pct":3.7,"coverage_pct":100.0,"valid_pixels":272},"geometry":{"type":"Polygon","coordinates":[[[118.947029,32.211125],[118.952332,32.211043],[118.952428,32.215551],[118.947125,32.215633],[118.947029,32.211125]]]}},{"type":"Feature","id":"g52-50","properties":{"lst_mean_c":46.41,"ndvi_mean":0.308,"green_share_pct":50.7,"hot_share_pct":7.4,"coverage_pct":100.0,"valid_pixels":136},"geometry":{"type":"Polygon","coordinates":[[[118.952332,32.211043],[118.957634,32.210961],[118.957731,32.215469],[118.952428,32.215551],[118.952332,32.211043]]]}},{"type":"Feature","id":"g0-51","properties":{"lst_mean_c":42.52,"ndvi_mean":0.658,"green_share_pct":100.0,"hot_share_pct":0.0,"coverage_pct":100.0,"valid_pixels":102},"geometry":{"type":"Polygon","coordinates":[[[118.676651,32.219511],[118.681955,32.21944],[118.682038,32.223949],[118.676734,32.22402],[118.676651,32.219511]]]}},{"type":"Feature","id":"g1-51","properties":{"lst_mean_c":45.08,"ndvi_mean":0.556,"green_share_pct":97.9,"hot_share_pct":5.2,"coverage_pct":100.0,"valid_pixels":289},"geometry":{"type":"Polygon","coordinates":[[[118.681955,32.21944],[118.687259,32.21937],[118.687342,32.223878],[118.682038,32.223949],[118.681955,32.21944]]]}},{"type":"Feature","id":"g2-51","properties":{"lst_mean_c":44.18,"ndvi_mean":0.597,"green_share_pct":99.3,"hot_share_pct":0.3,"coverage_pct":100.0,"valid_pixels":289},"geometry":{"type":"Polygon","coordinates":[[[118.687259,32.21937],[118.692563,32.219299],[118.692646,32.223807],[118.687342,32.223878],[118.687259,32.21937]]]}},{"type":"Feature","id":"g3-51","properties":{"lst_mean_c":41.72,"ndvi_mean":0.646,"green_share_pct":100.0,"hot_share_pct":0.0,"coverage_pct":100.0,"valid_pixels":272},"geometry":{"type":"Polygon","coordinates":[[[118.692563,32.219299],[118.697867,32.219227],[118.69795,32.223736],[118.692646,32.223807],[118.692563,32.219299]]]}},{"type":"Feature","id":"g4-51","properties":{"lst_mean_c":43.39,"ndvi_mean":0.613,"green_share_pct":97.2,"hot_share_pct":4.8,"coverage_pct":100.0,"valid_pixels":289},"geometry":{"type":"Polygon","coordinates":[[[118.697867,32.219227],[118.70317,32.219156],[118.703255,32.223665],[118.69795,32.223736],[118.697867,32.219227]]]}},{"type":"Feature","id":"g5-51","properties":{"lst_mean_c":43.51,"ndvi_mean":0.581,"green_share_pct":95.8,"hot_share_pct":0.0,"coverage_pct":100.0,"valid_pixels":289},"geometry":{"type":"Polygon","coordinates":[[[118.70317,32.219156],[118.708474,32.219085],[118.708559,32.223593],[118.703255,32.223665],[118.70317,32.219156]]]}},{"type":"Feature","id":"g6-51","properties":{"lst_mean_c":48.31,"ndvi_mean":0.454,"green_share_pct":81.2,"hot_share_pct":55.1,"coverage_pct":100.0,"valid_pixels":272},"geometry":{"type":"Polygon","coordinates":[[[118.708474,32.219085],[118.713778,32.219013],[118.713863,32.223521],[118.708559,32.223593],[118.708474,32.219085]]]}},{"type":"Feature","id":"g7-51","properties":{"lst_mean_c":44.36,"ndvi_mean":0.592,"green_share_pct":95.8,"hot_share_pct":10.0,"coverage_pct":100.0,"valid_pixels":289},"geometry":{"type":"Polygon","coordinates":[[[118.713778,32.219013],[118.719082,32.218941],[118.719167,32.223449],[118.713863,32.223521],[118.713778,32.219013]]]}},{"type":"Feature","id":"g8-51","properties":{"lst_mean_c":47.05,"ndvi_mean":0.48,"green_share_pct":94.5,"hot_share_pct":21.8,"coverage_pct":100.0,"valid_pixels":289},"geometry":{"type":"Polygon","coordinates":[[[118.719082,32.218941],[118.724386,32.218868],[118.724471,32.223377],[118.719167,32.223449],[118.719082,32.218941]]]}},{"type":"Feature","id":"g9-51","properties":{"lst_mean_c":47.28,"ndvi_mean":0.449,"green_share_pct":88.2,"hot_share_pct":13.6,"coverage_pct":100.0,"valid_pixels":272},"geometry":{"type":"Polygon","coordinates":[[[118.724386,32.218868],[118.729689,32.218796],[118.729775,32.223305],[118.724471,32.223377],[118.724386,32.218868]]]}},{"type":"Feature","id":"g10-51","properties":{"lst_mean_c":48.27,"ndvi_mean":0.383,"green_share_pct":81.7,"hot_share_pct":52.6,"coverage_pct":100.0,"valid_pixels":289},"geometry":{"type":"Polygon","coordinates":[[[118.729689,32.218796],[118.734993,32.218723],[118.735079,32.223232],[118.729775,32.223305],[118.729689,32.218796]]]}},{"type":"Feature","id":"g11-51","properties":{"lst_mean_c":46.51,"ndvi_mean":0.503,"green_share_pct":87.2,"hot_share_pct":21.1,"coverage_pct":100.0,"valid_pixels":289},"geometry":{"type":"Polygon","coordinates":[[[118.734993,32.218723],[118.740297,32.21865],[118.740383,32.223159],[118.735079,32.223232],[118.734993,32.218723]]]}},{"type":"Feature","id":"g12-51","properties":{"lst_mean_c":45.53,"ndvi_mean":0.512,"green_share_pct":87.9,"hot_share_pct":5.1,"coverage_pct":100.0,"valid_pixels":272},"geometry":{"type":"Polygon","coordinates":[[[118.740297,32.21865],[118.7456,32.218577],[118.745687,32.223086],[118.740383,32.223159],[118.740297,32.21865]]]}},{"type":"Feature","id":"g13-51","properties":{"lst_mean_c":42.89,"ndvi_mean":0.645,"green_share_pct":94.8,"hot_share_pct":10.0,"coverage_pct":100.0,"valid_pixels":289},"geometry":{"type":"Polygon","coordinates":[[[118.7456,32.218577],[118.750904,32.218504],[118.75099,32.223012],[118.745687,32.223086],[118.7456,32.218577]]]}},{"type":"Feature","id":"g14-51","properties":{"lst_mean_c":47.96,"ndvi_mean":0.463,"green_share_pct":79.6,"hot_share_pct":51.6,"coverage_pct":100.0,"valid_pixels":289},"geometry":{"type":"Polygon","coordinates":[[[118.750904,32.218504],[118.756208,32.21843],[118.756294,32.222939],[118.75099,32.223012],[118.750904,32.218504]]]}},{"type":"Feature","id":"g15-51","properties":{"lst_mean_c":49.36,"ndvi_mean":0.379,"green_share_pct":53.7,"hot_share_pct":68.8,"coverage_pct":100.0,"valid_pixels":272},"geometry":{"type":"Polygon","coordinates":[[[118.756208,32.21843],[118.761511,32.218356],[118.761598,32.222865],[118.756294,32.222939],[118.756208,32.21843]]]}},{"type":"Feature","id":"g16-51","properties":{"lst_mean_c":49.19,"ndvi_mean":0.316,"green_share_pct":40.1,"hot_share_pct":75.8,"coverage_pct":100.0,"valid_pixels":289},"geometry":{"type":"Polygon","coordinates":[[[118.761511,32.218356],[118.766815,32.218282],[118.766902,32.222791],[118.761598,32.222865],[118.761511,32.218356]]]}},{"type":"Feature","id":"g17-51","properties":{"lst_mean_c":47.4,"ndvi_mean":0.25,"green_share_pct":24.7,"hot_share_pct":47.6,"coverage_pct":92.4,"valid_pixels":267},"geometry":{"type":"Polygon","coordinates":[[[118.766815,32.218282],[118.772118,32.218208],[118.772206,32.222717],[118.766902,32.222791],[118.766815,32.218282]]]}},{"type":"Feature","id":"g21-51","properties":{"lst_mean_c":40.11,"ndvi_mean":0.642,"green_share_pct":93.7,"hot_share_pct":3.0,"coverage_pct":98.5,"valid_pixels":268},"geometry":{"type":"Polygon","coordinates":[[[118.788029,32.217984],[118.793333,32.217909],[118.793421,32.222417],[118.788117,32.222493],[118.788029,32.217984]]]}},{"type":"Feature","id":"g22-51","properties":{"lst_mean_c":43.92,"ndvi_mean":0.494,"green_share_pct":80.8,"hot_share_pct":12.5,"coverage_pct":99.3,"valid_pixels":287},"geometry":{"type":"Polygon","coordinates":[[[118.793333,32.217909],[118.798636,32.217833],[118.798725,32.222342],[118.793421,32.222417],[118.793333,32.217909]]]}},{"type":"Feature","id":"g23-51","properties":{"lst_mean_c":46.12,"ndvi_mean":0.452,"green_share_pct":92.0,"hot_share_pct":12.5,"coverage_pct":100.0,"valid_pixels":289},"geometry":{"type":"Polygon","coordinates":[[[118.798636,32.217833],[118.803939,32.217758],[118.804029,32.222266],[118.798725,32.222342],[118.798636,32.217833]]]}},{"type":"Feature","id":"g24-51","properties":{"lst_mean_c":45.39,"ndvi_mean":0.517,"green_share_pct":94.9,"hot_share_pct":11.8,"coverage_pct":100.0,"valid_pixels":272},"geometry":{"type":"Polygon","coordinates":[[[118.803939,32.217758],[118.809243,32.217682],[118.809332,32.222191],[118.804029,32.222266],[118.803939,32.217758]]]}},{"type":"Feature","id":"g25-51","properties":{"lst_mean_c":47.18,"ndvi_mean":0.449,"green_share_pct":87.9,"hot_share_pct":29.4,"coverage_pct":100.0,"valid_pixels":289},"geometry":{"type":"Polygon","coordinates":[[[118.809243,32.217682],[118.814546,32.217606],[118.814636,32.222115],[118.809332,32.222191],[118.809243,32.217682]]]}},{"type":"Feature","id":"g26-51","properties":{"lst_mean_c":47.2,"ndvi_mean":0.378,"green_share_pct":72.3,"hot_share_pct":28.0,"coverage_pct":100.0,"valid_pixels":289},"geometry":{"type":"Polygon","coordinates":[[[118.814546,32.217606],[118.81985,32.21753],[118.81994,32.222038],[118.814636,32.222115],[118.814546,32.217606]]]}},{"type":"Feature","id":"g27-51","properties":{"lst_mean_c":46.91,"ndvi_mean":0.402,"green_share_pct":72.8,"hot_share_pct":25.4,"coverage_pct":100.0,"valid_pixels":272},"geometry":{"type":"Polygon","coordinates":[[[118.81985,32.21753],[118.825153,32.217453],[118.825243,32.221962],[118.81994,32.222038],[118.81985,32.21753]]]}},{"type":"Feature","id":"g28-51","properties":{"lst_mean_c":43.55,"ndvi_mean":0.529,"green_share_pct":90.0,"hot_share_pct":0.0,"coverage_pct":100.0,"valid_pixels":289},"geometry":{"type":"Polygon","coordinates":[[[118.825153,32.217453],[118.830456,32.217377],[118.830547,32.221885],[118.825243,32.221962],[118.825153,32.217453]]]}},{"type":"Feature","id":"g29-51","properties":{"lst_mean_c":44.16,"ndvi_mean":0.451,"green_share_pct":75.1,"hot_share_pct":6.9,"coverage_pct":100.0,"valid_pixels":289},"geometry":{"type":"Polygon","coordinates":[[[118.830456,32.217377],[118.83576,32.2173],[118.83585,32.221808],[118.830547,32.221885],[118.830456,32.217377]]]}},{"type":"Feature","id":"g30-51","properties":{"lst_mean_c":40.26,"ndvi_mean":0.504,"green_share_pct":79.8,"hot_share_pct":0.0,"coverage_pct":96.7,"valid_pixels":263},"geometry":{"type":"Polygon","coordinates":[[[118.83576,32.2173],[118.841063,32.217223],[118.841154,32.221731],[118.83585,32.221808],[118.83576,32.2173]]]}},{"type":"Feature","id":"g31-51","properties":{"lst_mean_c":35.2,"ndvi_mean":0.704,"green_share_pct":94.7,"hot_share_pct":0.0,"coverage_pct":90.7,"valid_pixels":262},"geometry":{"type":"Polygon","coordinates":[[[118.841063,32.217223],[118.846366,32.217145],[118.846458,32.221654],[118.841154,32.221731],[118.841063,32.217223]]]}},{"type":"Feature","id":"g35-51","properties":{"lst_mean_c":42.24,"ndvi_mean":0.532,"green_share_pct":73.0,"hot_share_pct":11.1,"coverage_pct":100.0,"valid_pixels":289},"geometry":{"type":"Polygon","coordinates":[[[118.862276,32.216912],[118.867579,32.216833],[118.867672,32.221342],[118.862368,32.22142],[118.862276,32.216912]]]}},{"type":"Feature","id":"g36-51","properties":{"lst_mean_c":39.84,"ndvi_mean":0.706,"green_share_pct":100.0,"hot_share_pct":0.0,"coverage_pct":100.0,"valid_pixels":272},"geometry":{"type":"Polygon","coordinates":[[[118.867579,32.216833],[118.872883,32.216755],[118.872975,32.221263],[118.867672,32.221342],[118.867579,32.216833]]]}},{"type":"Feature","id":"g37-51","properties":{"lst_mean_c":40.13,"ndvi_mean":0.712,"green_share_pct":100.0,"hot_share_pct":0.0,"coverage_pct":100.0,"valid_pixels":289},"geometry":{"type":"Polygon","coordinates":[[[118.872883,32.216755],[118.878186,32.216676],[118.878278,32.221185],[118.872975,32.221263],[118.872883,32.216755]]]}},{"type":"Feature","id":"g38-51","properties":{"lst_mean_c":38.49,"ndvi_mean":0.751,"green_share_pct":100.0,"hot_share_pct":0.0,"coverage_pct":100.0,"valid_pixels":289},"geometry":{"type":"Polygon","coordinates":[[[118.878186,32.216676],[118.883489,32.216597],[118.883582,32.221106],[118.878278,32.221185],[118.878186,32.216676]]]}},{"type":"Feature","id":"g39-51","properties":{"lst_mean_c":40.34,"ndvi_mean":0.673,"green_share_pct":100.0,"hot_share_pct":0.0,"coverage_pct":100.0,"valid_pixels":272},"geometry":{"type":"Polygon","coordinates":[[[118.883489,32.216597],[118.888792,32.216518],[118.888885,32.221026],[118.883582,32.221106],[118.883489,32.216597]]]}},{"type":"Feature","id":"g40-51","properties":{"lst_mean_c":37.48,"ndvi_mean":0.739,"green_share_pct":99.7,"hot_share_pct":0.0,"coverage_pct":99.7,"valid_pixels":288},"geometry":{"type":"Polygon","coordinates":[[[118.888792,32.216518],[118.894095,32.216439],[118.894189,32.220947],[118.888885,32.221026],[118.888792,32.216518]]]}},{"type":"Feature","id":"g41-51","properties":{"lst_mean_c":38.21,"ndvi_mean":0.743,"green_share_pct":96.2,"hot_share_pct":2.1,"coverage_pct":100.0,"valid_pixels":289},"geometry":{"type":"Polygon","coordinates":[[[118.894095,32.216439],[118.899398,32.216359],[118.899492,32.220867],[118.894189,32.220947],[118.894095,32.216439]]]}},{"type":"Feature","id":"g42-51","properties":{"lst_mean_c":40.78,"ndvi_mean":0.572,"green_share_pct":85.3,"hot_share_pct":0.0,"coverage_pct":100.0,"valid_pixels":272},"geometry":{"type":"Polygon","coordinates":[[[118.899398,32.216359],[118.904701,32.216279],[118.904795,32.220788],[118.899492,32.220867],[118.899398,32.216359]]]}},{"type":"Feature","id":"g43-51","properties":{"lst_mean_c":37.53,"ndvi_mean":0.743,"green_share_pct":100.0,"hot_share_pct":0.0,"coverage_pct":100.0,"valid_pixels":289},"geometry":{"type":"Polygon","coordinates":[[[118.904701,32.216279],[118.910004,32.216199],[118.910099,32.220708],[118.904795,32.220788],[118.904701,32.216279]]]}},{"type":"Feature","id":"g44-51","properties":{"lst_mean_c":37.17,"ndvi_mean":0.776,"green_share_pct":100.0,"hot_share_pct":0.0,"coverage_pct":100.0,"valid_pixels":289},"geometry":{"type":"Polygon","coordinates":[[[118.910004,32.216199],[118.915307,32.216119],[118.915402,32.220627],[118.910099,32.220708],[118.910004,32.216199]]]}},{"type":"Feature","id":"g45-51","properties":{"lst_mean_c":40.48,"ndvi_mean":0.694,"green_share_pct":100.0,"hot_share_pct":0.0,"coverage_pct":100.0,"valid_pixels":272},"geometry":{"type":"Polygon","coordinates":[[[118.915307,32.216119],[118.92061,32.216039],[118.920705,32.220547],[118.915402,32.220627],[118.915307,32.216119]]]}},{"type":"Feature","id":"g46-51","properties":{"lst_mean_c":39.42,"ndvi_mean":0.631,"green_share_pct":91.9,"hot_share_pct":0.0,"coverage_pct":93.8,"valid_pixels":271},"geometry":{"type":"Polygon","coordinates":[[[118.92061,32.216039],[118.925913,32.215958],[118.926008,32.220466],[118.920705,32.220547],[118.92061,32.216039]]]}},{"type":"Feature","id":"g47-51","properties":{"lst_mean_c":44.63,"ndvi_mean":0.493,"green_share_pct":84.4,"hot_share_pct":10.0,"coverage_pct":100.0,"valid_pixels":289},"geometry":{"type":"Polygon","coordinates":[[[118.925913,32.215958],[118.931216,32.215877],[118.931312,32.220385],[118.926008,32.220466],[118.925913,32.215958]]]}},{"type":"Feature","id":"g48-51","properties":{"lst_mean_c":49.61,"ndvi_mean":0.44,"green_share_pct":82.4,"hot_share_pct":67.3,"coverage_pct":100.0,"valid_pixels":272},"geometry":{"type":"Polygon","coordinates":[[[118.931216,32.215877],[118.936519,32.215796],[118.936615,32.220304],[118.931312,32.220385],[118.931216,32.215877]]]}},{"type":"Feature","id":"g49-51","properties":{"lst_mean_c":45.05,"ndvi_mean":0.556,"green_share_pct":95.8,"hot_share_pct":6.2,"coverage_pct":100.0,"valid_pixels":289},"geometry":{"type":"Polygon","coordinates":[[[118.936519,32.215796],[118.941822,32.215714],[118.941918,32.220223],[118.936615,32.220304],[118.936519,32.215796]]]}},{"type":"Feature","id":"g50-51","properties":{"lst_mean_c":43.33,"ndvi_mean":0.554,"green_share_pct":97.2,"hot_share_pct":8.0,"coverage_pct":100.0,"valid_pixels":289},"geometry":{"type":"Polygon","coordinates":[[[118.941822,32.215714],[118.947125,32.215633],[118.947221,32.220141],[118.941918,32.220223],[118.941822,32.215714]]]}},{"type":"Feature","id":"g51-51","properties":{"lst_mean_c":44.97,"ndvi_mean":0.538,"green_share_pct":82.4,"hot_share_pct":11.0,"coverage_pct":100.0,"valid_pixels":272},"geometry":{"type":"Polygon","coordinates":[[[118.947125,32.215633],[118.952428,32.215551],[118.952524,32.220059],[118.947221,32.220141],[118.947125,32.215633]]]}},{"type":"Feature","id":"g52-51","properties":{"lst_mean_c":45.16,"ndvi_mean":0.462,"green_share_pct":68.4,"hot_share_pct":6.6,"coverage_pct":100.0,"valid_pixels":136},"geometry":{"type":"Polygon","coordinates":[[[118.952428,32.215551],[118.957731,32.215469],[118.957827,32.219977],[118.952524,32.220059],[118.952428,32.215551]]]}}]}